0,3,6,9,12|1|-7,-4,-1|0-3=1,0-9=1,0-12=1,3-6=1,3-12=1,6-9=1,9-12=1
0,3,6,9,40|1|-41,-4,-1|0-3=1,0-9=1,0-40=1,3-6=1,6-9=1,6-40=1,9-40=1
0,3,6,37,40|1|-41,-38,-1|0-3=1,0-40=1,3-6=1,3-37=1,6-37=1,6-40=1,37-40=1
0,3,34,37,40|1|-41,-38,-35|0-3=1,0-34=1,0-40=1,3-34=1,3-37=1,34-37=1,37-40=1
0,4,11,15,22|0|66|0-4=0,0-11=0,0-15=0,4-11=0,4-15=0,4-22=0,11-15=0,11-22=0,15-22=0
0,4,11,15,36|0|59|0-4=0,0-11=0,0-15=0,0-36=0,4-11=0,4-15=0,4-36=0,11-15=0,11-36=0
0,4,11,22,27|0|66|0-4=0,0-11=0,0-27=0,4-11=0,4-22=0,4-27=0,11-22=0,11-27=0,22-27=0
0,4,11,27,32|0|55|0-4=0,0-11=0,0-27=0,0-32=0,4-11=0,4-27=0,4-32=0,11-27=0,27-32=0
0,4,11,32,36|0|55|0-4=0,0-11=0,0-32=0,0-36=0,4-11=0,4-32=0,4-36=0,11-36=0,32-36=0
0,4,15,20,36|0|59|0-4=0,0-15=0,0-20=0,0-36=0,4-15=0,4-20=0,4-36=0,15-20=0,20-36=0
0,4,15,22,28|0|23,66|0-4=0,0-15=0,0-28=0,4-15=0,4-22=0,4-28=0,15-22=0,15-28=0
0,4,19,25,32|0|20,48|0-4=0,0-19=0,0-25=0,0-32=0,4-19=0,4-32=0,19-32=0,25-32=0
0,4,20,25,36|0|48|0-4=0,0-20=0,0-25=0,0-36=0,4-20=0,4-36=0,20-25=0,20-36=0,25-36=0
0,4,25,32,36|0|48|0-4=0,0-25=0,0-32=0,0-36=0,4-32=0,4-36=0,25-32=0,25-36=0,32-36=0
0,5,11,16,27|0|6,71|0-5=0,0-11=0,0-16=0,0-27=0,5-16=0,11-16=0,11-27=0,16-27=0
0,5,11,16,32|0|6,55|0-5=0,0-11=0,0-16=0,0-32=0,5-16=0,5-32=0,11-16=0,16-32=0
0,5,11,18,24|0|6,19|0-5=0,0-11=0,0-18=0,0-24=0,5-18=0,5-24=0,11-18=0,11-24=0
0,5,11,24,30|0|6,25|0-5=0,0-11=0,0-24=0,0-30=0,5-24=0,5-30=0,11-24=0,11-30=0
0,5,11,27,32|0|6,55,71|0-5=0,0-11=0,0-27=0,0-32=0,5-32=0,11-27=0,27-32=0
0,5,16,20,27|0|71|0-5=0,0-16=0,0-20=0,0-27=0,5-16=0,5-20=0,16-20=0,16-27=0,20-27=0
0,5,16,21,27|0|22,44,71|0-5=0,0-16=0,0-27=0,5-16=0,5-21=0,16-21=0,16-27=0
0,5,16,21,32|0|44|0-5=0,0-16=0,0-32=0,5-16=0,5-21=0,5-32=0,16-21=0,16-32=0,21-32=0
0,5,16,21,37|0|38,44,60|0-5=0,0-16=0,5-16=0,5-21=0,5-37=0,16-21=0,21-37=0
0,5,16,23,27|0|71|0-5=0,0-16=0,0-23=0,0-27=0,5-16=0,5-23=0,16-23=0,16-27=0,23-27=0
0,5,16,27,32|0|71|0-5=0,0-16=0,0-27=0,0-32=0,5-16=0,5-32=0,16-27=0,16-32=0,27-32=0
0,5,16,32,37|0|38,60|0-5=0,0-16=0,0-32=0,5-16=0,5-32=0,5-37=0,16-32=0,32-37=0
0,5,18,24,37|0|19,38|0-5=0,0-18=0,0-24=0,5-18=0,5-24=0,5-37=0,18-37=0,24-37=0
0,5,21,25,32|0|44|0-5=0,0-25=0,0-32=0,5-21=0,5-25=0,5-32=0,21-25=0,21-32=0,25-32=0
0,5,21,27,32|0|22,44,71|0-5=0,0-27=0,0-32=0,5-21=0,5-32=0,21-32=0,27-32=0
0,5,21,28,32|0|44|0-5=0,0-28=0,0-32=0,5-21=0,5-28=0,5-32=0,21-28=0,21-32=0,28-32=0
0,5,21,32,37|0|38,44|0-5=0,0-32=0,5-21=0,5-32=0,5-37=0,21-32=0,21-37=0,32-37=0
0,5,24,30,37|0|25,38|0-5=0,0-24=0,0-30=0,5-24=0,5-30=0,5-37=0,24-37=0,30-37=0
0,6,11,22,27|0|1,50,66|0-11=0,0-27=0,6-11=0,6-22=0,11-22=0,11-27=0,22-27=0
0,6,11,22,38|0|1,66|0-11=0,0-38=0,6-11=0,6-22=0,6-38=0,11-22=0,11-38=0,22-38=0
0,6,11,24,30|0|1,25|0-11=0,0-24=0,0-30=0,6-11=0,6-24=0,6-30=0,11-24=0,11-30=0
0,6,11,27,38|0|1,50|0-11=0,0-27=0,0-38=0,6-11=0,6-38=0,11-27=0,11-38=0,27-38=0
0,6,11,30,36|0|1,31|0-11=0,0-30=0,0-36=0,6-11=0,6-30=0,6-36=0,11-30=0,11-36=0
0,6,13,19,24|0|1,14|0-13=0,0-19=0,0-24=0,6-13=0,6-19=0,6-24=0,13-24=0,19-24=0
0,6,13,19,38|0|1,14|0-13=0,0-19=0,0-38=0,6-13=0,6-19=0,6-38=0,13-38=0,19-38=0
0,6,13,24,28|0|1,72|0-13=0,0-24=0,0-28=0,6-13=0,6-24=0,13-24=0,13-28=0,24-28=0
0,6,19,24,30|0|1,25|0-19=0,0-24=0,0-30=0,6-19=0,6-24=0,6-30=0,19-24=0,19-30=0
0,6,19,25,30|0|1,20|0-19=0,0-25=0,0-30=0,6-19=0,6-25=0,6-30=0,19-30=0,25-30=0
0,6,19,25,38|0|1,20|0-19=0,0-25=0,0-38=0,6-19=0,6-25=0,6-38=0,19-38=0,25-38=0
0,6,21,25,36|0|1,44|0-25=0,0-36=0,6-21=0,6-25=0,6-36=0,21-25=0,21-36=0,25-36=0
0,6,22,27,38|0|1,50,66|0-27=0,0-38=0,6-22=0,6-38=0,22-27=0,22-38=0,27-38=0
0,6,25,30,36|0|1,31|0-25=0,0-30=0,0-36=0,6-25=0,6-30=0,6-36=0,25-30=0,25-36=0
0,7,11,18,22|0|66|0-7=0,0-11=0,0-18=0,7-11=0,7-18=0,7-22=0,11-18=0,11-22=0,18-22=0
0,7,11,18,39|0|62|0-7=0,0-11=0,0-18=0,0-39=0,7-11=0,7-18=0,7-39=0,11-18=0,11-39=0
0,7,11,22,27|0|66|0-7=0,0-11=0,0-27=0,7-11=0,7-22=0,7-27=0,11-22=0,11-27=0,22-27=0
0,7,11,27,32|0|55|0-7=0,0-11=0,0-27=0,0-32=0,7-11=0,7-27=0,7-32=0,11-27=0,27-32=0
0,7,11,32,39|0|55|0-7=0,0-11=0,0-32=0,0-39=0,7-11=0,7-32=0,7-39=0,11-39=0,32-39=0
0,7,13,18,37|0|8,38|0-7=0,0-13=0,0-18=0,7-18=0,7-37=0,13-18=0,13-37=0,18-37=0
0,7,13,28,32|0|8,51|0-7=0,0-13=0,0-28=0,0-32=0,7-32=0,13-28=0,13-32=0,28-32=0
0,7,13,32,37|0|8,38|0-7=0,0-13=0,0-32=0,7-32=0,7-37=0,13-32=0,13-37=0,32-37=0
0,7,18,22,37|0|38,66|0-7=0,0-18=0,7-18=0,7-22=0,7-37=0,18-22=0,18-37=0,22-37=0
0,7,18,23,39|0|62|0-7=0,0-18=0,0-23=0,0-39=0,7-18=0,7-23=0,7-39=0,18-23=0,23-39=0
0,7,23,28,39|0|51|0-7=0,0-23=0,0-28=0,0-39=0,7-23=0,7-39=0,23-28=0,23-39=0,28-39=0
0,7,28,32,39|0|51|0-7=0,0-28=0,0-32=0,0-39=0,7-32=0,7-39=0,28-32=0,28-39=0,32-39=0
0,11,15,22,38|0|66|0-11=0,0-15=0,0-38=0,11-15=0,11-22=0,11-38=0,15-22=0,15-38=0,22-38=0
0,11,15,30,36|0|31,59|0-11=0,0-15=0,0-30=0,0-36=0,11-15=0,11-30=0,11-36=0,15-30=0
0,11,16,22,27|0|17,66|0-11=0,0-16=0,0-27=0,11-16=0,11-22=0,11-27=0,16-27=0,22-27=0
0,11,16,22,38|0|17,66,82|0-11=0,0-16=0,0-38=0,11-16=0,11-22=0,11-38=0,22-38=0
0,11,16,27,32|0|55|0-11=0,0-16=0,0-27=0,0-32=0,11-16=0,11-27=0,16-27=0,16-32=0,27-32=0
0,11,16,27,38|0|82|0-11=0,0-16=0,0-27=0,0-38=0,11-16=0,11-27=0,11-38=0,16-27=0,27-38=0
0,11,16,32,36|0|55|0-11=0,0-16=0,0-32=0,0-36=0,11-16=0,11-36=0,16-32=0,16-36=0,32-36=0
0,11,16,32,38|0|33,55,82|0-11=0,0-16=0,0-32=0,0-38=0,11-16=0,11-38=0,16-32=0
0,11,16,32,39|0|55|0-11=0,0-16=0,0-32=0,0-39=0,11-16=0,11-39=0,16-32=0,16-39=0,32-39=0
0,11,18,22,38|0|66|0-11=0,0-18=0,0-38=0,11-18=0,11-22=0,11-38=0,18-22=0,18-38=0,22-38=0
0,11,18,24,39|0|19,62|0-11=0,0-18=0,0-24=0,0-39=0,11-18=0,11-24=0,11-39=0,24-39=0
0,11,22,27,38|0|66|0-11=0,0-27=0,0-38=0,11-22=0,11-27=0,11-38=0,22-27=0,22-38=0,27-38=0
0,11,27,32,38|0|33,55|0-11=0,0-27=0,0-32=0,0-38=0,11-27=0,11-38=0,27-32=0,27-38=0
0,13,18,24,37|0|19,38|0-13=0,0-18=0,0-24=0,13-18=0,13-24=0,13-37=0,18-37=0,24-37=0
0,13,19,24,37|0|14,38|0-13=0,0-19=0,0-24=0,13-24=0,13-37=0,19-24=0,19-37=0,24-37=0
0,13,19,32,37|0|14,38|0-13=0,0-19=0,0-32=0,13-32=0,13-37=0,19-32=0,19-37=0,32-37=0
0,13,19,32,38|0|14,33|0-13=0,0-19=0,0-32=0,0-38=0,13-32=0,13-38=0,19-32=0,19-38=0
0,15,19,30,37|0|38,81|0-15=0,0-19=0,0-30=0,15-19=0,15-30=0,19-30=0,19-37=0,30-37=0
0,15,21,28,39|0|16,44|0-15=0,0-28=0,0-39=0,15-28=0,15-39=0,21-28=0,21-39=0,28-39=0
0,16,20,27,38|0|82|0-16=0,0-20=0,0-27=0,0-38=0,16-20=0,16-27=0,20-27=0,20-38=0,27-38=0
0,16,21,27,32|0|22,44|0-16=0,0-27=0,0-32=0,16-21=0,16-27=0,16-32=0,21-32=0,27-32=0
0,16,21,32,36|0|44|0-16=0,0-32=0,0-36=0,16-21=0,16-32=0,16-36=0,21-32=0,21-36=0,32-36=0
0,16,21,32,37|0|38,44,60|0-16=0,0-32=0,16-21=0,16-32=0,21-32=0,21-37=0,32-37=0
0,16,21,32,39|0|44|0-16=0,0-32=0,0-39=0,16-21=0,16-32=0,16-39=0,21-32=0,21-39=0,32-39=0
0,16,22,27,38|0|17,66,82|0-16=0,0-27=0,0-38=0,16-27=0,22-27=0,22-38=0,27-38=0
0,16,23,27,38|0|82|0-16=0,0-23=0,0-27=0,0-38=0,16-23=0,16-27=0,23-27=0,23-38=0,27-38=0
0,16,27,32,38|0|33,82|0-16=0,0-27=0,0-32=0,0-38=0,16-27=0,16-32=0,27-32=0,27-38=0
0,19,24,30,37|0|25,38|0-19=0,0-24=0,0-30=0,19-24=0,19-30=0,19-37=0,24-37=0,30-37=0
0,19,25,32,38|0|20,33|0-19=0,0-25=0,0-32=0,0-38=0,19-32=0,19-38=0,25-32=0,25-38=0
0,21,25,32,36|0|44|0-25=0,0-32=0,0-36=0,21-25=0,21-32=0,21-36=0,25-32=0,25-36=0,32-36=0
0,21,28,32,39|0|44|0-28=0,0-32=0,0-39=0,21-28=0,21-32=0,21-39=0,28-32=0,28-39=0,32-39=0
0,31,34,37,40|1|-38,-35,-32|0-31=1,0-34=1,0-40=1,31-34=1,31-40=1,34-37=1,37-40=1
1,4,7,10,13|1|-8,-5,-2|1-4=1,1-10=1,1-13=1,4-7=1,4-13=1,7-10=1,10-13=1
1,4,7,10,41|1|-42,-5,-2|1-4=1,1-10=1,1-41=1,4-7=1,7-10=1,7-41=1,10-41=1
1,4,7,38,41|1|-42,-39,-2|1-4=1,1-41=1,4-7=1,4-38=1,7-38=1,7-41=1,38-41=1
1,4,35,38,41|1|-42,-39,-36|1-4=1,1-35=1,1-41=1,4-35=1,4-38=1,35-38=1,38-41=1
1,5,12,16,23|0|67|1-5=0,1-12=0,1-16=0,5-12=0,5-16=0,5-23=0,12-16=0,12-23=0,16-23=0
1,5,12,16,37|0|60|1-5=0,1-12=0,1-16=0,1-37=0,5-12=0,5-16=0,5-37=0,12-16=0,12-37=0
1,5,12,23,28|0|67|1-5=0,1-12=0,1-28=0,5-12=0,5-23=0,5-28=0,12-23=0,12-28=0,23-28=0
1,5,12,28,33|0|56|1-5=0,1-12=0,1-28=0,1-33=0,5-12=0,5-28=0,5-33=0,12-28=0,28-33=0
1,5,12,33,37|0|56|1-5=0,1-12=0,1-33=0,1-37=0,5-12=0,5-33=0,5-37=0,12-37=0,33-37=0
1,5,16,21,37|0|60|1-5=0,1-16=0,1-21=0,1-37=0,5-16=0,5-21=0,5-37=0,16-21=0,21-37=0
1,5,16,23,29|0|24,67|1-5=0,1-16=0,1-29=0,5-16=0,5-23=0,5-29=0,16-23=0,16-29=0
1,5,20,26,33|0|21,49|1-5=0,1-20=0,1-26=0,1-33=0,5-20=0,5-33=0,20-33=0,26-33=0
1,5,21,26,37|0|49|1-5=0,1-21=0,1-26=0,1-37=0,5-21=0,5-37=0,21-26=0,21-37=0,26-37=0
1,5,26,33,37|0|49|1-5=0,1-26=0,1-33=0,1-37=0,5-33=0,5-37=0,26-33=0,26-37=0,33-37=0
1,6,12,17,28|0|7,72|1-6=0,1-12=0,1-17=0,1-28=0,6-17=0,12-17=0,12-28=0,17-28=0
1,6,12,17,33|0|7,56|1-6=0,1-12=0,1-17=0,1-33=0,6-17=0,6-33=0,12-17=0,17-33=0
1,6,12,19,25|0|7,20|1-6=0,1-12=0,1-19=0,1-25=0,6-19=0,6-25=0,12-19=0,12-25=0
1,6,12,25,31|0|7,26|1-6=0,1-12=0,1-25=0,1-31=0,6-25=0,6-31=0,12-25=0,12-31=0
1,6,12,28,33|0|7,56,72|1-6=0,1-12=0,1-28=0,1-33=0,6-33=0,12-28=0,28-33=0
1,6,17,21,28|0|72|1-6=0,1-17=0,1-21=0,1-28=0,6-17=0,6-21=0,17-21=0,17-28=0,21-28=0
1,6,17,22,28|0|23,45,72|1-6=0,1-17=0,1-28=0,6-17=0,6-22=0,17-22=0,17-28=0
1,6,17,22,33|0|45|1-6=0,1-17=0,1-33=0,6-17=0,6-22=0,6-33=0,17-22=0,17-33=0,22-33=0
1,6,17,22,38|0|39,45,61|1-6=0,1-17=0,6-17=0,6-22=0,6-38=0,17-22=0,22-38=0
1,6,17,24,28|0|72|1-6=0,1-17=0,1-24=0,1-28=0,6-17=0,6-24=0,17-24=0,17-28=0,24-28=0
1,6,17,28,33|0|72|1-6=0,1-17=0,1-28=0,1-33=0,6-17=0,6-33=0,17-28=0,17-33=0,28-33=0
1,6,17,33,38|0|39,61|1-6=0,1-17=0,1-33=0,6-17=0,6-33=0,6-38=0,17-33=0,33-38=0
1,6,19,25,38|0|20,39|1-6=0,1-19=0,1-25=0,6-19=0,6-25=0,6-38=0,19-38=0,25-38=0
1,6,22,26,33|0|45|1-6=0,1-26=0,1-33=0,6-22=0,6-26=0,6-33=0,22-26=0,22-33=0,26-33=0
1,6,22,28,33|0|23,45,72|1-6=0,1-28=0,1-33=0,6-22=0,6-33=0,22-33=0,28-33=0
1,6,22,29,33|0|45|1-6=0,1-29=0,1-33=0,6-22=0,6-29=0,6-33=0,22-29=0,22-33=0,29-33=0
1,6,22,33,38|0|39,45|1-6=0,1-33=0,6-22=0,6-33=0,6-38=0,22-33=0,22-38=0,33-38=0
1,6,25,31,38|0|26,39|1-6=0,1-25=0,1-31=0,6-25=0,6-31=0,6-38=0,25-38=0,31-38=0
1,7,12,23,28|0|2,51,67|1-12=0,1-28=0,7-12=0,7-23=0,12-23=0,12-28=0,23-28=0
1,7,12,23,39|0|2,67|1-12=0,1-39=0,7-12=0,7-23=0,7-39=0,12-23=0,12-39=0,23-39=0
1,7,12,25,31|0|2,26|1-12=0,1-25=0,1-31=0,7-12=0,7-25=0,7-31=0,12-25=0,12-31=0
1,7,12,28,39|0|2,51|1-12=0,1-28=0,1-39=0,7-12=0,7-39=0,12-28=0,12-39=0,28-39=0
1,7,12,31,37|0|2,32|1-12=0,1-31=0,1-37=0,7-12=0,7-31=0,7-37=0,12-31=0,12-37=0
1,7,14,20,25|0|2,15|1-14=0,1-20=0,1-25=0,7-14=0,7-20=0,7-25=0,14-25=0,20-25=0
1,7,14,20,39|0|2,15|1-14=0,1-20=0,1-39=0,7-14=0,7-20=0,7-39=0,14-39=0,20-39=0
1,7,14,25,29|0|2,73|1-14=0,1-25=0,1-29=0,7-14=0,7-25=0,14-25=0,14-29=0,25-29=0
1,7,20,25,31|0|2,26|1-20=0,1-25=0,1-31=0,7-20=0,7-25=0,7-31=0,20-25=0,20-31=0
1,7,20,26,31|0|2,21|1-20=0,1-26=0,1-31=0,7-20=0,7-26=0,7-31=0,20-31=0,26-31=0
1,7,20,26,39|0|2,21|1-20=0,1-26=0,1-39=0,7-20=0,7-26=0,7-39=0,20-39=0,26-39=0
1,7,22,26,37|0|2,45|1-26=0,1-37=0,7-22=0,7-26=0,7-37=0,22-26=0,22-37=0,26-37=0
1,7,23,28,39|0|2,51,67|1-28=0,1-39=0,7-23=0,7-39=0,23-28=0,23-39=0,28-39=0
1,7,26,31,37|0|2,32|1-26=0,1-31=0,1-37=0,7-26=0,7-31=0,7-37=0,26-31=0,26-37=0
1,8,12,19,23|0|67|1-8=0,1-12=0,1-19=0,8-12=0,8-19=0,8-23=0,12-19=0,12-23=0,19-23=0
1,8,12,19,40|0|63|1-8=0,1-12=0,1-19=0,1-40=0,8-12=0,8-19=0,8-40=0,12-19=0,12-40=0
1,8,12,23,28|0|67|1-8=0,1-12=0,1-28=0,8-12=0,8-23=0,8-28=0,12-23=0,12-28=0,23-28=0
1,8,12,28,33|0|56|1-8=0,1-12=0,1-28=0,1-33=0,8-12=0,8-28=0,8-33=0,12-28=0,28-33=0
1,8,12,33,40|0|56|1-8=0,1-12=0,1-33=0,1-40=0,8-12=0,8-33=0,8-40=0,12-40=0,33-40=0
1,8,14,19,38|0|9,39|1-8=0,1-14=0,1-19=0,8-19=0,8-38=0,14-19=0,14-38=0,19-38=0
1,8,14,29,33|0|9,52|1-8=0,1-14=0,1-29=0,1-33=0,8-33=0,14-29=0,14-33=0,29-33=0
1,8,14,33,38|0|9,39|1-8=0,1-14=0,1-33=0,8-33=0,8-38=0,14-33=0,14-38=0,33-38=0
1,8,19,23,38|0|39,67|1-8=0,1-19=0,8-19=0,8-23=0,8-38=0,19-23=0,19-38=0,23-38=0
1,8,19,24,40|0|63|1-8=0,1-19=0,1-24=0,1-40=0,8-19=0,8-24=0,8-40=0,19-24=0,24-40=0
1,8,24,29,40|0|52|1-8=0,1-24=0,1-29=0,1-40=0,8-24=0,8-40=0,24-29=0,24-40=0,29-40=0
1,8,29,33,40|0|52|1-8=0,1-29=0,1-33=0,1-40=0,8-33=0,8-40=0,29-33=0,29-40=0,33-40=0
1,12,16,23,39|0|67|1-12=0,1-16=0,1-39=0,12-16=0,12-23=0,12-39=0,16-23=0,16-39=0,23-39=0
1,12,16,31,37|0|32,60|1-12=0,1-16=0,1-31=0,1-37=0,12-16=0,12-31=0,12-37=0,16-31=0
1,12,17,23,28|0|18,67|1-12=0,1-17=0,1-28=0,12-17=0,12-23=0,12-28=0,17-28=0,23-28=0
1,12,17,23,39|0|18,67,83|1-12=0,1-17=0,1-39=0,12-17=0,12-23=0,12-39=0,23-39=0
1,12,17,28,33|0|56|1-12=0,1-17=0,1-28=0,1-33=0,12-17=0,12-28=0,17-28=0,17-33=0,28-33=0
1,12,17,28,39|0|83|1-12=0,1-17=0,1-28=0,1-39=0,12-17=0,12-28=0,12-39=0,17-28=0,28-39=0
1,12,17,33,37|0|56|1-12=0,1-17=0,1-33=0,1-37=0,12-17=0,12-37=0,17-33=0,17-37=0,33-37=0
1,12,17,33,39|0|34,56,83|1-12=0,1-17=0,1-33=0,1-39=0,12-17=0,12-39=0,17-33=0
1,12,17,33,40|0|56|1-12=0,1-17=0,1-33=0,1-40=0,12-17=0,12-40=0,17-33=0,17-40=0,33-40=0
1,12,19,23,39|0|67|1-12=0,1-19=0,1-39=0,12-19=0,12-23=0,12-39=0,19-23=0,19-39=0,23-39=0
1,12,19,25,40|0|20,63|1-12=0,1-19=0,1-25=0,1-40=0,12-19=0,12-25=0,12-40=0,25-40=0
1,12,23,28,39|0|67|1-12=0,1-28=0,1-39=0,12-23=0,12-28=0,12-39=0,23-28=0,23-39=0,28-39=0
1,12,28,33,39|0|34,56|1-12=0,1-28=0,1-33=0,1-39=0,12-28=0,12-39=0,28-33=0,28-39=0
1,14,19,25,38|0|20,39|1-14=0,1-19=0,1-25=0,14-19=0,14-25=0,14-38=0,19-38=0,25-38=0
1,14,20,25,38|0|15,39|1-14=0,1-20=0,1-25=0,14-25=0,14-38=0,20-25=0,20-38=0,25-38=0
1,14,20,33,38|0|15,39|1-14=0,1-20=0,1-33=0,14-33=0,14-38=0,20-33=0,20-38=0,33-38=0
1,14,20,33,39|0|15,34|1-14=0,1-20=0,1-33=0,1-39=0,14-33=0,14-39=0,20-33=0,20-39=0
1,16,20,31,38|0|39,82|1-16=0,1-20=0,1-31=0,16-20=0,16-31=0,20-31=0,20-38=0,31-38=0
1,16,22,29,40|0|17,45|1-16=0,1-29=0,1-40=0,16-29=0,16-40=0,22-29=0,22-40=0,29-40=0
1,17,21,28,39|0|83|1-17=0,1-21=0,1-28=0,1-39=0,17-21=0,17-28=0,21-28=0,21-39=0,28-39=0
1,17,22,28,33|0|23,45|1-17=0,1-28=0,1-33=0,17-22=0,17-28=0,17-33=0,22-33=0,28-33=0
1,17,22,33,37|0|45|1-17=0,1-33=0,1-37=0,17-22=0,17-33=0,17-37=0,22-33=0,22-37=0,33-37=0
1,17,22,33,38|0|39,45,61|1-17=0,1-33=0,17-22=0,17-33=0,22-33=0,22-38=0,33-38=0
1,17,22,33,40|0|45|1-17=0,1-33=0,1-40=0,17-22=0,17-33=0,17-40=0,22-33=0,22-40=0,33-40=0
1,17,23,28,39|0|18,67,83|1-17=0,1-28=0,1-39=0,17-28=0,23-28=0,23-39=0,28-39=0
1,17,24,28,39|0|83|1-17=0,1-24=0,1-28=0,1-39=0,17-24=0,17-28=0,24-28=0,24-39=0,28-39=0
1,17,28,33,39|0|34,83|1-17=0,1-28=0,1-33=0,1-39=0,17-28=0,17-33=0,28-33=0,28-39=0
1,20,25,31,38|0|26,39|1-20=0,1-25=0,1-31=0,20-25=0,20-31=0,20-38=0,25-38=0,31-38=0
1,20,26,33,39|0|21,34|1-20=0,1-26=0,1-33=0,1-39=0,20-33=0,20-39=0,26-33=0,26-39=0
1,22,26,33,37|0|45|1-26=0,1-33=0,1-37=0,22-26=0,22-33=0,22-37=0,26-33=0,26-37=0,33-37=0
1,22,29,33,40|0|45|1-29=0,1-33=0,1-40=0,22-29=0,22-33=0,22-40=0,29-33=0,29-40=0,33-40=0
1,32,35,38,41|1|-39,-36,-33|1-32=1,1-35=1,1-41=1,32-35=1,32-41=1,35-38=1,38-41=1
2,5,8,11,14|1|-9,-6,-3|2-5=1,2-11=1,2-14=1,5-8=1,5-14=1,8-11=1,11-14=1
2,5,8,11,42|1|-43,-6,-3|2-5=1,2-11=1,2-42=1,5-8=1,8-11=1,8-42=1,11-42=1
2,5,8,39,42|1|-43,-40,-3|2-5=1,2-42=1,5-8=1,5-39=1,8-39=1,8-42=1,39-42=1
2,5,36,39,42|1|-43,-40,-37|2-5=1,2-36=1,2-42=1,5-36=1,5-39=1,36-39=1,39-42=1
2,6,13,17,24|0|68|2-6=0,2-13=0,2-17=0,6-13=0,6-17=0,6-24=0,13-17=0,13-24=0,17-24=0
2,6,13,17,38|0|61|2-6=0,2-13=0,2-17=0,2-38=0,6-13=0,6-17=0,6-38=0,13-17=0,13-38=0
2,6,13,24,29|0|68|2-6=0,2-13=0,2-29=0,6-13=0,6-24=0,6-29=0,13-24=0,13-29=0,24-29=0
2,6,13,29,34|0|57|2-6=0,2-13=0,2-29=0,2-34=0,6-13=0,6-29=0,6-34=0,13-29=0,29-34=0
2,6,13,34,38|0|57|2-6=0,2-13=0,2-34=0,2-38=0,6-13=0,6-34=0,6-38=0,13-38=0,34-38=0
2,6,17,22,38|0|61|2-6=0,2-17=0,2-22=0,2-38=0,6-17=0,6-22=0,6-38=0,17-22=0,22-38=0
2,6,17,24,30|0|25,68|2-6=0,2-17=0,2-30=0,6-17=0,6-24=0,6-30=0,17-24=0,17-30=0
2,6,21,27,34|0|22,50|2-6=0,2-21=0,2-27=0,2-34=0,6-21=0,6-34=0,21-34=0,27-34=0
2,6,22,27,38|0|50|2-6=0,2-22=0,2-27=0,2-38=0,6-22=0,6-38=0,22-27=0,22-38=0,27-38=0
2,6,27,34,38|0|50|2-6=0,2-27=0,2-34=0,2-38=0,6-34=0,6-38=0,27-34=0,27-38=0,34-38=0
2,7,13,18,29|0|8,73|2-7=0,2-13=0,2-18=0,2-29=0,7-18=0,13-18=0,13-29=0,18-29=0
2,7,13,18,34|0|8,57|2-7=0,2-13=0,2-18=0,2-34=0,7-18=0,7-34=0,13-18=0,18-34=0
2,7,13,20,26|0|8,21|2-7=0,2-13=0,2-20=0,2-26=0,7-20=0,7-26=0,13-20=0,13-26=0
2,7,13,26,32|0|8,27|2-7=0,2-13=0,2-26=0,2-32=0,7-26=0,7-32=0,13-26=0,13-32=0
2,7,13,29,34|0|8,57,73|2-7=0,2-13=0,2-29=0,2-34=0,7-34=0,13-29=0,29-34=0
2,7,18,22,29|0|73|2-7=0,2-18=0,2-22=0,2-29=0,7-18=0,7-22=0,18-22=0,18-29=0,22-29=0
2,7,18,23,29|0|24,46,73|2-7=0,2-18=0,2-29=0,7-18=0,7-23=0,18-23=0,18-29=0
2,7,18,23,34|0|46|2-7=0,2-18=0,2-34=0,7-18=0,7-23=0,7-34=0,18-23=0,18-34=0,23-34=0
2,7,18,23,39|0|40,46,62|2-7=0,2-18=0,7-18=0,7-23=0,7-39=0,18-23=0,23-39=0
2,7,18,25,29|0|73|2-7=0,2-18=0,2-25=0,2-29=0,7-18=0,7-25=0,18-25=0,18-29=0,25-29=0
2,7,18,29,34|0|73|2-7=0,2-18=0,2-29=0,2-34=0,7-18=0,7-34=0,18-29=0,18-34=0,29-34=0
2,7,18,34,39|0|40,62|2-7=0,2-18=0,2-34=0,7-18=0,7-34=0,7-39=0,18-34=0,34-39=0
2,7,20,26,39|0|21,40|2-7=0,2-20=0,2-26=0,7-20=0,7-26=0,7-39=0,20-39=0,26-39=0
2,7,23,27,34|0|46|2-7=0,2-27=0,2-34=0,7-23=0,7-27=0,7-34=0,23-27=0,23-34=0,27-34=0
2,7,23,29,34|0|24,46,73|2-7=0,2-29=0,2-34=0,7-23=0,7-34=0,23-34=0,29-34=0
2,7,23,30,34|0|46|2-7=0,2-30=0,2-34=0,7-23=0,7-30=0,7-34=0,23-30=0,23-34=0,30-34=0
2,7,23,34,39|0|40,46|2-7=0,2-34=0,7-23=0,7-34=0,7-39=0,23-34=0,23-39=0,34-39=0
2,7,26,32,39|0|27,40|2-7=0,2-26=0,2-32=0,7-26=0,7-32=0,7-39=0,26-39=0,32-39=0
2,8,13,24,29|0|3,52,68|2-13=0,2-29=0,8-13=0,8-24=0,13-24=0,13-29=0,24-29=0
2,8,13,24,40|0|3,68|2-13=0,2-40=0,8-13=0,8-24=0,8-40=0,13-24=0,13-40=0,24-40=0
2,8,13,26,32|0|3,27|2-13=0,2-26=0,2-32=0,8-13=0,8-26=0,8-32=0,13-26=0,13-32=0
2,8,13,29,40|0|3,52|2-13=0,2-29=0,2-40=0,8-13=0,8-40=0,13-29=0,13-40=0,29-40=0
2,8,13,32,38|0|3,33|2-13=0,2-32=0,2-38=0,8-13=0,8-32=0,8-38=0,13-32=0,13-38=0
2,8,15,21,26|0|3,16|2-15=0,2-21=0,2-26=0,8-15=0,8-21=0,8-26=0,15-26=0,21-26=0
2,8,15,21,40|0|3,16|2-15=0,2-21=0,2-40=0,8-15=0,8-21=0,8-40=0,15-40=0,21-40=0
2,8,15,26,30|0|3,74|2-15=0,2-26=0,2-30=0,8-15=0,8-26=0,15-26=0,15-30=0,26-30=0
2,8,21,26,32|0|3,27|2-21=0,2-26=0,2-32=0,8-21=0,8-26=0,8-32=0,21-26=0,21-32=0
2,8,21,27,32|0|3,22|2-21=0,2-27=0,2-32=0,8-21=0,8-27=0,8-32=0,21-32=0,27-32=0
2,8,21,27,40|0|3,22|2-21=0,2-27=0,2-40=0,8-21=0,8-27=0,8-40=0,21-40=0,27-40=0
2,8,23,27,38|0|3,46|2-27=0,2-38=0,8-23=0,8-27=0,8-38=0,23-27=0,23-38=0,27-38=0
2,8,24,29,40|0|3,52,68|2-29=0,2-40=0,8-24=0,8-40=0,24-29=0,24-40=0,29-40=0
2,8,27,32,38|0|3,33|2-27=0,2-32=0,2-38=0,8-27=0,8-32=0,8-38=0,27-32=0,27-38=0
2,9,13,20,24|0|68|2-9=0,2-13=0,2-20=0,9-13=0,9-20=0,9-24=0,13-20=0,13-24=0,20-24=0
2,9,13,20,41|0|64|2-9=0,2-13=0,2-20=0,2-41=0,9-13=0,9-20=0,9-41=0,13-20=0,13-41=0
2,9,13,24,29|0|68|2-9=0,2-13=0,2-29=0,9-13=0,9-24=0,9-29=0,13-24=0,13-29=0,24-29=0
2,9,13,29,34|0|57|2-9=0,2-13=0,2-29=0,2-34=0,9-13=0,9-29=0,9-34=0,13-29=0,29-34=0
2,9,13,34,41|0|57|2-9=0,2-13=0,2-34=0,2-41=0,9-13=0,9-34=0,9-41=0,13-41=0,34-41=0
2,9,15,20,39|0|10,40|2-9=0,2-15=0,2-20=0,9-20=0,9-39=0,15-20=0,15-39=0,20-39=0
2,9,15,30,34|0|10,53|2-9=0,2-15=0,2-30=0,2-34=0,9-34=0,15-30=0,15-34=0,30-34=0
2,9,15,34,39|0|10,40|2-9=0,2-15=0,2-34=0,9-34=0,9-39=0,15-34=0,15-39=0,34-39=0
2,9,20,24,39|0|40,68|2-9=0,2-20=0,9-20=0,9-24=0,9-39=0,20-24=0,20-39=0,24-39=0
2,9,20,25,41|0|64|2-9=0,2-20=0,2-25=0,2-41=0,9-20=0,9-25=0,9-41=0,20-25=0,25-41=0
2,9,25,30,41|0|53|2-9=0,2-25=0,2-30=0,2-41=0,9-25=0,9-41=0,25-30=0,25-41=0,30-41=0
2,9,30,34,41|0|53|2-9=0,2-30=0,2-34=0,2-41=0,9-34=0,9-41=0,30-34=0,30-41=0,34-41=0
2,13,17,24,40|0|68|2-13=0,2-17=0,2-40=0,13-17=0,13-24=0,13-40=0,17-24=0,17-40=0,24-40=0
2,13,17,32,38|0|33,61|2-13=0,2-17=0,2-32=0,2-38=0,13-17=0,13-32=0,13-38=0,17-32=0
2,13,18,24,29|0|19,68|2-13=0,2-18=0,2-29=0,13-18=0,13-24=0,13-29=0,18-29=0,24-29=0
2,13,18,24,40|0|19,68,84|2-13=0,2-18=0,2-40=0,13-18=0,13-24=0,13-40=0,24-40=0
2,13,18,29,34|0|57|2-13=0,2-18=0,2-29=0,2-34=0,13-18=0,13-29=0,18-29=0,18-34=0,29-34=0
2,13,18,29,40|0|84|2-13=0,2-18=0,2-29=0,2-40=0,13-18=0,13-29=0,13-40=0,18-29=0,29-40=0
2,13,18,34,38|0|57|2-13=0,2-18=0,2-34=0,2-38=0,13-18=0,13-38=0,18-34=0,18-38=0,34-38=0
2,13,18,34,40|0|35,57,84|2-13=0,2-18=0,2-34=0,2-40=0,13-18=0,13-40=0,18-34=0
2,13,18,34,41|0|57|2-13=0,2-18=0,2-34=0,2-41=0,13-18=0,13-41=0,18-34=0,18-41=0,34-41=0
2,13,20,24,40|0|68|2-13=0,2-20=0,2-40=0,13-20=0,13-24=0,13-40=0,20-24=0,20-40=0,24-40=0
2,13,20,26,41|0|21,64|2-13=0,2-20=0,2-26=0,2-41=0,13-20=0,13-26=0,13-41=0,26-41=0
2,13,24,29,40|0|68|2-13=0,2-29=0,2-40=0,13-24=0,13-29=0,13-40=0,24-29=0,24-40=0,29-40=0
2,13,29,34,40|0|35,57|2-13=0,2-29=0,2-34=0,2-40=0,13-29=0,13-40=0,29-34=0,29-40=0
2,15,20,26,39|0|21,40|2-15=0,2-20=0,2-26=0,15-20=0,15-26=0,15-39=0,20-39=0,26-39=0
2,15,21,26,39|0|16,40|2-15=0,2-21=0,2-26=0,15-26=0,15-39=0,21-26=0,21-39=0,26-39=0
2,15,21,34,39|0|16,40|2-15=0,2-21=0,2-34=0,15-34=0,15-39=0,21-34=0,21-39=0,34-39=0
2,15,21,34,40|0|16,35|2-15=0,2-21=0,2-34=0,2-40=0,15-34=0,15-40=0,21-34=0,21-40=0
2,17,21,32,39|0|40,83|2-17=0,2-21=0,2-32=0,17-21=0,17-32=0,21-32=0,21-39=0,32-39=0
2,17,23,30,41|0|18,46|2-17=0,2-30=0,2-41=0,17-30=0,17-41=0,23-30=0,23-41=0,30-41=0
2,18,22,29,40|0|84|2-18=0,2-22=0,2-29=0,2-40=0,18-22=0,18-29=0,22-29=0,22-40=0,29-40=0
2,18,23,29,34|0|24,46|2-18=0,2-29=0,2-34=0,18-23=0,18-29=0,18-34=0,23-34=0,29-34=0
2,18,23,34,38|0|46|2-18=0,2-34=0,2-38=0,18-23=0,18-34=0,18-38=0,23-34=0,23-38=0,34-38=0
2,18,23,34,39|0|40,46,62|2-18=0,2-34=0,18-23=0,18-34=0,23-34=0,23-39=0,34-39=0
2,18,23,34,41|0|46|2-18=0,2-34=0,2-41=0,18-23=0,18-34=0,18-41=0,23-34=0,23-41=0,34-41=0
2,18,24,29,40|0|19,68,84|2-18=0,2-29=0,2-40=0,18-29=0,24-29=0,24-40=0,29-40=0
2,18,25,29,40|0|84|2-18=0,2-25=0,2-29=0,2-40=0,18-25=0,18-29=0,25-29=0,25-40=0,29-40=0
2,18,29,34,40|0|35,84|2-18=0,2-29=0,2-34=0,2-40=0,18-29=0,18-34=0,29-34=0,29-40=0
2,21,26,32,39|0|27,40|2-21=0,2-26=0,2-32=0,21-26=0,21-32=0,21-39=0,26-39=0,32-39=0
2,21,27,34,40|0|22,35|2-21=0,2-27=0,2-34=0,2-40=0,21-34=0,21-40=0,27-34=0,27-40=0
2,23,27,34,38|0|46|2-27=0,2-34=0,2-38=0,23-27=0,23-34=0,23-38=0,27-34=0,27-38=0,34-38=0
2,23,30,34,41|0|46|2-30=0,2-34=0,2-41=0,23-30=0,23-34=0,23-41=0,30-34=0,30-41=0,34-41=0
2,33,36,39,42|1|-40,-37,-34|2-33=1,2-36=1,2-42=1,33-36=1,33-42=1,36-39=1,39-42=1
3,6,9,12,15|1|-10,-7,-4|3-6=1,3-12=1,3-15=1,6-9=1,6-15=1,9-12=1,12-15=1
3,7,14,18,25|0|69|3-7=0,3-14=0,3-18=0,7-14=0,7-18=0,7-25=0,14-18=0,14-25=0,18-25=0
3,7,14,18,39|0|62|3-7=0,3-14=0,3-18=0,3-39=0,7-14=0,7-18=0,7-39=0,14-18=0,14-39=0
3,7,14,25,30|0|69|3-7=0,3-14=0,3-30=0,7-14=0,7-25=0,7-30=0,14-25=0,14-30=0,25-30=0
3,7,14,30,35|0|58|3-7=0,3-14=0,3-30=0,3-35=0,7-14=0,7-30=0,7-35=0,14-30=0,30-35=0
3,7,14,35,39|0|58|3-7=0,3-14=0,3-35=0,3-39=0,7-14=0,7-35=0,7-39=0,14-39=0,35-39=0
3,7,18,23,39|0|62|3-7=0,3-18=0,3-23=0,3-39=0,7-18=0,7-23=0,7-39=0,18-23=0,23-39=0
3,7,18,25,31|0|26,69|3-7=0,3-18=0,3-31=0,7-18=0,7-25=0,7-31=0,18-25=0,18-31=0
3,7,22,28,35|0|23,51|3-7=0,3-22=0,3-28=0,3-35=0,7-22=0,7-35=0,22-35=0,28-35=0
3,7,23,28,39|0|51|3-7=0,3-23=0,3-28=0,3-39=0,7-23=0,7-39=0,23-28=0,23-39=0,28-39=0
3,7,28,35,39|0|51|3-7=0,3-28=0,3-35=0,3-39=0,7-35=0,7-39=0,28-35=0,28-39=0,35-39=0
3,8,14,19,30|0|9,74|3-8=0,3-14=0,3-19=0,3-30=0,8-19=0,14-19=0,14-30=0,19-30=0
3,8,14,19,35|0|9,58|3-8=0,3-14=0,3-19=0,3-35=0,8-19=0,8-35=0,14-19=0,19-35=0
3,8,14,21,27|0|9,22|3-8=0,3-14=0,3-21=0,3-27=0,8-21=0,8-27=0,14-21=0,14-27=0
3,8,14,27,33|0|9,28|3-8=0,3-14=0,3-27=0,3-33=0,8-27=0,8-33=0,14-27=0,14-33=0
3,8,14,30,35|0|9,58,74|3-8=0,3-14=0,3-30=0,3-35=0,8-35=0,14-30=0,30-35=0
3,8,19,23,30|0|74|3-8=0,3-19=0,3-23=0,3-30=0,8-19=0,8-23=0,19-23=0,19-30=0,23-30=0
3,8,19,24,30|0|25,47,74|3-8=0,3-19=0,3-30=0,8-19=0,8-24=0,19-24=0,19-30=0
3,8,19,24,35|0|47|3-8=0,3-19=0,3-35=0,8-19=0,8-24=0,8-35=0,19-24=0,19-35=0,24-35=0
3,8,19,24,40|0|41,47,63|3-8=0,3-19=0,8-19=0,8-24=0,8-40=0,19-24=0,24-40=0
3,8,19,26,30|0|74|3-8=0,3-19=0,3-26=0,3-30=0,8-19=0,8-26=0,19-26=0,19-30=0,26-30=0
3,8,19,30,35|0|74|3-8=0,3-19=0,3-30=0,3-35=0,8-19=0,8-35=0,19-30=0,19-35=0,30-35=0
3,8,19,35,40|0|41,63|3-8=0,3-19=0,3-35=0,8-19=0,8-35=0,8-40=0,19-35=0,35-40=0
3,8,21,27,40|0|22,41|3-8=0,3-21=0,3-27=0,8-21=0,8-27=0,8-40=0,21-40=0,27-40=0
3,8,24,28,35|0|47|3-8=0,3-28=0,3-35=0,8-24=0,8-28=0,8-35=0,24-28=0,24-35=0,28-35=0
3,8,24,30,35|0|25,47,74|3-8=0,3-30=0,3-35=0,8-24=0,8-35=0,24-35=0,30-35=0
3,8,24,31,35|0|47|3-8=0,3-31=0,3-35=0,8-24=0,8-31=0,8-35=0,24-31=0,24-35=0,31-35=0
3,8,24,35,40|0|41,47|3-8=0,3-35=0,8-24=0,8-35=0,8-40=0,24-35=0,24-40=0,35-40=0
3,8,27,33,40|0|28,41|3-8=0,3-27=0,3-33=0,8-27=0,8-33=0,8-40=0,27-40=0,33-40=0
3,9,14,25,30|0|4,53,69|3-14=0,3-30=0,9-14=0,9-25=0,14-25=0,14-30=0,25-30=0
3,9,14,25,41|0|4,69|3-14=0,3-41=0,9-14=0,9-25=0,9-41=0,14-25=0,14-41=0,25-41=0
3,9,14,27,33|0|4,28|3-14=0,3-27=0,3-33=0,9-14=0,9-27=0,9-33=0,14-27=0,14-33=0
3,9,14,30,41|0|4,53|3-14=0,3-30=0,3-41=0,9-14=0,9-41=0,14-30=0,14-41=0,30-41=0
3,9,14,33,39|0|4,34|3-14=0,3-33=0,3-39=0,9-14=0,9-33=0,9-39=0,14-33=0,14-39=0
3,9,16,22,27|0|4,17|3-16=0,3-22=0,3-27=0,9-16=0,9-22=0,9-27=0,16-27=0,22-27=0
3,9,16,22,41|0|4,17|3-16=0,3-22=0,3-41=0,9-16=0,9-22=0,9-41=0,16-41=0,22-41=0
3,9,16,27,31|0|4,75|3-16=0,3-27=0,3-31=0,9-16=0,9-27=0,16-27=0,16-31=0,27-31=0
3,9,22,27,33|0|4,28|3-22=0,3-27=0,3-33=0,9-22=0,9-27=0,9-33=0,22-27=0,22-33=0
3,9,22,28,33|0|4,23|3-22=0,3-28=0,3-33=0,9-22=0,9-28=0,9-33=0,22-33=0,28-33=0
3,9,22,28,41|0|4,23|3-22=0,3-28=0,3-41=0,9-22=0,9-28=0,9-41=0,22-41=0,28-41=0
3,9,24,28,39|0|4,47|3-28=0,3-39=0,9-24=0,9-28=0,9-39=0,24-28=0,24-39=0,28-39=0
3,9,25,30,41|0|4,53,69|3-30=0,3-41=0,9-25=0,9-41=0,25-30=0,25-41=0,30-41=0
3,9,28,33,39|0|4,34|3-28=0,3-33=0,3-39=0,9-28=0,9-33=0,9-39=0,28-33=0,28-39=0
3,10,14,21,25|0|69|3-10=0,3-14=0,3-21=0,10-14=0,10-21=0,10-25=0,14-21=0,14-25=0,21-25=0
3,10,14,21,42|0|65|3-10=0,3-14=0,3-21=0,3-42=0,10-14=0,10-21=0,10-42=0,14-21=0,14-42=0
3,10,14,25,30|0|69|3-10=0,3-14=0,3-30=0,10-14=0,10-25=0,10-30=0,14-25=0,14-30=0,25-30=0
3,10,14,30,35|0|58|3-10=0,3-14=0,3-30=0,3-35=0,10-14=0,10-30=0,10-35=0,14-30=0,30-35=0
3,10,14,35,42|0|58|3-10=0,3-14=0,3-35=0,3-42=0,10-14=0,10-35=0,10-42=0,14-42=0,35-42=0
3,10,16,21,40|0|11,41|3-10=0,3-16=0,3-21=0,10-21=0,10-40=0,16-21=0,16-40=0,21-40=0
3,10,16,31,35|0|11,54|3-10=0,3-16=0,3-31=0,3-35=0,10-35=0,16-31=0,16-35=0,31-35=0
3,10,16,35,40|0|11,41|3-10=0,3-16=0,3-35=0,10-35=0,10-40=0,16-35=0,16-40=0,35-40=0
3,10,21,25,40|0|41,69|3-10=0,3-21=0,10-21=0,10-25=0,10-40=0,21-25=0,21-40=0,25-40=0
3,10,21,26,42|0|65|3-10=0,3-21=0,3-26=0,3-42=0,10-21=0,10-26=0,10-42=0,21-26=0,26-42=0
3,10,26,31,42|0|54|3-10=0,3-26=0,3-31=0,3-42=0,10-26=0,10-42=0,26-31=0,26-42=0,31-42=0
3,10,31,35,42|0|54|3-10=0,3-31=0,3-35=0,3-42=0,10-35=0,10-42=0,31-35=0,31-42=0,35-42=0
3,14,18,25,41|0|69|3-14=0,3-18=0,3-41=0,14-18=0,14-25=0,14-41=0,18-25=0,18-41=0,25-41=0
3,14,18,33,39|0|34,62|3-14=0,3-18=0,3-33=0,3-39=0,14-18=0,14-33=0,14-39=0,18-33=0
3,14,19,25,30|0|20,69|3-14=0,3-19=0,3-30=0,14-19=0,14-25=0,14-30=0,19-30=0,25-30=0
3,14,19,25,41|0|20,69,85|3-14=0,3-19=0,3-41=0,14-19=0,14-25=0,14-41=0,25-41=0
3,14,19,30,35|0|58|3-14=0,3-19=0,3-30=0,3-35=0,14-19=0,14-30=0,19-30=0,19-35=0,30-35=0
3,14,19,30,41|0|85|3-14=0,3-19=0,3-30=0,3-41=0,14-19=0,14-30=0,14-41=0,19-30=0,30-41=0
3,14,19,35,39|0|58|3-14=0,3-19=0,3-35=0,3-39=0,14-19=0,14-39=0,19-35=0,19-39=0,35-39=0
3,14,19,35,41|0|36,58,85|3-14=0,3-19=0,3-35=0,3-41=0,14-19=0,14-41=0,19-35=0
3,14,19,35,42|0|58|3-14=0,3-19=0,3-35=0,3-42=0,14-19=0,14-42=0,19-35=0,19-42=0,35-42=0
3,14,21,25,41|0|69|3-14=0,3-21=0,3-41=0,14-21=0,14-25=0,14-41=0,21-25=0,21-41=0,25-41=0
3,14,21,27,42|0|22,65|3-14=0,3-21=0,3-27=0,3-42=0,14-21=0,14-27=0,14-42=0,27-42=0
3,14,25,30,41|0|69|3-14=0,3-30=0,3-41=0,14-25=0,14-30=0,14-41=0,25-30=0,25-41=0,30-41=0
3,14,30,35,41|0|36,58|3-14=0,3-30=0,3-35=0,3-41=0,14-30=0,14-41=0,30-35=0,30-41=0
3,16,21,27,40|0|22,41|3-16=0,3-21=0,3-27=0,16-21=0,16-27=0,16-40=0,21-40=0,27-40=0
3,16,22,27,40|0|17,41|3-16=0,3-22=0,3-27=0,16-27=0,16-40=0,22-27=0,22-40=0,27-40=0
3,16,22,35,40|0|17,41|3-16=0,3-22=0,3-35=0,16-35=0,16-40=0,22-35=0,22-40=0,35-40=0
3,16,22,35,41|0|17,36|3-16=0,3-22=0,3-35=0,3-41=0,16-35=0,16-41=0,22-35=0,22-41=0
3,18,22,33,40|0|41,84|3-18=0,3-22=0,3-33=0,18-22=0,18-33=0,22-33=0,22-40=0,33-40=0
3,18,24,31,42|0|19,47|3-18=0,3-31=0,3-42=0,18-31=0,18-42=0,24-31=0,24-42=0,31-42=0
3,19,23,30,41|0|85|3-19=0,3-23=0,3-30=0,3-41=0,19-23=0,19-30=0,23-30=0,23-41=0,30-41=0
3,19,24,30,35|0|25,47|3-19=0,3-30=0,3-35=0,19-24=0,19-30=0,19-35=0,24-35=0,30-35=0
3,19,24,35,39|0|47|3-19=0,3-35=0,3-39=0,19-24=0,19-35=0,19-39=0,24-35=0,24-39=0,35-39=0
3,19,24,35,40|0|41,47,63|3-19=0,3-35=0,19-24=0,19-35=0,24-35=0,24-40=0,35-40=0
3,19,24,35,42|0|47|3-19=0,3-35=0,3-42=0,19-24=0,19-35=0,19-42=0,24-35=0,24-42=0,35-42=0
3,19,25,30,41|0|20,69,85|3-19=0,3-30=0,3-41=0,19-30=0,25-30=0,25-41=0,30-41=0
3,19,26,30,41|0|85|3-19=0,3-26=0,3-30=0,3-41=0,19-26=0,19-30=0,26-30=0,26-41=0,30-41=0
3,19,30,35,41|0|36,85|3-19=0,3-30=0,3-35=0,3-41=0,19-30=0,19-35=0,30-35=0,30-41=0
3,22,27,33,40|0|28,41|3-22=0,3-27=0,3-33=0,22-27=0,22-33=0,22-40=0,27-40=0,33-40=0
3,22,28,35,41|0|23,36|3-22=0,3-28=0,3-35=0,3-41=0,22-35=0,22-41=0,28-35=0,28-41=0
3,24,28,35,39|0|47|3-28=0,3-35=0,3-39=0,24-28=0,24-35=0,24-39=0,28-35=0,28-39=0,35-39=0
3,24,31,35,42|0|47|3-31=0,3-35=0,3-42=0,24-31=0,24-35=0,24-42=0,31-35=0,31-42=0,35-42=0
4,7,10,13,16|1|-11,-8,-5|4-7=1,4-13=1,4-16=1,7-10=1,7-16=1,10-13=1,13-16=1
4,8,15,19,26|0|70|4-8=0,4-15=0,4-19=0,8-15=0,8-19=0,8-26=0,15-19=0,15-26=0,19-26=0
4,8,15,19,40|0|63|4-8=0,4-15=0,4-19=0,4-40=0,8-15=0,8-19=0,8-40=0,15-19=0,15-40=0
4,8,15,26,31|0|70|4-8=0,4-15=0,4-31=0,8-15=0,8-26=0,8-31=0,15-26=0,15-31=0,26-31=0
4,8,15,31,36|0|59|4-8=0,4-15=0,4-31=0,4-36=0,8-15=0,8-31=0,8-36=0,15-31=0,31-36=0
4,8,15,36,40|0|59|4-8=0,4-15=0,4-36=0,4-40=0,8-15=0,8-36=0,8-40=0,15-40=0,36-40=0
4,8,19,24,40|0|63|4-8=0,4-19=0,4-24=0,4-40=0,8-19=0,8-24=0,8-40=0,19-24=0,24-40=0
4,8,19,26,32|0|27,70|4-8=0,4-19=0,4-32=0,8-19=0,8-26=0,8-32=0,19-26=0,19-32=0
4,8,23,29,36|0|24,52|4-8=0,4-23=0,4-29=0,4-36=0,8-23=0,8-36=0,23-36=0,29-36=0
4,8,24,29,40|0|52|4-8=0,4-24=0,4-29=0,4-40=0,8-24=0,8-40=0,24-29=0,24-40=0,29-40=0
4,8,29,36,40|0|52|4-8=0,4-29=0,4-36=0,4-40=0,8-36=0,8-40=0,29-36=0,29-40=0,36-40=0
4,9,15,20,31|0|10,75|4-9=0,4-15=0,4-20=0,4-31=0,9-20=0,15-20=0,15-31=0,20-31=0
4,9,15,20,36|0|10,59|4-9=0,4-15=0,4-20=0,4-36=0,9-20=0,9-36=0,15-20=0,20-36=0
4,9,15,22,28|0|10,23|4-9=0,4-15=0,4-22=0,4-28=0,9-22=0,9-28=0,15-22=0,15-28=0
4,9,15,28,34|0|10,29|4-9=0,4-15=0,4-28=0,4-34=0,9-28=0,9-34=0,15-28=0,15-34=0
4,9,15,31,36|0|10,59,75|4-9=0,4-15=0,4-31=0,4-36=0,9-36=0,15-31=0,31-36=0
4,9,20,24,31|0|75|4-9=0,4-20=0,4-24=0,4-31=0,9-20=0,9-24=0,20-24=0,20-31=0,24-31=0
4,9,20,25,31|0|26,48,75|4-9=0,4-20=0,4-31=0,9-20=0,9-25=0,20-25=0,20-31=0
4,9,20,25,36|0|48|4-9=0,4-20=0,4-36=0,9-20=0,9-25=0,9-36=0,20-25=0,20-36=0,25-36=0
4,9,20,25,41|0|42,48,64|4-9=0,4-20=0,9-20=0,9-25=0,9-41=0,20-25=0,25-41=0
4,9,20,27,31|0|75|4-9=0,4-20=0,4-27=0,4-31=0,9-20=0,9-27=0,20-27=0,20-31=0,27-31=0
4,9,20,31,36|0|75|4-9=0,4-20=0,4-31=0,4-36=0,9-20=0,9-36=0,20-31=0,20-36=0,31-36=0
4,9,20,36,41|0|42,64|4-9=0,4-20=0,4-36=0,9-20=0,9-36=0,9-41=0,20-36=0,36-41=0
4,9,22,28,41|0|23,42|4-9=0,4-22=0,4-28=0,9-22=0,9-28=0,9-41=0,22-41=0,28-41=0
4,9,25,29,36|0|48|4-9=0,4-29=0,4-36=0,9-25=0,9-29=0,9-36=0,25-29=0,25-36=0,29-36=0
4,9,25,31,36|0|26,48,75|4-9=0,4-31=0,4-36=0,9-25=0,9-36=0,25-36=0,31-36=0
4,9,25,32,36|0|48|4-9=0,4-32=0,4-36=0,9-25=0,9-32=0,9-36=0,25-32=0,25-36=0,32-36=0
4,9,25,36,41|0|42,48|4-9=0,4-36=0,9-25=0,9-36=0,9-41=0,25-36=0,25-41=0,36-41=0
4,9,28,34,41|0|29,42|4-9=0,4-28=0,4-34=0,9-28=0,9-34=0,9-41=0,28-41=0,34-41=0
4,10,15,26,31|0|5,54,70|4-15=0,4-31=0,10-15=0,10-26=0,15-26=0,15-31=0,26-31=0
4,10,15,26,42|0|5,70|4-15=0,4-42=0,10-15=0,10-26=0,10-42=0,15-26=0,15-42=0,26-42=0
4,10,15,28,34|0|5,29|4-15=0,4-28=0,4-34=0,10-15=0,10-28=0,10-34=0,15-28=0,15-34=0
4,10,15,31,42|0|5,54|4-15=0,4-31=0,4-42=0,10-15=0,10-42=0,15-31=0,15-42=0,31-42=0
4,10,15,34,40|0|5,35|4-15=0,4-34=0,4-40=0,10-15=0,10-34=0,10-40=0,15-34=0,15-40=0
4,10,17,23,28|0|5,18|4-17=0,4-23=0,4-28=0,10-17=0,10-23=0,10-28=0,17-28=0,23-28=0
4,10,17,23,42|0|5,18|4-17=0,4-23=0,4-42=0,10-17=0,10-23=0,10-42=0,17-42=0,23-42=0
4,10,17,28,32|0|5,76|4-17=0,4-28=0,4-32=0,10-17=0,10-28=0,17-28=0,17-32=0,28-32=0
4,10,23,28,34|0|5,29|4-23=0,4-28=0,4-34=0,10-23=0,10-28=0,10-34=0,23-28=0,23-34=0
4,10,23,29,34|0|5,24|4-23=0,4-29=0,4-34=0,10-23=0,10-29=0,10-34=0,23-34=0,29-34=0
4,10,23,29,42|0|5,24|4-23=0,4-29=0,4-42=0,10-23=0,10-29=0,10-42=0,23-42=0,29-42=0
4,10,25,29,40|0|5,48|4-29=0,4-40=0,10-25=0,10-29=0,10-40=0,25-29=0,25-40=0,29-40=0
4,10,26,31,42|0|5,54,70|4-31=0,4-42=0,10-26=0,10-42=0,26-31=0,26-42=0,31-42=0
4,10,29,34,40|0|5,35|4-29=0,4-34=0,4-40=0,10-29=0,10-34=0,10-40=0,29-34=0,29-40=0
4,11,15,22,26|0|70|4-11=0,4-15=0,4-22=0,11-15=0,11-22=0,11-26=0,15-22=0,15-26=0,22-26=0
4,11,15,26,31|0|70|4-11=0,4-15=0,4-31=0,11-15=0,11-26=0,11-31=0,15-26=0,15-31=0,26-31=0
4,11,15,31,36|0|59|4-11=0,4-15=0,4-31=0,4-36=0,11-15=0,11-31=0,11-36=0,15-31=0,31-36=0
4,11,17,22,41|0|12,42|4-11=0,4-17=0,4-22=0,11-22=0,11-41=0,17-22=0,17-41=0,22-41=0
4,11,17,32,36|0|12,55|4-11=0,4-17=0,4-32=0,4-36=0,11-36=0,17-32=0,17-36=0,32-36=0
4,11,17,36,41|0|12,42|4-11=0,4-17=0,4-36=0,11-36=0,11-41=0,17-36=0,17-41=0,36-41=0
4,11,22,26,41|0|42,70|4-11=0,4-22=0,11-22=0,11-26=0,11-41=0,22-26=0,22-41=0,26-41=0
4,15,19,26,42|0|70|4-15=0,4-19=0,4-42=0,15-19=0,15-26=0,15-42=0,19-26=0,19-42=0,26-42=0
4,15,19,34,40|0|35,63|4-15=0,4-19=0,4-34=0,4-40=0,15-19=0,15-34=0,15-40=0,19-34=0
4,15,20,26,31|0|21,70|4-15=0,4-20=0,4-31=0,15-20=0,15-26=0,15-31=0,20-31=0,26-31=0
4,15,20,26,42|0|21,70,86|4-15=0,4-20=0,4-42=0,15-20=0,15-26=0,15-42=0,26-42=0
4,15,20,31,36|0|59|4-15=0,4-20=0,4-31=0,4-36=0,15-20=0,15-31=0,20-31=0,20-36=0,31-36=0
4,15,20,31,42|0|86|4-15=0,4-20=0,4-31=0,4-42=0,15-20=0,15-31=0,15-42=0,20-31=0,31-42=0
4,15,20,36,40|0|59|4-15=0,4-20=0,4-36=0,4-40=0,15-20=0,15-40=0,20-36=0,20-40=0,36-40=0
4,15,20,36,42|0|37,59,86|4-15=0,4-20=0,4-36=0,4-42=0,15-20=0,15-42=0,20-36=0
4,15,22,26,42|0|70|4-15=0,4-22=0,4-42=0,15-22=0,15-26=0,15-42=0,22-26=0,22-42=0,26-42=0
4,15,26,31,42|0|70|4-15=0,4-31=0,4-42=0,15-26=0,15-31=0,15-42=0,26-31=0,26-42=0,31-42=0
4,15,31,36,42|0|37,59|4-15=0,4-31=0,4-36=0,4-42=0,15-31=0,15-42=0,31-36=0,31-42=0
4,17,22,28,41|0|23,42|4-17=0,4-22=0,4-28=0,17-22=0,17-28=0,17-41=0,22-41=0,28-41=0
4,17,23,28,41|0|18,42|4-17=0,4-23=0,4-28=0,17-28=0,17-41=0,23-28=0,23-41=0,28-41=0
4,17,23,36,41|0|18,42|4-17=0,4-23=0,4-36=0,17-36=0,17-41=0,23-36=0,23-41=0,36-41=0
4,17,23,36,42|0|18,37|4-17=0,4-23=0,4-36=0,4-42=0,17-36=0,17-42=0,23-36=0,23-42=0
4,19,23,34,41|0|42,85|4-19=0,4-23=0,4-34=0,19-23=0,19-34=0,23-34=0,23-41=0,34-41=0
4,20,24,31,42|0|86|4-20=0,4-24=0,4-31=0,4-42=0,20-24=0,20-31=0,24-31=0,24-42=0,31-42=0
4,20,25,31,36|0|26,48|4-20=0,4-31=0,4-36=0,20-25=0,20-31=0,20-36=0,25-36=0,31-36=0
4,20,25,36,40|0|48|4-20=0,4-36=0,4-40=0,20-25=0,20-36=0,20-40=0,25-36=0,25-40=0,36-40=0
4,20,25,36,41|0|42,48,64|4-20=0,4-36=0,20-25=0,20-36=0,25-36=0,25-41=0,36-41=0
4,20,26,31,42|0|21,70,86|4-20=0,4-31=0,4-42=0,20-31=0,26-31=0,26-42=0,31-42=0
4,20,27,31,42|0|86|4-20=0,4-27=0,4-31=0,4-42=0,20-27=0,20-31=0,27-31=0,27-42=0,31-42=0
4,20,31,36,42|0|37,86|4-20=0,4-31=0,4-36=0,4-42=0,20-31=0,20-36=0,31-36=0,31-42=0
4,23,28,34,41|0|29,42|4-23=0,4-28=0,4-34=0,23-28=0,23-34=0,23-41=0,28-41=0,34-41=0
4,23,29,36,42|0|24,37|4-23=0,4-29=0,4-36=0,4-42=0,23-36=0,23-42=0,29-36=0,29-42=0
4,25,29,36,40|0|48|4-29=0,4-36=0,4-40=0,25-29=0,25-36=0,25-40=0,29-36=0,29-40=0,36-40=0
5,8,11,14,17|1|-12,-9,-6|5-8=1,5-14=1,5-17=1,8-11=1,8-17=1,11-14=1,14-17=1
5,9,16,20,27|0|71|5-9=0,5-16=0,5-20=0,9-16=0,9-20=0,9-27=0,16-20=0,16-27=0,20-27=0
5,9,16,20,41|0|64|5-9=0,5-16=0,5-20=0,5-41=0,9-16=0,9-20=0,9-41=0,16-20=0,16-41=0
5,9,16,27,32|0|71|5-9=0,5-16=0,5-32=0,9-16=0,9-27=0,9-32=0,16-27=0,16-32=0,27-32=0
5,9,16,32,37|0|60|5-9=0,5-16=0,5-32=0,5-37=0,9-16=0,9-32=0,9-37=0,16-32=0,32-37=0
5,9,16,37,41|0|60|5-9=0,5-16=0,5-37=0,5-41=0,9-16=0,9-37=0,9-41=0,16-41=0,37-41=0
5,9,20,25,41|0|64|5-9=0,5-20=0,5-25=0,5-41=0,9-20=0,9-25=0,9-41=0,20-25=0,25-41=0
5,9,20,27,33|0|28,71|5-9=0,5-20=0,5-33=0,9-20=0,9-27=0,9-33=0,20-27=0,20-33=0
5,9,24,30,37|0|25,53|5-9=0,5-24=0,5-30=0,5-37=0,9-24=0,9-37=0,24-37=0,30-37=0
5,9,25,30,41|0|53|5-9=0,5-25=0,5-30=0,5-41=0,9-25=0,9-41=0,25-30=0,25-41=0,30-41=0
5,9,30,37,41|0|53|5-9=0,5-30=0,5-37=0,5-41=0,9-37=0,9-41=0,30-37=0,30-41=0,37-41=0
5,10,16,21,32|0|11,76|5-10=0,5-16=0,5-21=0,5-32=0,10-21=0,16-21=0,16-32=0,21-32=0
5,10,16,21,37|0|11,60|5-10=0,5-16=0,5-21=0,5-37=0,10-21=0,10-37=0,16-21=0,21-37=0
5,10,16,23,29|0|11,24|5-10=0,5-16=0,5-23=0,5-29=0,10-23=0,10-29=0,16-23=0,16-29=0
5,10,16,29,35|0|11,30|5-10=0,5-16=0,5-29=0,5-35=0,10-29=0,10-35=0,16-29=0,16-35=0
5,10,16,32,37|0|11,60,76|5-10=0,5-16=0,5-32=0,5-37=0,10-37=0,16-32=0,32-37=0
5,10,21,25,32|0|76|5-10=0,5-21=0,5-25=0,5-32=0,10-21=0,10-25=0,21-25=0,21-32=0,25-32=0
5,10,21,26,32|0|27,49,76|5-10=0,5-21=0,5-32=0,10-21=0,10-26=0,21-26=0,21-32=0
5,10,21,26,37|0|49|5-10=0,5-21=0,5-37=0,10-21=0,10-26=0,10-37=0,21-26=0,21-37=0,26-37=0
5,10,21,26,42|0|43,49,65|5-10=0,5-21=0,10-21=0,10-26=0,10-42=0,21-26=0,26-42=0
5,10,21,28,32|0|76|5-10=0,5-21=0,5-28=0,5-32=0,10-21=0,10-28=0,21-28=0,21-32=0,28-32=0
5,10,21,32,37|0|76|5-10=0,5-21=0,5-32=0,5-37=0,10-21=0,10-37=0,21-32=0,21-37=0,32-37=0
5,10,21,37,42|0|43,65|5-10=0,5-21=0,5-37=0,10-21=0,10-37=0,10-42=0,21-37=0,37-42=0
5,10,23,29,42|0|24,43|5-10=0,5-23=0,5-29=0,10-23=0,10-29=0,10-42=0,23-42=0,29-42=0
5,10,26,30,37|0|49|5-10=0,5-30=0,5-37=0,10-26=0,10-30=0,10-37=0,26-30=0,26-37=0,30-37=0
5,10,26,32,37|0|27,49,76|5-10=0,5-32=0,5-37=0,10-26=0,10-37=0,26-37=0,32-37=0
5,10,26,33,37|0|49|5-10=0,5-33=0,5-37=0,10-26=0,10-33=0,10-37=0,26-33=0,26-37=0,33-37=0
5,10,26,37,42|0|43,49|5-10=0,5-37=0,10-26=0,10-37=0,10-42=0,26-37=0,26-42=0,37-42=0
5,10,29,35,42|0|30,43|5-10=0,5-29=0,5-35=0,10-29=0,10-35=0,10-42=0,29-42=0,35-42=0
5,11,16,27,32|0|6,55,71|5-16=0,5-32=0,11-16=0,11-27=0,16-27=0,16-32=0,27-32=0
5,11,16,29,35|0|6,30|5-16=0,5-29=0,5-35=0,11-16=0,11-29=0,11-35=0,16-29=0,16-35=0
5,11,16,35,41|0|6,36|5-16=0,5-35=0,5-41=0,11-16=0,11-35=0,11-41=0,16-35=0,16-41=0
5,11,18,24,29|0|6,19|5-18=0,5-24=0,5-29=0,11-18=0,11-24=0,11-29=0,18-29=0,24-29=0
5,11,18,29,33|0|6,77|5-18=0,5-29=0,5-33=0,11-18=0,11-29=0,18-29=0,18-33=0,29-33=0
5,11,24,29,35|0|6,30|5-24=0,5-29=0,5-35=0,11-24=0,11-29=0,11-35=0,24-29=0,24-35=0
5,11,24,30,35|0|6,25|5-24=0,5-30=0,5-35=0,11-24=0,11-30=0,11-35=0,24-35=0,30-35=0
5,11,26,30,41|0|6,49|5-30=0,5-41=0,11-26=0,11-30=0,11-41=0,26-30=0,26-41=0,30-41=0
5,11,30,35,41|0|6,36|5-30=0,5-35=0,5-41=0,11-30=0,11-35=0,11-41=0,30-35=0,30-41=0
5,12,16,23,27|0|71|5-12=0,5-16=0,5-23=0,12-16=0,12-23=0,12-27=0,16-23=0,16-27=0,23-27=0
5,12,16,27,32|0|71|5-12=0,5-16=0,5-32=0,12-16=0,12-27=0,12-32=0,16-27=0,16-32=0,27-32=0
5,12,16,32,37|0|60|5-12=0,5-16=0,5-32=0,5-37=0,12-16=0,12-32=0,12-37=0,16-32=0,32-37=0
5,12,18,23,42|0|13,43|5-12=0,5-18=0,5-23=0,12-23=0,12-42=0,18-23=0,18-42=0,23-42=0
5,12,18,33,37|0|13,56|5-12=0,5-18=0,5-33=0,5-37=0,12-37=0,18-33=0,18-37=0,33-37=0
5,12,18,37,42|0|13,43|5-12=0,5-18=0,5-37=0,12-37=0,12-42=0,18-37=0,18-42=0,37-42=0
5,12,23,27,42|0|43,71|5-12=0,5-23=0,12-23=0,12-27=0,12-42=0,23-27=0,23-42=0,27-42=0
5,16,20,35,41|0|36,64|5-16=0,5-20=0,5-35=0,5-41=0,16-20=0,16-35=0,16-41=0,20-35=0
5,16,21,27,32|0|22,71|5-16=0,5-21=0,5-32=0,16-21=0,16-27=0,16-32=0,21-32=0,27-32=0
5,16,21,32,37|0|60|5-16=0,5-21=0,5-32=0,5-37=0,16-21=0,16-32=0,21-32=0,21-37=0,32-37=0
5,16,21,37,41|0|60|5-16=0,5-21=0,5-37=0,5-41=0,16-21=0,16-41=0,21-37=0,21-41=0,37-41=0
5,18,23,29,42|0|24,43|5-18=0,5-23=0,5-29=0,18-23=0,18-29=0,18-42=0,23-42=0,29-42=0
5,18,24,29,42|0|19,43|5-18=0,5-24=0,5-29=0,18-29=0,18-42=0,24-29=0,24-42=0,29-42=0
5,18,24,37,42|0|19,43|5-18=0,5-24=0,5-37=0,18-37=0,18-42=0,24-37=0,24-42=0,37-42=0
5,20,24,35,42|0|43,86|5-20=0,5-24=0,5-35=0,20-24=0,20-35=0,24-35=0,24-42=0,35-42=0
5,21,26,32,37|0|27,49|5-21=0,5-32=0,5-37=0,21-26=0,21-32=0,21-37=0,26-37=0,32-37=0
5,21,26,37,41|0|49|5-21=0,5-37=0,5-41=0,21-26=0,21-37=0,21-41=0,26-37=0,26-41=0,37-41=0
5,21,26,37,42|0|43,49,65|5-21=0,5-37=0,21-26=0,21-37=0,26-37=0,26-42=0,37-42=0
5,24,29,35,42|0|30,43|5-24=0,5-29=0,5-35=0,24-29=0,24-35=0,24-42=0,29-42=0,35-42=0
5,26,30,37,41|0|49|5-30=0,5-37=0,5-41=0,26-30=0,26-37=0,26-41=0,30-37=0,30-41=0,37-41=0
6,9,12,15,18|1|-13,-10,-7|6-9=1,6-15=1,6-18=1,9-12=1,9-18=1,12-15=1,15-18=1
6,10,17,21,28|0|72|6-10=0,6-17=0,6-21=0,10-17=0,10-21=0,10-28=0,17-21=0,17-28=0,21-28=0
6,10,17,21,42|0|65|6-10=0,6-17=0,6-21=0,6-42=0,10-17=0,10-21=0,10-42=0,17-21=0,17-42=0
6,10,17,28,33|0|72|6-10=0,6-17=0,6-33=0,10-17=0,10-28=0,10-33=0,17-28=0,17-33=0,28-33=0
6,10,17,33,38|0|61|6-10=0,6-17=0,6-33=0,6-38=0,10-17=0,10-33=0,10-38=0,17-33=0,33-38=0
6,10,17,38,42|0|61|6-10=0,6-17=0,6-38=0,6-42=0,10-17=0,10-38=0,10-42=0,17-42=0,38-42=0
6,10,21,26,42|0|65|6-10=0,6-21=0,6-26=0,6-42=0,10-21=0,10-26=0,10-42=0,21-26=0,26-42=0
6,10,21,28,34|0|29,72|6-10=0,6-21=0,6-34=0,10-21=0,10-28=0,10-34=0,21-28=0,21-34=0
6,10,25,31,38|0|26,54|6-10=0,6-25=0,6-31=0,6-38=0,10-25=0,10-38=0,25-38=0,31-38=0
6,10,26,31,42|0|54|6-10=0,6-26=0,6-31=0,6-42=0,10-26=0,10-42=0,26-31=0,26-42=0,31-42=0
6,10,31,38,42|0|54|6-10=0,6-31=0,6-38=0,6-42=0,10-38=0,10-42=0,31-38=0,31-42=0,38-42=0
6,11,17,22,33|0|12,77|6-11=0,6-17=0,6-22=0,6-33=0,11-22=0,17-22=0,17-33=0,22-33=0
6,11,17,22,38|0|12,61|6-11=0,6-17=0,6-22=0,6-38=0,11-22=0,11-38=0,17-22=0,22-38=0
6,11,17,24,30|0|12,25|6-11=0,6-17=0,6-24=0,6-30=0,11-24=0,11-30=0,17-24=0,17-30=0
6,11,17,30,36|0|12,31|6-11=0,6-17=0,6-30=0,6-36=0,11-30=0,11-36=0,17-30=0,17-36=0
6,11,17,33,38|0|12,61,77|6-11=0,6-17=0,6-33=0,6-38=0,11-38=0,17-33=0,33-38=0
6,11,22,26,33|0|77|6-11=0,6-22=0,6-26=0,6-33=0,11-22=0,11-26=0,22-26=0,22-33=0,26-33=0
6,11,22,27,33|0|28,50,77|6-11=0,6-22=0,6-33=0,11-22=0,11-27=0,22-27=0,22-33=0
6,11,22,27,38|0|50|6-11=0,6-22=0,6-38=0,11-22=0,11-27=0,11-38=0,22-27=0,22-38=0,27-38=0
6,11,22,29,33|0|77|6-11=0,6-22=0,6-29=0,6-33=0,11-22=0,11-29=0,22-29=0,22-33=0,29-33=0
6,11,22,33,38|0|77|6-11=0,6-22=0,6-33=0,6-38=0,11-22=0,11-38=0,22-33=0,22-38=0,33-38=0
6,11,27,31,38|0|50|6-11=0,6-31=0,6-38=0,11-27=0,11-31=0,11-38=0,27-31=0,27-38=0,31-38=0
6,11,27,33,38|0|28,50,77|6-11=0,6-33=0,6-38=0,11-27=0,11-38=0,27-38=0,33-38=0
6,11,27,34,38|0|50|6-11=0,6-34=0,6-38=0,11-27=0,11-34=0,11-38=0,27-34=0,27-38=0,34-38=0
6,12,17,28,33|0|7,56,72|6-17=0,6-33=0,12-17=0,12-28=0,17-28=0,17-33=0,28-33=0
6,12,17,30,36|0|7,31|6-17=0,6-30=0,6-36=0,12-17=0,12-30=0,12-36=0,17-30=0,17-36=0
6,12,17,36,42|0|7,37|6-17=0,6-36=0,6-42=0,12-17=0,12-36=0,12-42=0,17-36=0,17-42=0
6,12,19,25,30|0|7,20|6-19=0,6-25=0,6-30=0,12-19=0,12-25=0,12-30=0,19-30=0,25-30=0
6,12,19,30,34|0|7,78|6-19=0,6-30=0,6-34=0,12-19=0,12-30=0,19-30=0,19-34=0,30-34=0
6,12,25,30,36|0|7,31|6-25=0,6-30=0,6-36=0,12-25=0,12-30=0,12-36=0,25-30=0,25-36=0
6,12,25,31,36|0|7,26|6-25=0,6-31=0,6-36=0,12-25=0,12-31=0,12-36=0,25-36=0,31-36=0
6,12,27,31,42|0|7,50|6-31=0,6-42=0,12-27=0,12-31=0,12-42=0,27-31=0,27-42=0,31-42=0
6,12,31,36,42|0|7,37|6-31=0,6-36=0,6-42=0,12-31=0,12-36=0,12-42=0,31-36=0,31-42=0
6,13,17,24,28|0|72|6-13=0,6-17=0,6-24=0,13-17=0,13-24=0,13-28=0,17-24=0,17-28=0,24-28=0
6,13,17,28,33|0|72|6-13=0,6-17=0,6-33=0,13-17=0,13-28=0,13-33=0,17-28=0,17-33=0,28-33=0
6,13,17,33,38|0|61|6-13=0,6-17=0,6-33=0,6-38=0,13-17=0,13-33=0,13-38=0,17-33=0,33-38=0
6,13,19,34,38|0|14,57|6-13=0,6-19=0,6-34=0,6-38=0,13-38=0,19-34=0,19-38=0,34-38=0
6,17,21,36,42|0|37,65|6-17=0,6-21=0,6-36=0,6-42=0,17-21=0,17-36=0,17-42=0,21-36=0
6,17,22,28,33|0|23,72|6-17=0,6-22=0,6-33=0,17-22=0,17-28=0,17-33=0,22-33=0,28-33=0
6,17,22,33,38|0|61|6-17=0,6-22=0,6-33=0,6-38=0,17-22=0,17-33=0,22-33=0,22-38=0,33-38=0
6,17,22,38,42|0|61|6-17=0,6-22=0,6-38=0,6-42=0,17-22=0,17-42=0,22-38=0,22-42=0,38-42=0
6,22,27,33,38|0|28,50|6-22=0,6-33=0,6-38=0,22-27=0,22-33=0,22-38=0,27-38=0,33-38=0
6,22,27,38,42|0|50|6-22=0,6-38=0,6-42=0,22-27=0,22-38=0,22-42=0,27-38=0,27-42=0,38-42=0
6,27,31,38,42|0|50|6-31=0,6-38=0,6-42=0,27-31=0,27-38=0,27-42=0,31-38=0,31-42=0,38-42=0
7,10,13,16,19|1|-14,-11,-8|7-10=1,7-16=1,7-19=1,10-13=1,10-19=1,13-16=1,16-19=1
7,11,18,22,29|0|73|7-11=0,7-18=0,7-22=0,11-18=0,11-22=0,11-29=0,18-22=0,18-29=0,22-29=0
7,11,18,29,34|0|73|7-11=0,7-18=0,7-34=0,11-18=0,11-29=0,11-34=0,18-29=0,18-34=0,29-34=0
7,11,18,34,39|0|62|7-11=0,7-18=0,7-34=0,7-39=0,11-18=0,11-34=0,11-39=0,18-34=0,34-39=0
7,11,22,29,35|0|30,73|7-11=0,7-22=0,7-35=0,11-22=0,11-29=0,11-35=0,22-29=0,22-35=0
7,11,26,32,39|0|27,55|7-11=0,7-26=0,7-32=0,7-39=0,11-26=0,11-39=0,26-39=0,32-39=0
7,12,18,23,34|0|13,78|7-12=0,7-18=0,7-23=0,7-34=0,12-23=0,18-23=0,18-34=0,23-34=0
7,12,18,23,39|0|13,62|7-12=0,7-18=0,7-23=0,7-39=0,12-23=0,12-39=0,18-23=0,23-39=0
7,12,18,25,31|0|13,26|7-12=0,7-18=0,7-25=0,7-31=0,12-25=0,12-31=0,18-25=0,18-31=0
7,12,18,31,37|0|13,32|7-12=0,7-18=0,7-31=0,7-37=0,12-31=0,12-37=0,18-31=0,18-37=0
7,12,18,34,39|0|13,62,78|7-12=0,7-18=0,7-34=0,7-39=0,12-39=0,18-34=0,34-39=0
7,12,23,27,34|0|78|7-12=0,7-23=0,7-27=0,7-34=0,12-23=0,12-27=0,23-27=0,23-34=0,27-34=0
7,12,23,28,34|0|29,51,78|7-12=0,7-23=0,7-34=0,12-23=0,12-28=0,23-28=0,23-34=0
7,12,23,28,39|0|51|7-12=0,7-23=0,7-39=0,12-23=0,12-28=0,12-39=0,23-28=0,23-39=0,28-39=0
7,12,23,30,34|0|78|7-12=0,7-23=0,7-30=0,7-34=0,12-23=0,12-30=0,23-30=0,23-34=0,30-34=0
7,12,23,34,39|0|78|7-12=0,7-23=0,7-34=0,7-39=0,12-23=0,12-39=0,23-34=0,23-39=0,34-39=0
7,12,28,32,39|0|51|7-12=0,7-32=0,7-39=0,12-28=0,12-32=0,12-39=0,28-32=0,28-39=0,32-39=0
7,12,28,34,39|0|29,51,78|7-12=0,7-34=0,7-39=0,12-28=0,12-39=0,28-39=0,34-39=0
7,12,28,35,39|0|51|7-12=0,7-35=0,7-39=0,12-28=0,12-35=0,12-39=0,28-35=0,28-39=0,35-39=0
7,13,18,29,34|0|8,57,73|7-18=0,7-34=0,13-18=0,13-29=0,18-29=0,18-34=0,29-34=0
7,13,18,31,37|0|8,32|7-18=0,7-31=0,7-37=0,13-18=0,13-31=0,13-37=0,18-31=0,18-37=0
7,13,20,26,31|0|8,21|7-20=0,7-26=0,7-31=0,13-20=0,13-26=0,13-31=0,20-31=0,26-31=0
7,13,20,31,35|0|8,79|7-20=0,7-31=0,7-35=0,13-20=0,13-31=0,20-31=0,20-35=0,31-35=0
7,13,26,31,37|0|8,32|7-26=0,7-31=0,7-37=0,13-26=0,13-31=0,13-37=0,26-31=0,26-37=0
7,13,26,32,37|0|8,27|7-26=0,7-32=0,7-37=0,13-26=0,13-32=0,13-37=0,26-37=0,32-37=0
7,14,18,25,29|0|73|7-14=0,7-18=0,7-25=0,14-18=0,14-25=0,14-29=0,18-25=0,18-29=0,25-29=0
7,14,18,29,34|0|73|7-14=0,7-18=0,7-34=0,14-18=0,14-29=0,14-34=0,18-29=0,18-34=0,29-34=0
7,14,18,34,39|0|62|7-14=0,7-18=0,7-34=0,7-39=0,14-18=0,14-34=0,14-39=0,18-34=0,34-39=0
7,14,20,35,39|0|15,58|7-14=0,7-20=0,7-35=0,7-39=0,14-39=0,20-35=0,20-39=0,35-39=0
7,18,23,29,34|0|24,73|7-18=0,7-23=0,7-34=0,18-23=0,18-29=0,18-34=0,23-34=0,29-34=0
7,18,23,34,39|0|62|7-18=0,7-23=0,7-34=0,7-39=0,18-23=0,18-34=0,23-34=0,23-39=0,34-39=0
7,23,28,34,39|0|29,51|7-23=0,7-34=0,7-39=0,23-28=0,23-34=0,23-39=0,28-39=0,34-39=0
8,11,14,17,20|1|-15,-12,-9|8-11=1,8-17=1,8-20=1,11-14=1,11-20=1,14-17=1,17-20=1
8,12,19,23,30|0|74|8-12=0,8-19=0,8-23=0,12-19=0,12-23=0,12-30=0,19-23=0,19-30=0,23-30=0
8,12,19,30,35|0|74|8-12=0,8-19=0,8-35=0,12-19=0,12-30=0,12-35=0,19-30=0,19-35=0,30-35=0
8,12,19,35,40|0|63|8-12=0,8-19=0,8-35=0,8-40=0,12-19=0,12-35=0,12-40=0,19-35=0,35-40=0
8,12,23,30,36|0|31,74|8-12=0,8-23=0,8-36=0,12-23=0,12-30=0,12-36=0,23-30=0,23-36=0
8,12,27,33,40|0|28,56|8-12=0,8-27=0,8-33=0,8-40=0,12-27=0,12-40=0,27-40=0,33-40=0
8,13,19,24,35|0|14,79|8-13=0,8-19=0,8-24=0,8-35=0,13-24=0,19-24=0,19-35=0,24-35=0
8,13,19,24,40|0|14,63|8-13=0,8-19=0,8-24=0,8-40=0,13-24=0,13-40=0,19-24=0,24-40=0
8,13,19,26,32|0|14,27|8-13=0,8-19=0,8-26=0,8-32=0,13-26=0,13-32=0,19-26=0,19-32=0
8,13,19,32,38|0|14,33|8-13=0,8-19=0,8-32=0,8-38=0,13-32=0,13-38=0,19-32=0,19-38=0
8,13,19,35,40|0|14,63,79|8-13=0,8-19=0,8-35=0,8-40=0,13-40=0,19-35=0,35-40=0
8,13,24,28,35|0|79|8-13=0,8-24=0,8-28=0,8-35=0,13-24=0,13-28=0,24-28=0,24-35=0,28-35=0
8,13,24,29,35|0|30,52,79|8-13=0,8-24=0,8-35=0,13-24=0,13-29=0,24-29=0,24-35=0
8,13,24,29,40|0|52|8-13=0,8-24=0,8-40=0,13-24=0,13-29=0,13-40=0,24-29=0,24-40=0,29-40=0
8,13,24,31,35|0|79|8-13=0,8-24=0,8-31=0,8-35=0,13-24=0,13-31=0,24-31=0,24-35=0,31-35=0
8,13,24,35,40|0|79|8-13=0,8-24=0,8-35=0,8-40=0,13-24=0,13-40=0,24-35=0,24-40=0,35-40=0
8,13,29,33,40|0|52|8-13=0,8-33=0,8-40=0,13-29=0,13-33=0,13-40=0,29-33=0,29-40=0,33-40=0
8,13,29,35,40|0|30,52,79|8-13=0,8-35=0,8-40=0,13-29=0,13-40=0,29-40=0,35-40=0
8,13,29,36,40|0|52|8-13=0,8-36=0,8-40=0,13-29=0,13-36=0,13-40=0,29-36=0,29-40=0,36-40=0
8,14,19,30,35|0|9,58,74|8-19=0,8-35=0,14-19=0,14-30=0,19-30=0,19-35=0,30-35=0
8,14,19,32,38|0|9,33|8-19=0,8-32=0,8-38=0,14-19=0,14-32=0,14-38=0,19-32=0,19-38=0
8,14,21,27,32|0|9,22|8-21=0,8-27=0,8-32=0,14-21=0,14-27=0,14-32=0,21-32=0,27-32=0
8,14,21,32,36|0|9,80|8-21=0,8-32=0,8-36=0,14-21=0,14-32=0,21-32=0,21-36=0,32-36=0
8,14,27,32,38|0|9,33|8-27=0,8-32=0,8-38=0,14-27=0,14-32=0,14-38=0,27-32=0,27-38=0
8,14,27,33,38|0|9,28|8-27=0,8-33=0,8-38=0,14-27=0,14-33=0,14-38=0,27-38=0,33-38=0
8,15,19,26,30|0|74|8-15=0,8-19=0,8-26=0,15-19=0,15-26=0,15-30=0,19-26=0,19-30=0,26-30=0
8,15,19,30,35|0|74|8-15=0,8-19=0,8-35=0,15-19=0,15-30=0,15-35=0,19-30=0,19-35=0,30-35=0
8,15,19,35,40|0|63|8-15=0,8-19=0,8-35=0,8-40=0,15-19=0,15-35=0,15-40=0,19-35=0,35-40=0
8,15,21,36,40|0|16,59|8-15=0,8-21=0,8-36=0,8-40=0,15-40=0,21-36=0,21-40=0,36-40=0
8,19,24,30,35|0|25,74|8-19=0,8-24=0,8-35=0,19-24=0,19-30=0,19-35=0,24-35=0,30-35=0
8,19,24,35,40|0|63|8-19=0,8-24=0,8-35=0,8-40=0,19-24=0,19-35=0,24-35=0,24-40=0,35-40=0
8,24,29,35,40|0|30,52|8-24=0,8-35=0,8-40=0,24-29=0,24-35=0,24-40=0,29-40=0,35-40=0
9,12,15,18,21|1|-16,-13,-10|9-12=1,9-18=1,9-21=1,12-15=1,12-21=1,15-18=1,18-21=1
9,13,20,24,31|0|75|9-13=0,9-20=0,9-24=0,13-20=0,13-24=0,13-31=0,20-24=0,20-31=0,24-31=0
9,13,20,31,36|0|75|9-13=0,9-20=0,9-36=0,13-20=0,13-31=0,13-36=0,20-31=0,20-36=0,31-36=0
9,13,20,36,41|0|64|9-13=0,9-20=0,9-36=0,9-41=0,13-20=0,13-36=0,13-41=0,20-36=0,36-41=0
9,13,24,31,37|0|32,75|9-13=0,9-24=0,9-37=0,13-24=0,13-31=0,13-37=0,24-31=0,24-37=0
9,13,28,34,41|0|29,57|9-13=0,9-28=0,9-34=0,9-41=0,13-28=0,13-41=0,28-41=0,34-41=0
9,14,20,25,36|0|15,80|9-14=0,9-20=0,9-25=0,9-36=0,14-25=0,20-25=0,20-36=0,25-36=0
9,14,20,25,41|0|15,64|9-14=0,9-20=0,9-25=0,9-41=0,14-25=0,14-41=0,20-25=0,25-41=0
9,14,20,27,33|0|15,28|9-14=0,9-20=0,9-27=0,9-33=0,14-27=0,14-33=0,20-27=0,20-33=0
9,14,20,33,39|0|15,34|9-14=0,9-20=0,9-33=0,9-39=0,14-33=0,14-39=0,20-33=0,20-39=0
9,14,20,36,41|0|15,64,80|9-14=0,9-20=0,9-36=0,9-41=0,14-41=0,20-36=0,36-41=0
9,14,25,29,36|0|80|9-14=0,9-25=0,9-29=0,9-36=0,14-25=0,14-29=0,25-29=0,25-36=0,29-36=0
9,14,25,30,36|0|31,53,80|9-14=0,9-25=0,9-36=0,14-25=0,14-30=0,25-30=0,25-36=0
9,14,25,30,41|0|53|9-14=0,9-25=0,9-41=0,14-25=0,14-30=0,14-41=0,25-30=0,25-41=0,30-41=0
9,14,25,32,36|0|80|9-14=0,9-25=0,9-32=0,9-36=0,14-25=0,14-32=0,25-32=0,25-36=0,32-36=0
9,14,25,36,41|0|80|9-14=0,9-25=0,9-36=0,9-41=0,14-25=0,14-41=0,25-36=0,25-41=0,36-41=0
9,14,30,34,41|0|53|9-14=0,9-34=0,9-41=0,14-30=0,14-34=0,14-41=0,30-34=0,30-41=0,34-41=0
9,14,30,36,41|0|31,53,80|9-14=0,9-36=0,9-41=0,14-30=0,14-41=0,30-41=0,36-41=0
9,14,30,37,41|0|53|9-14=0,9-37=0,9-41=0,14-30=0,14-37=0,14-41=0,30-37=0,30-41=0,37-41=0
9,15,20,31,36|0|10,59,75|9-20=0,9-36=0,15-20=0,15-31=0,20-31=0,20-36=0,31-36=0
9,15,20,33,39|0|10,34|9-20=0,9-33=0,9-39=0,15-20=0,15-33=0,15-39=0,20-33=0,20-39=0
9,15,22,28,33|0|10,23|9-22=0,9-28=0,9-33=0,15-22=0,15-28=0,15-33=0,22-33=0,28-33=0
9,15,22,33,37|0|10,81|9-22=0,9-33=0,9-37=0,15-22=0,15-33=0,22-33=0,22-37=0,33-37=0
9,15,28,33,39|0|10,34|9-28=0,9-33=0,9-39=0,15-28=0,15-33=0,15-39=0,28-33=0,28-39=0
9,15,28,34,39|0|10,29|9-28=0,9-34=0,9-39=0,15-28=0,15-34=0,15-39=0,28-39=0,34-39=0
9,16,20,27,31|0|75|9-16=0,9-20=0,9-27=0,16-20=0,16-27=0,16-31=0,20-27=0,20-31=0,27-31=0
9,16,20,31,36|0|75|9-16=0,9-20=0,9-36=0,16-20=0,16-31=0,16-36=0,20-31=0,20-36=0,31-36=0
9,16,20,36,41|0|64|9-16=0,9-20=0,9-36=0,9-41=0,16-20=0,16-36=0,16-41=0,20-36=0,36-41=0
9,16,22,37,41|0|17,60|9-16=0,9-22=0,9-37=0,9-41=0,16-41=0,22-37=0,22-41=0,37-41=0
9,20,25,31,36|0|26,75|9-20=0,9-25=0,9-36=0,20-25=0,20-31=0,20-36=0,25-36=0,31-36=0
9,20,25,36,41|0|64|9-20=0,9-25=0,9-36=0,9-41=0,20-25=0,20-36=0,25-36=0,25-41=0,36-41=0
9,25,30,36,41|0|31,53|9-25=0,9-36=0,9-41=0,25-30=0,25-36=0,25-41=0,30-41=0,36-41=0
10,13,16,19,22|1|-17,-14,-11|10-13=1,10-19=1,10-22=1,13-16=1,13-22=1,16-19=1,19-22=1
10,14,21,25,32|0|76|10-14=0,10-21=0,10-25=0,14-21=0,14-25=0,14-32=0,21-25=0,21-32=0,25-32=0
10,14,21,32,37|0|76|10-14=0,10-21=0,10-37=0,14-21=0,14-32=0,14-37=0,21-32=0,21-37=0,32-37=0
10,14,21,37,42|0|65|10-14=0,10-21=0,10-37=0,10-42=0,14-21=0,14-37=0,14-42=0,21-37=0,37-42=0
10,14,25,32,38|0|33,76|10-14=0,10-25=0,10-38=0,14-25=0,14-32=0,14-38=0,25-32=0,25-38=0
10,14,29,35,42|0|30,58|10-14=0,10-29=0,10-35=0,10-42=0,14-29=0,14-42=0,29-42=0,35-42=0
10,15,21,26,37|0|16,81|10-15=0,10-21=0,10-26=0,10-37=0,15-26=0,21-26=0,21-37=0,26-37=0
10,15,21,26,42|0|16,65|10-15=0,10-21=0,10-26=0,10-42=0,15-26=0,15-42=0,21-26=0,26-42=0
10,15,21,28,34|0|16,29|10-15=0,10-21=0,10-28=0,10-34=0,15-28=0,15-34=0,21-28=0,21-34=0
10,15,21,34,40|0|16,35|10-15=0,10-21=0,10-34=0,10-40=0,15-34=0,15-40=0,21-34=0,21-40=0
10,15,21,37,42|0|16,65,81|10-15=0,10-21=0,10-37=0,10-42=0,15-42=0,21-37=0,37-42=0
10,15,26,30,37|0|81|10-15=0,10-26=0,10-30=0,10-37=0,15-26=0,15-30=0,26-30=0,26-37=0,30-37=0
10,15,26,31,37|0|32,54,81|10-15=0,10-26=0,10-37=0,15-26=0,15-31=0,26-31=0,26-37=0
10,15,26,31,42|0|54|10-15=0,10-26=0,10-42=0,15-26=0,15-31=0,15-42=0,26-31=0,26-42=0,31-42=0
10,15,26,33,37|0|81|10-15=0,10-26=0,10-33=0,10-37=0,15-26=0,15-33=0,26-33=0,26-37=0,33-37=0
10,15,26,37,42|0|81|10-15=0,10-26=0,10-37=0,10-42=0,15-26=0,15-42=0,26-37=0,26-42=0,37-42=0
10,15,31,35,42|0|54|10-15=0,10-35=0,10-42=0,15-31=0,15-35=0,15-42=0,31-35=0,31-42=0,35-42=0
10,15,31,37,42|0|32,54,81|10-15=0,10-37=0,10-42=0,15-31=0,15-42=0,31-42=0,37-42=0
10,15,31,38,42|0|54|10-15=0,10-38=0,10-42=0,15-31=0,15-38=0,15-42=0,31-38=0,31-42=0,38-42=0
10,16,21,32,37|0|11,60,76|10-21=0,10-37=0,16-21=0,16-32=0,21-32=0,21-37=0,32-37=0
10,16,21,34,40|0|11,35|10-21=0,10-34=0,10-40=0,16-21=0,16-34=0,16-40=0,21-34=0,21-40=0
10,16,23,29,34|0|11,24|10-23=0,10-29=0,10-34=0,16-23=0,16-29=0,16-34=0,23-34=0,29-34=0
10,16,23,34,38|0|11,82|10-23=0,10-34=0,10-38=0,16-23=0,16-34=0,23-34=0,23-38=0,34-38=0
10,16,29,34,40|0|11,35|10-29=0,10-34=0,10-40=0,16-29=0,16-34=0,16-40=0,29-34=0,29-40=0
10,16,29,35,40|0|11,30|10-29=0,10-35=0,10-40=0,16-29=0,16-35=0,16-40=0,29-40=0,35-40=0
10,17,21,28,32|0|76|10-17=0,10-21=0,10-28=0,17-21=0,17-28=0,17-32=0,21-28=0,21-32=0,28-32=0
10,17,21,32,37|0|76|10-17=0,10-21=0,10-37=0,17-21=0,17-32=0,17-37=0,21-32=0,21-37=0,32-37=0
10,17,21,37,42|0|65|10-17=0,10-21=0,10-37=0,10-42=0,17-21=0,17-37=0,17-42=0,21-37=0,37-42=0
10,17,23,38,42|0|18,61|10-17=0,10-23=0,10-38=0,10-42=0,17-42=0,23-38=0,23-42=0,38-42=0
10,21,26,32,37|0|27,76|10-21=0,10-26=0,10-37=0,21-26=0,21-32=0,21-37=0,26-37=0,32-37=0
10,21,26,37,42|0|65|10-21=0,10-26=0,10-37=0,10-42=0,21-26=0,21-37=0,26-37=0,26-42=0,37-42=0
10,26,31,37,42|0|32,54|10-26=0,10-37=0,10-42=0,26-31=0,26-37=0,26-42=0,31-42=0,37-42=0
11,14,17,20,23|1|-18,-15,-12|11-14=1,11-20=1,11-23=1,14-17=1,14-23=1,17-20=1,20-23=1
11,15,22,26,33|0|77|11-15=0,11-22=0,11-26=0,15-22=0,15-26=0,15-33=0,22-26=0,22-33=0,26-33=0
11,15,22,33,38|0|77|11-15=0,11-22=0,11-38=0,15-22=0,15-33=0,15-38=0,22-33=0,22-38=0,33-38=0
11,15,26,33,39|0|34,77|11-15=0,11-26=0,11-39=0,15-26=0,15-33=0,15-39=0,26-33=0,26-39=0
11,16,22,27,38|0|17,82|11-16=0,11-22=0,11-27=0,11-38=0,16-27=0,22-27=0,22-38=0,27-38=0
11,16,22,29,35|0|17,30|11-16=0,11-22=0,11-29=0,11-35=0,16-29=0,16-35=0,22-29=0,22-35=0
11,16,22,35,41|0|17,36|11-16=0,11-22=0,11-35=0,11-41=0,16-35=0,16-41=0,22-35=0,22-41=0
11,16,27,31,38|0|82|11-16=0,11-27=0,11-31=0,11-38=0,16-27=0,16-31=0,27-31=0,27-38=0,31-38=0
11,16,27,32,38|0|33,55,82|11-16=0,11-27=0,11-38=0,16-27=0,16-32=0,27-32=0,27-38=0
11,16,27,34,38|0|82|11-16=0,11-27=0,11-34=0,11-38=0,16-27=0,16-34=0,27-34=0,27-38=0,34-38=0
11,17,22,33,38|0|12,61,77|11-22=0,11-38=0,17-22=0,17-33=0,22-33=0,22-38=0,33-38=0
11,17,22,35,41|0|12,36|11-22=0,11-35=0,11-41=0,17-22=0,17-35=0,17-41=0,22-35=0,22-41=0
11,17,24,30,35|0|12,25|11-24=0,11-30=0,11-35=0,17-24=0,17-30=0,17-35=0,24-35=0,30-35=0
11,17,24,35,39|0|12,83|11-24=0,11-35=0,11-39=0,17-24=0,17-35=0,24-35=0,24-39=0,35-39=0
11,17,30,35,41|0|12,36|11-30=0,11-35=0,11-41=0,17-30=0,17-35=0,17-41=0,30-35=0,30-41=0
11,17,30,36,41|0|12,31|11-30=0,11-36=0,11-41=0,17-30=0,17-36=0,17-41=0,30-41=0,36-41=0
11,18,22,29,33|0|77|11-18=0,11-22=0,11-29=0,18-22=0,18-29=0,18-33=0,22-29=0,22-33=0,29-33=0
11,18,22,33,38|0|77|11-18=0,11-22=0,11-38=0,18-22=0,18-33=0,18-38=0,22-33=0,22-38=0,33-38=0
11,22,27,33,38|0|28,77|11-22=0,11-27=0,11-38=0,22-27=0,22-33=0,22-38=0,27-38=0,33-38=0
12,15,18,21,24|1|-19,-16,-13|12-15=1,12-21=1,12-24=1,15-18=1,15-24=1,18-21=1,21-24=1
12,16,23,27,34|0|78|12-16=0,12-23=0,12-27=0,16-23=0,16-27=0,16-34=0,23-27=0,23-34=0,27-34=0
12,16,23,34,39|0|78|12-16=0,12-23=0,12-39=0,16-23=0,16-34=0,16-39=0,23-34=0,23-39=0,34-39=0
12,16,27,34,40|0|35,78|12-16=0,12-27=0,12-40=0,16-27=0,16-34=0,16-40=0,27-34=0,27-40=0
12,17,23,28,39|0|18,83|12-17=0,12-23=0,12-28=0,12-39=0,17-28=0,23-28=0,23-39=0,28-39=0
12,17,23,30,36|0|18,31|12-17=0,12-23=0,12-30=0,12-36=0,17-30=0,17-36=0,23-30=0,23-36=0
12,17,23,36,42|0|18,37|12-17=0,12-23=0,12-36=0,12-42=0,17-36=0,17-42=0,23-36=0,23-42=0
12,17,28,32,39|0|83|12-17=0,12-28=0,12-32=0,12-39=0,17-28=0,17-32=0,28-32=0,28-39=0,32-39=0
12,17,28,33,39|0|34,56,83|12-17=0,12-28=0,12-39=0,17-28=0,17-33=0,28-33=0,28-39=0
12,17,28,35,39|0|83|12-17=0,12-28=0,12-35=0,12-39=0,17-28=0,17-35=0,28-35=0,28-39=0,35-39=0
12,18,23,34,39|0|13,62,78|12-23=0,12-39=0,18-23=0,18-34=0,23-34=0,23-39=0,34-39=0
12,18,23,36,42|0|13,37|12-23=0,12-36=0,12-42=0,18-23=0,18-36=0,18-42=0,23-36=0,23-42=0
12,18,25,31,36|0|13,26|12-25=0,12-31=0,12-36=0,18-25=0,18-31=0,18-36=0,25-36=0,31-36=0
12,18,25,36,40|0|13,84|12-25=0,12-36=0,12-40=0,18-25=0,18-36=0,25-36=0,25-40=0,36-40=0
12,18,31,36,42|0|13,37|12-31=0,12-36=0,12-42=0,18-31=0,18-36=0,18-42=0,31-36=0,31-42=0
12,18,31,37,42|0|13,32|12-31=0,12-37=0,12-42=0,18-31=0,18-37=0,18-42=0,31-42=0,37-42=0
12,19,23,30,34|0|78|12-19=0,12-23=0,12-30=0,19-23=0,19-30=0,19-34=0,23-30=0,23-34=0,30-34=0
12,19,23,34,39|0|78|12-19=0,12-23=0,12-39=0,19-23=0,19-34=0,19-39=0,23-34=0,23-39=0,34-39=0
12,23,28,34,39|0|29,78|12-23=0,12-28=0,12-39=0,23-28=0,23-34=0,23-39=0,28-39=0,34-39=0
13,16,19,22,25|1|-20,-17,-14|13-16=1,13-22=1,13-25=1,16-19=1,16-25=1,19-22=1,22-25=1
13,17,24,28,35|0|79|13-17=0,13-24=0,13-28=0,17-24=0,17-28=0,17-35=0,24-28=0,24-35=0,28-35=0
13,17,24,35,40|0|79|13-17=0,13-24=0,13-40=0,17-24=0,17-35=0,17-40=0,24-35=0,24-40=0,35-40=0
13,17,28,35,41|0|36,79|13-17=0,13-28=0,13-41=0,17-28=0,17-35=0,17-41=0,28-35=0,28-41=0
13,18,24,29,40|0|19,84|13-18=0,13-24=0,13-29=0,13-40=0,18-29=0,24-29=0,24-40=0,29-40=0
13,18,24,31,37|0|19,32|13-18=0,13-24=0,13-31=0,13-37=0,18-31=0,18-37=0,24-31=0,24-37=0
13,18,29,33,40|0|84|13-18=0,13-29=0,13-33=0,13-40=0,18-29=0,18-33=0,29-33=0,29-40=0,33-40=0
13,18,29,34,40|0|35,57,84|13-18=0,13-29=0,13-40=0,18-29=0,18-34=0,29-34=0,29-40=0
13,18,29,36,40|0|84|13-18=0,13-29=0,13-36=0,13-40=0,18-29=0,18-36=0,29-36=0,29-40=0,36-40=0
13,19,24,35,40|0|14,63,79|13-24=0,13-40=0,19-24=0,19-35=0,24-35=0,24-40=0,35-40=0
13,19,26,32,37|0|14,27|13-26=0,13-32=0,13-37=0,19-26=0,19-32=0,19-37=0,26-37=0,32-37=0
13,19,26,37,41|0|14,85|13-26=0,13-37=0,13-41=0,19-26=0,19-37=0,26-37=0,26-41=0,37-41=0
13,20,24,31,35|0|79|13-20=0,13-24=0,13-31=0,20-24=0,20-31=0,20-35=0,24-31=0,24-35=0,31-35=0
13,20,24,35,40|0|79|13-20=0,13-24=0,13-40=0,20-24=0,20-35=0,20-40=0,24-35=0,24-40=0,35-40=0
13,24,29,35,40|0|30,79|13-24=0,13-29=0,13-40=0,24-29=0,24-35=0,24-40=0,29-40=0,35-40=0
14,17,20,23,26|1|-21,-18,-15|14-17=1,14-23=1,14-26=1,17-20=1,17-26=1,20-23=1,23-26=1
14,18,25,29,36|0|80|14-18=0,14-25=0,14-29=0,18-25=0,18-29=0,18-36=0,25-29=0,25-36=0,29-36=0
14,18,25,36,41|0|80|14-18=0,14-25=0,14-41=0,18-25=0,18-36=0,18-41=0,25-36=0,25-41=0,36-41=0
14,18,29,36,42|0|37,80|14-18=0,14-29=0,14-42=0,18-29=0,18-36=0,18-42=0,29-36=0,29-42=0
14,19,25,30,41|0|20,85|14-19=0,14-25=0,14-30=0,14-41=0,19-30=0,25-30=0,25-41=0,30-41=0
14,19,25,32,38|0|20,33|14-19=0,14-25=0,14-32=0,14-38=0,19-32=0,19-38=0,25-32=0,25-38=0
14,19,30,34,41|0|85|14-19=0,14-30=0,14-34=0,14-41=0,19-30=0,19-34=0,30-34=0,30-41=0,34-41=0
14,19,30,35,41|0|36,58,85|14-19=0,14-30=0,14-41=0,19-30=0,19-35=0,30-35=0,30-41=0
14,19,30,37,41|0|85|14-19=0,14-30=0,14-37=0,14-41=0,19-30=0,19-37=0,30-37=0,30-41=0,37-41=0
14,20,25,36,41|0|15,64,80|14-25=0,14-41=0,20-25=0,20-36=0,25-36=0,25-41=0,36-41=0
14,20,27,33,38|0|15,28|14-27=0,14-33=0,14-38=0,20-27=0,20-33=0,20-38=0,27-38=0,33-38=0
14,20,27,38,42|0|15,86|14-27=0,14-38=0,14-42=0,20-27=0,20-38=0,27-38=0,27-42=0,38-42=0
14,21,25,32,36|0|80|14-21=0,14-25=0,14-32=0,21-25=0,21-32=0,21-36=0,25-32=0,25-36=0,32-36=0
14,21,25,36,41|0|80|14-21=0,14-25=0,14-41=0,21-25=0,21-36=0,21-41=0,25-36=0,25-41=0,36-41=0
14,25,30,36,41|0|31,80|14-25=0,14-30=0,14-41=0,25-30=0,25-36=0,25-41=0,30-41=0,36-41=0
15,18,21,24,27|1|-22,-19,-16|15-18=1,15-24=1,15-27=1,18-21=1,18-27=1,21-24=1,24-27=1
15,19,26,30,37|0|81|15-19=0,15-26=0,15-30=0,19-26=0,19-30=0,19-37=0,26-30=0,26-37=0,30-37=0
15,19,26,37,42|0|81|15-19=0,15-26=0,15-42=0,19-26=0,19-37=0,19-42=0,26-37=0,26-42=0,37-42=0
15,20,26,31,42|0|21,86|15-20=0,15-26=0,15-31=0,15-42=0,20-31=0,26-31=0,26-42=0,31-42=0
15,20,26,33,39|0|21,34|15-20=0,15-26=0,15-33=0,15-39=0,20-33=0,20-39=0,26-33=0,26-39=0
15,20,31,35,42|0|86|15-20=0,15-31=0,15-35=0,15-42=0,20-31=0,20-35=0,31-35=0,31-42=0,35-42=0
15,20,31,36,42|0|37,59,86|15-20=0,15-31=0,15-42=0,20-31=0,20-36=0,31-36=0,31-42=0
15,20,31,38,42|0|86|15-20=0,15-31=0,15-38=0,15-42=0,20-31=0,20-38=0,31-38=0,31-42=0,38-42=0
15,21,26,37,42|0|16,65,81|15-26=0,15-42=0,21-26=0,21-37=0,26-37=0,26-42=0,37-42=0
15,21,28,34,39|0|16,29|15-28=0,15-34=0,15-39=0,21-28=0,21-34=0,21-39=0,28-39=0,34-39=0
15,22,26,33,37|0|81|15-22=0,15-26=0,15-33=0,22-26=0,22-33=0,22-37=0,26-33=0,26-37=0,33-37=0
15,22,26,37,42|0|81|15-22=0,15-26=0,15-42=0,22-26=0,22-37=0,22-42=0,26-37=0,26-42=0,37-42=0
15,26,31,37,42|0|32,81|15-26=0,15-31=0,15-42=0,26-31=0,26-37=0,26-42=0,31-42=0,37-42=0
16,19,22,25,28|1|-23,-20,-17|16-19=1,16-25=1,16-28=1,19-22=1,19-28=1,22-25=1,25-28=1
16,20,27,31,38|0|82|16-20=0,16-27=0,16-31=0,20-27=0,20-31=0,20-38=0,27-31=0,27-38=0,31-38=0
16,21,27,34,40|0|22,35|16-21=0,16-27=0,16-34=0,16-40=0,21-34=0,21-40=0,27-34=0,27-40=0
16,22,29,35,40|0|17,30|16-29=0,16-35=0,16-40=0,22-29=0,22-35=0,22-40=0,29-40=0,35-40=0
16,23,27,34,38|0|82|16-23=0,16-27=0,16-34=0,23-27=0,23-34=0,23-38=0,27-34=0,27-38=0,34-38=0
17,20,23,26,29|1|-24,-21,-18|17-20=1,17-26=1,17-29=1,20-23=1,20-29=1,23-26=1,26-29=1
17,21,28,32,39|0|83|17-21=0,17-28=0,17-32=0,21-28=0,21-32=0,21-39=0,28-32=0,28-39=0,32-39=0
17,22,28,35,41|0|23,36|17-22=0,17-28=0,17-35=0,17-41=0,22-35=0,22-41=0,28-35=0,28-41=0
17,23,30,36,41|0|18,31|17-30=0,17-36=0,17-41=0,23-30=0,23-36=0,23-41=0,30-41=0,36-41=0
17,24,28,35,39|0|83|17-24=0,17-28=0,17-35=0,24-28=0,24-35=0,24-39=0,28-35=0,28-39=0,35-39=0
18,21,24,27,30|1|-25,-22,-19|18-21=1,18-27=1,18-30=1,21-24=1,21-30=1,24-27=1,27-30=1
18,22,29,33,40|0|84|18-22=0,18-29=0,18-33=0,22-29=0,22-33=0,22-40=0,29-33=0,29-40=0,33-40=0
18,23,29,36,42|0|24,37|18-23=0,18-29=0,18-36=0,18-42=0,23-36=0,23-42=0,29-36=0,29-42=0
18,24,31,37,42|0|19,32|18-31=0,18-37=0,18-42=0,24-31=0,24-37=0,24-42=0,31-42=0,37-42=0
18,25,29,36,40|0|84|18-25=0,18-29=0,18-36=0,25-29=0,25-36=0,25-40=0,29-36=0,29-40=0,36-40=0
19,22,25,28,31|1|-26,-23,-20|19-22=1,19-28=1,19-31=1,22-25=1,22-31=1,25-28=1,28-31=1
19,23,30,34,41|0|85|19-23=0,19-30=0,19-34=0,23-30=0,23-34=0,23-41=0,30-34=0,30-41=0,34-41=0
19,26,30,37,41|0|85|19-26=0,19-30=0,19-37=0,26-30=0,26-37=0,26-41=0,30-37=0,30-41=0,37-41=0
20,23,26,29,32|1|-27,-24,-21|20-23=1,20-29=1,20-32=1,23-26=1,23-32=1,26-29=1,29-32=1
20,24,31,35,42|0|86|20-24=0,20-31=0,20-35=0,24-31=0,24-35=0,24-42=0,31-35=0,31-42=0,35-42=0
20,27,31,38,42|0|86|20-27=0,20-31=0,20-38=0,27-31=0,27-38=0,27-42=0,31-38=0,31-42=0,38-42=0
21,24,27,30,33|1|-28,-25,-22|21-24=1,21-30=1,21-33=1,24-27=1,24-33=1,27-30=1,30-33=1
22,25,28,31,34|1|-29,-26,-23|22-25=1,22-31=1,22-34=1,25-28=1,25-34=1,28-31=1,31-34=1
23,26,29,32,35|1|-30,-27,-24|23-26=1,23-32=1,23-35=1,26-29=1,26-35=1,29-32=1,32-35=1
24,27,30,33,36|1|-31,-28,-25|24-27=1,24-33=1,24-36=1,27-30=1,27-36=1,30-33=1,33-36=1
25,28,31,34,37|1|-32,-29,-26|25-28=1,25-34=1,25-37=1,28-31=1,28-37=1,31-34=1,34-37=1
26,29,32,35,38|1|-33,-30,-27|26-29=1,26-35=1,26-38=1,29-32=1,29-38=1,32-35=1,35-38=1
27,30,33,36,39|1|-34,-31,-28|27-30=1,27-36=1,27-39=1,30-33=1,30-39=1,33-36=1,36-39=1
28,31,34,37,40|1|-35,-32,-29|28-31=1,28-37=1,28-40=1,31-34=1,31-40=1,34-37=1,37-40=1
29,32,35,38,41|1|-36,-33,-30|29-32=1,29-38=1,29-41=1,32-35=1,32-41=1,35-38=1,38-41=1
30,33,36,39,42|1|-37,-34,-31|30-33=1,30-39=1,30-42=1,33-36=1,33-42=1,36-39=1,39-42=1
