0,1,3,22,34|1|-47|0-1=1,0-3=1,0-22=1,0-34=1,1-3=1,1-22=1,1-34=1,3-34=1,22-34=1
0,1,10,22,34|1|-78|0-1=1,0-10=1,0-22=1,0-34=1,1-10=1,1-22=1,1-34=1,10-22=1,22-34=1
0,1,10,22,41|1|-66|0-1=1,0-10=1,0-22=1,0-41=1,1-10=1,1-22=1,1-41=1,10-22=1,10-41=1
0,2,3,12,24|1|-68|0-2=1,0-3=1,0-12=1,2-3=1,2-12=1,2-24=1,3-12=1,3-24=1,12-24=1
0,2,10,12,24|1|-68|0-2=1,0-10=1,0-12=1,2-10=1,2-12=1,2-24=1,10-12=1,10-24=1,12-24=1
0,2,10,12,31|1|-56|0-2=1,0-10=1,0-12=1,0-31=1,2-10=1,2-12=1,2-31=1,10-12=1,10-31=1
0,2,10,19,31|1|-44|0-2=1,0-10=1,0-31=1,2-10=1,2-19=1,2-31=1,10-19=1,10-31=1,19-31=1
0,2,12,14,24|1|-68|0-2=1,0-12=1,0-14=1,2-12=1,2-14=1,2-24=1,12-14=1,12-24=1,14-24=1
0,2,12,14,26|1|-70|0-2=1,0-12=1,0-14=1,0-26=1,2-12=1,2-14=1,12-14=1,12-26=1,14-26=1
0,2,12,14,31|1|-56|0-2=1,0-12=1,0-14=1,0-31=1,2-12=1,2-14=1,2-31=1,12-14=1,14-31=1
0,2,12,14,33|1|-58|0-2=1,0-12=1,0-14=1,0-33=1,2-12=1,2-14=1,2-33=1,12-14=1,12-33=1
0,2,12,21,24|1|-68,-46|0-2=1,0-12=1,0-21=1,2-12=1,2-24=1,12-21=1,12-24=1,21-24=1
0,2,12,21,31|1|-56,-46|0-2=1,0-12=1,0-21=1,0-31=1,2-12=1,2-31=1,12-21=1,21-31=1
0,2,12,21,33|1|-46|0-2=1,0-12=1,0-21=1,0-33=1,2-12=1,2-33=1,12-21=1,12-33=1,21-33=1
0,2,12,24,26|1|-70,-68|0-2=1,0-12=1,0-26=1,2-12=1,2-24=1,12-24=1,12-26=1,24-26=1
0,2,12,24,33|1|-68|0-2=1,0-12=1,0-33=1,2-12=1,2-24=1,2-33=1,12-24=1,12-33=1,24-33=1
0,2,12,31,33|1|-56|0-2=1,0-12=1,0-31=1,0-33=1,2-12=1,2-31=1,2-33=1,12-33=1,31-33=1
0,2,14,24,26|1|-70,-68|0-2=1,0-14=1,0-26=1,2-14=1,2-24=1,14-24=1,14-26=1,24-26=1
0,2,14,24,33|1|-68,-58|0-2=1,0-14=1,0-33=1,2-14=1,2-24=1,2-33=1,14-24=1,24-33=1
0,2,14,26,35|1|-70|0-2=1,0-14=1,0-26=1,0-35=1,2-14=1,2-35=1,14-26=1,14-35=1,26-35=1
0,2,14,31,33|1|-58|0-2=1,0-14=1,0-31=1,0-33=1,2-14=1,2-31=1,2-33=1,14-31=1,31-33=1
0,2,14,33,35|1|-58|0-2=1,0-14=1,0-33=1,0-35=1,2-14=1,2-33=1,2-35=1,14-35=1,33-35=1
0,2,19,21,31|1|-46,-44|0-2=1,0-21=1,0-31=1,2-19=1,2-31=1,19-21=1,19-31=1,21-31=1
0,2,19,21,33|1|-46,-44|0-2=1,0-21=1,0-33=1,2-19=1,2-33=1,19-21=1,19-33=1,21-33=1
0,2,19,31,33|1|-44|0-2=1,0-31=1,0-33=1,2-19=1,2-31=1,2-33=1,19-31=1,19-33=1,31-33=1
0,2,21,24,33|1|-68,-46|0-2=1,0-21=1,0-33=1,2-24=1,2-33=1,21-24=1,21-33=1,24-33=1
0,2,21,31,33|1|-46|0-2=1,0-21=1,0-31=1,0-33=1,2-31=1,2-33=1,21-31=1,21-33=1,31-33=1
0,2,21,33,35|1|-46|0-2=1,0-21=1,0-33=1,0-35=1,2-33=1,2-35=1,21-33=1,21-35=1,33-35=1
0,2,21,33,42|1|-46|0-2=1,0-21=1,0-33=1,0-42=1,2-33=1,2-42=1,21-33=1,21-42=1,33-42=1
0,3,6,9,12|1|-7,-4,-1|0-3=1,0-9=1,0-12=1,3-6=1,3-12=1,6-9=1,9-12=1
0,3,6,9,40|1|-41,-4,-1|0-3=1,0-9=1,0-40=1,3-6=1,6-9=1,6-40=1,9-40=1
0,3,6,37,40|1|-41,-38,-1|0-3=1,0-40=1,3-6=1,3-37=1,6-37=1,6-40=1,37-40=1
0,3,12,22,24|1|-68,-47|0-3=1,0-12=1,0-22=1,3-12=1,3-24=1,12-22=1,12-24=1,22-24=1
0,3,12,22,34|1|-47|0-3=1,0-12=1,0-22=1,0-34=1,3-12=1,3-34=1,12-22=1,12-34=1,22-34=1
0,3,12,24,34|1|-68|0-3=1,0-12=1,0-34=1,3-12=1,3-24=1,3-34=1,12-24=1,12-34=1,24-34=1
0,3,22,24,34|1|-68,-47|0-3=1,0-22=1,0-34=1,3-24=1,3-34=1,22-24=1,22-34=1,24-34=1
0,3,34,37,40|1|-41,-38,-35|0-3=1,0-34=1,0-40=1,3-34=1,3-37=1,34-37=1,37-40=1
0,5,11,18,24|0|6,19,49,68|0-5=0,0-11=0,0-18=0,5-18=0,11-18=0,11-24=0
0,5,11,24,30|0|6,25,49,55,68|0-5=0,0-11=0,0-30=0,5-30=0,11-24=0
0,5,18,24,37|0|19,38,49,62,68|0-5=0,0-18=0,5-18=0,5-37=0,24-37=0
0,5,24,30,37|0|25,38,49,68|0-5=0,0-30=0,5-30=0,5-37=0,24-37=0,30-37=0
0,6,11,24,30|0|1,25,55,68,74|0-11=0,0-30=0,6-11=0,6-24=0,11-24=0
0,6,11,30,36|0|1,31,55,74|0-11=0,0-30=0,0-36=0,6-11=0,6-36=0,11-36=0
0,6,13,19,24|0|1,14,44,68|0-13=0,6-13=0,6-19=0,6-24=0,13-24=0,19-24=0
0,6,13,19,38|0|1,14,44,63|0-13=0,0-38=0,6-13=0,6-19=0,6-38=0,13-38=0
0,6,19,24,30|0|1,25,44,68,74|0-30=0,6-19=0,6-24=0,19-24=0,19-30=0
0,6,19,25,30|0|1,20,44,50,74|0-25=0,0-30=0,6-19=0,19-30=0,25-30=0
0,6,19,25,38|0|1,20,44,50,63|0-25=0,0-38=0,6-19=0,6-38=0,25-38=0
0,6,25,30,36|0|1,31,50,74|0-25=0,0-30=0,0-36=0,6-36=0,25-30=0,25-36=0
0,7,13,18,37|0|8,38,62,81|0-7=0,0-13=0,0-18=0,7-18=0,7-37=0,13-18=0
0,7,13,32,37|0|8,38,57,81|0-7=0,0-13=0,0-32=0,7-32=0,7-37=0,32-37=0
0,8,10,22,34|1|-78|0-8=1,0-10=1,0-22=1,0-34=1,8-10=1,8-22=1,8-34=1,10-22=1,22-34=1
0,8,10,22,41|1|-66|0-8=1,0-10=1,0-22=1,0-41=1,8-10=1,8-22=1,8-41=1,10-22=1,10-41=1
0,8,10,29,41|1|-54|0-8=1,0-10=1,0-29=1,0-41=1,8-10=1,8-29=1,8-41=1,10-41=1,29-41=1
0,8,17,29,41|1|-85|0-8=1,0-17=1,0-29=1,0-41=1,8-17=1,8-29=1,8-41=1,17-29=1,29-41=1
0,9,10,12,31|1|-56|0-9=1,0-10=1,0-12=1,0-31=1,9-10=1,9-12=1,9-31=1,10-12=1,10-31=1
0,9,10,19,31|1|-44|0-9=1,0-10=1,0-31=1,9-10=1,9-19=1,9-31=1,10-19=1,10-31=1,19-31=1
0,9,12,21,31|1|-56|0-9=1,0-12=1,0-21=1,0-31=1,9-12=1,9-21=1,9-31=1,12-21=1,21-31=1
0,9,12,21,33|1|-77|0-9=1,0-12=1,0-21=1,0-33=1,9-12=1,9-21=1,12-21=1,12-33=1,21-33=1
0,9,12,31,33|1|-77,-56|0-9=1,0-12=1,0-31=1,0-33=1,9-12=1,9-31=1,12-33=1,31-33=1
0,9,17,19,31|1|-44|0-9=1,0-17=1,0-31=1,9-17=1,9-19=1,9-31=1,17-19=1,17-31=1,19-31=1
0,9,19,21,31|1|-44|0-9=1,0-21=1,0-31=1,9-19=1,9-21=1,9-31=1,19-21=1,19-31=1,21-31=1
0,9,19,21,33|1|-77,-44|0-9=1,0-21=1,0-33=1,9-19=1,9-21=1,19-21=1,19-33=1,21-33=1
0,9,19,21,40|1|-65,-44|0-9=1,0-21=1,0-40=1,9-19=1,9-21=1,9-40=1,19-21=1,19-40=1
0,9,19,31,33|1|-77,-44|0-9=1,0-31=1,0-33=1,9-19=1,9-31=1,19-31=1,19-33=1,31-33=1
0,9,19,31,40|1|-44|0-9=1,0-31=1,0-40=1,9-19=1,9-31=1,9-40=1,19-31=1,19-40=1,31-40=1
0,9,21,31,33|1|-77|0-9=1,0-21=1,0-31=1,0-33=1,9-21=1,9-31=1,21-31=1,21-33=1,31-33=1
0,9,21,31,40|1|-65|0-9=1,0-21=1,0-31=1,0-40=1,9-21=1,9-31=1,9-40=1,21-31=1,31-40=1
0,9,21,33,35|1|-77|0-9=1,0-21=1,0-33=1,0-35=1,9-21=1,9-35=1,21-33=1,21-35=1,33-35=1
0,9,21,33,42|1|-77|0-9=1,0-21=1,0-33=1,0-42=1,9-21=1,9-42=1,21-33=1,21-42=1,33-42=1
0,9,21,40,42|1|-65|0-9=1,0-21=1,0-40=1,0-42=1,9-21=1,9-40=1,9-42=1,21-42=1,40-42=1
0,10,12,22,24|1|-68|0-10=1,0-12=1,0-22=1,10-12=1,10-22=1,10-24=1,12-22=1,12-24=1,22-24=1
0,10,12,22,31|1|-56|0-10=1,0-12=1,0-22=1,0-31=1,10-12=1,10-22=1,10-31=1,12-22=1,22-31=1
0,10,12,22,34|1|-78|0-10=1,0-12=1,0-22=1,0-34=1,10-12=1,10-22=1,12-22=1,12-34=1,22-34=1
0,10,12,22,41|1|-66|0-10=1,0-12=1,0-22=1,0-41=1,10-12=1,10-22=1,10-41=1,12-22=1,12-41=1
0,10,12,24,34|1|-78,-68|0-10=1,0-12=1,0-34=1,10-12=1,10-24=1,12-24=1,12-34=1,24-34=1
0,10,12,24,41|1|-68|0-10=1,0-12=1,0-41=1,10-12=1,10-24=1,10-41=1,12-24=1,12-41=1,24-41=1
0,10,12,29,31|1|-56,-54|0-10=1,0-12=1,0-29=1,0-31=1,10-12=1,10-31=1,12-29=1,29-31=1
0,10,12,29,41|1|-54|0-10=1,0-12=1,0-29=1,0-41=1,10-12=1,10-41=1,12-29=1,12-41=1,29-41=1
0,10,12,31,34|1|-78,-56|0-10=1,0-12=1,0-31=1,0-34=1,10-12=1,10-31=1,12-34=1,31-34=1
0,10,12,31,41|1|-56|0-10=1,0-12=1,0-31=1,0-41=1,10-12=1,10-31=1,10-41=1,12-41=1,31-41=1
0,10,19,22,31|1|-44|0-10=1,0-22=1,0-31=1,10-19=1,10-22=1,10-31=1,19-22=1,19-31=1,22-31=1
0,10,19,22,41|1|-66,-44|0-10=1,0-22=1,0-41=1,10-19=1,10-22=1,10-41=1,19-22=1,19-41=1
0,10,19,29,31|1|-54,-44|0-10=1,0-29=1,0-31=1,10-19=1,10-31=1,19-29=1,19-31=1,29-31=1
0,10,19,29,41|1|-54,-44|0-10=1,0-29=1,0-41=1,10-19=1,10-41=1,19-29=1,19-41=1,29-41=1
0,10,19,31,41|1|-44|0-10=1,0-31=1,0-41=1,10-19=1,10-31=1,10-41=1,19-31=1,19-41=1,31-41=1
0,10,22,24,34|1|-78,-68|0-10=1,0-22=1,0-34=1,10-22=1,10-24=1,22-24=1,22-34=1,24-34=1
0,10,22,24,41|1|-68,-66|0-10=1,0-22=1,0-41=1,10-22=1,10-24=1,10-41=1,22-24=1,24-41=1
0,10,22,31,34|1|-78|0-10=1,0-22=1,0-31=1,0-34=1,10-22=1,10-31=1,22-31=1,22-34=1,31-34=1
0,10,22,31,41|1|-66|0-10=1,0-22=1,0-31=1,0-41=1,10-22=1,10-31=1,10-41=1,22-31=1,31-41=1
0,10,29,31,41|1|-54|0-10=1,0-29=1,0-31=1,0-41=1,10-31=1,10-41=1,29-31=1,29-41=1,31-41=1
0,12,14,22,24|1|-68|0-12=1,0-14=1,0-22=1,12-14=1,12-22=1,12-24=1,14-22=1,14-24=1,22-24=1
0,12,14,22,31|1|-56|0-12=1,0-14=1,0-22=1,0-31=1,12-14=1,12-22=1,14-22=1,14-31=1,22-31=1
0,12,14,24,26|1|-68|0-12=1,0-14=1,0-26=1,12-14=1,12-24=1,12-26=1,14-24=1,14-26=1,24-26=1
0,12,14,24,33|1|-68,-58|0-12=1,0-14=1,0-33=1,12-14=1,12-24=1,12-33=1,14-24=1,24-33=1
0,12,14,31,33|1|-58,-56|0-12=1,0-14=1,0-31=1,0-33=1,12-14=1,12-33=1,14-31=1,31-33=1
0,12,21,22,24|1|-68|0-12=1,0-21=1,0-22=1,12-21=1,12-22=1,12-24=1,21-22=1,21-24=1,22-24=1
0,12,21,22,31|1|-56|0-12=1,0-21=1,0-22=1,0-31=1,12-21=1,12-22=1,21-22=1,21-31=1,22-31=1
0,12,21,24,33|1|-68|0-12=1,0-21=1,0-33=1,12-21=1,12-24=1,12-33=1,21-24=1,21-33=1,24-33=1
0,12,21,29,31|1|-56|0-12=1,0-21=1,0-29=1,0-31=1,12-21=1,12-29=1,21-29=1,21-31=1,29-31=1
0,12,21,31,33|1|-56|0-12=1,0-21=1,0-31=1,0-33=1,12-21=1,12-33=1,21-31=1,21-33=1,31-33=1
0,12,22,24,34|1|-68|0-12=1,0-22=1,0-34=1,12-22=1,12-24=1,12-34=1,22-24=1,22-34=1,24-34=1
0,12,22,24,41|1|-68,-66|0-12=1,0-22=1,0-41=1,12-22=1,12-24=1,12-41=1,22-24=1,24-41=1
0,12,22,31,34|1|-56|0-12=1,0-22=1,0-31=1,0-34=1,12-22=1,12-34=1,22-31=1,22-34=1,31-34=1
0,12,22,31,41|1|-66,-56|0-12=1,0-22=1,0-31=1,0-41=1,12-22=1,12-41=1,22-31=1,31-41=1
0,12,24,26,34|1|-68|0-12=1,0-26=1,0-34=1,12-24=1,12-26=1,12-34=1,24-26=1,24-34=1,26-34=1
0,12,24,33,34|1|-68|0-12=1,0-33=1,0-34=1,12-24=1,12-33=1,12-34=1,24-33=1,24-34=1,33-34=1
0,12,24,33,41|1|-68|0-12=1,0-33=1,0-41=1,12-24=1,12-33=1,12-41=1,24-33=1,24-41=1,33-41=1
0,12,29,31,41|1|-56|0-12=1,0-29=1,0-31=1,0-41=1,12-29=1,12-41=1,29-31=1,29-41=1,31-41=1
0,12,31,33,34|1|-56|0-12=1,0-31=1,0-33=1,0-34=1,12-33=1,12-34=1,31-33=1,31-34=1,33-34=1
0,12,31,33,41|1|-56|0-12=1,0-31=1,0-33=1,0-41=1,12-33=1,12-41=1,31-33=1,31-41=1,33-41=1
0,13,18,24,37|0|19,38,62,68,81|0-13=0,0-18=0,13-18=0,13-24=0,24-37=0
0,13,19,24,37|0|14,38,44,68,81|0-13=0,13-24=0,19-24=0,19-37=0,24-37=0
0,13,19,32,37|0|14,38,44,57,81|0-13=0,0-32=0,19-32=0,19-37=0,32-37=0
0,13,19,32,38|0|14,33,44,57,63|0-13=0,0-32=0,0-38=0,13-38=0,19-32=0
0,17,19,29,31|1|-44|0-17=1,0-29=1,0-31=1,17-19=1,17-29=1,17-31=1,19-29=1,19-31=1,29-31=1
0,17,19,29,41|1|-85,-44|0-17=1,0-29=1,0-41=1,17-19=1,17-29=1,19-29=1,19-41=1,29-41=1
0,17,19,31,41|1|-85,-44|0-17=1,0-31=1,0-41=1,17-19=1,17-31=1,19-31=1,19-41=1,31-41=1
0,17,29,31,41|1|-85|0-17=1,0-29=1,0-31=1,0-41=1,17-29=1,17-31=1,29-31=1,29-41=1,31-41=1
0,19,21,22,31|1|-44|0-21=1,0-22=1,0-31=1,19-21=1,19-22=1,19-31=1,21-22=1,21-31=1,22-31=1
0,19,21,29,31|1|-44|0-21=1,0-29=1,0-31=1,19-21=1,19-29=1,19-31=1,21-29=1,21-31=1,29-31=1
0,19,21,31,33|1|-44|0-21=1,0-31=1,0-33=1,19-21=1,19-31=1,19-33=1,21-31=1,21-33=1,31-33=1
0,19,21,31,40|1|-65,-44|0-21=1,0-31=1,0-40=1,19-21=1,19-31=1,19-40=1,21-31=1,31-40=1
0,19,22,31,41|1|-66,-44|0-22=1,0-31=1,0-41=1,19-22=1,19-31=1,19-41=1,22-31=1,31-41=1
0,19,24,30,37|0|25,38,44,68|0-30=0,19-24=0,19-30=0,19-37=0,24-37=0,30-37=0
0,19,25,32,38|0|20,33,44,63|0-25=0,0-32=0,0-38=0,19-32=0,25-32=0,25-38=0
0,19,29,31,41|1|-44|0-29=1,0-31=1,0-41=1,19-29=1,19-31=1,19-41=1,29-31=1,29-41=1,31-41=1
0,19,31,33,41|1|-44|0-31=1,0-33=1,0-41=1,19-31=1,19-33=1,19-41=1,31-33=1,31-41=1,33-41=1
0,19,31,40,41|1|-44|0-31=1,0-40=1,0-41=1,19-31=1,19-40=1,19-41=1,31-40=1,31-41=1,40-41=1
0,31,34,37,40|1|-38,-35,-32|0-31=1,0-34=1,0-40=1,31-34=1,31-40=1,34-37=1,37-40=1
1,2,4,23,35|1|-48|1-2=1,1-4=1,1-23=1,1-35=1,2-4=1,2-23=1,2-35=1,4-35=1,23-35=1
1,2,11,23,35|1|-79|1-2=1,1-11=1,1-23=1,1-35=1,2-11=1,2-23=1,2-35=1,11-23=1,23-35=1
1,2,11,23,42|1|-67|1-2=1,1-11=1,1-23=1,1-42=1,2-11=1,2-23=1,2-42=1,11-23=1,11-42=1
1,3,4,13,25|1|-69|1-3=1,1-4=1,1-13=1,3-4=1,3-13=1,3-25=1,4-13=1,4-25=1,13-25=1
1,3,11,13,25|1|-69|1-3=1,1-11=1,1-13=1,3-11=1,3-13=1,3-25=1,11-13=1,11-25=1,13-25=1
1,3,11,13,32|1|-57|1-3=1,1-11=1,1-13=1,1-32=1,3-11=1,3-13=1,3-32=1,11-13=1,11-32=1
1,3,11,20,32|1|-45|1-3=1,1-11=1,1-32=1,3-11=1,3-20=1,3-32=1,11-20=1,11-32=1,20-32=1
1,3,13,15,25|1|-69|1-3=1,1-13=1,1-15=1,3-13=1,3-15=1,3-25=1,13-15=1,13-25=1,15-25=1
1,3,13,15,27|1|-71|1-3=1,1-13=1,1-15=1,1-27=1,3-13=1,3-15=1,13-15=1,13-27=1,15-27=1
1,3,13,15,32|1|-57|1-3=1,1-13=1,1-15=1,1-32=1,3-13=1,3-15=1,3-32=1,13-15=1,15-32=1
1,3,13,15,34|1|-59|1-3=1,1-13=1,1-15=1,1-34=1,3-13=1,3-15=1,3-34=1,13-15=1,13-34=1
1,3,13,22,25|1|-69,-47|1-3=1,1-13=1,1-22=1,3-13=1,3-25=1,13-22=1,13-25=1,22-25=1
1,3,13,22,32|1|-57,-47|1-3=1,1-13=1,1-22=1,1-32=1,3-13=1,3-32=1,13-22=1,22-32=1
1,3,13,22,34|1|-47|1-3=1,1-13=1,1-22=1,1-34=1,3-13=1,3-34=1,13-22=1,13-34=1,22-34=1
1,3,13,25,27|1|-71,-69|1-3=1,1-13=1,1-27=1,3-13=1,3-25=1,13-25=1,13-27=1,25-27=1
1,3,13,25,34|1|-69|1-3=1,1-13=1,1-34=1,3-13=1,3-25=1,3-34=1,13-25=1,13-34=1,25-34=1
1,3,13,32,34|1|-57|1-3=1,1-13=1,1-32=1,1-34=1,3-13=1,3-32=1,3-34=1,13-34=1,32-34=1
1,3,15,25,27|1|-71,-69|1-3=1,1-15=1,1-27=1,3-15=1,3-25=1,15-25=1,15-27=1,25-27=1
1,3,15,25,34|1|-69,-59|1-3=1,1-15=1,1-34=1,3-15=1,3-25=1,3-34=1,15-25=1,25-34=1
1,3,15,27,36|1|-71|1-3=1,1-15=1,1-27=1,1-36=1,3-15=1,3-36=1,15-27=1,15-36=1,27-36=1
1,3,15,32,34|1|-59|1-3=1,1-15=1,1-32=1,1-34=1,3-15=1,3-32=1,3-34=1,15-32=1,32-34=1
1,3,15,34,36|1|-59|1-3=1,1-15=1,1-34=1,1-36=1,3-15=1,3-34=1,3-36=1,15-36=1,34-36=1
1,3,20,22,32|1|-47,-45|1-3=1,1-22=1,1-32=1,3-20=1,3-32=1,20-22=1,20-32=1,22-32=1
1,3,20,22,34|1|-47,-45|1-3=1,1-22=1,1-34=1,3-20=1,3-34=1,20-22=1,20-34=1,22-34=1
1,3,20,32,34|1|-45|1-3=1,1-32=1,1-34=1,3-20=1,3-32=1,3-34=1,20-32=1,20-34=1,32-34=1
1,3,22,25,34|1|-69,-47|1-3=1,1-22=1,1-34=1,3-25=1,3-34=1,22-25=1,22-34=1,25-34=1
1,3,22,32,34|1|-47|1-3=1,1-22=1,1-32=1,1-34=1,3-32=1,3-34=1,22-32=1,22-34=1,32-34=1
1,3,22,34,36|1|-47|1-3=1,1-22=1,1-34=1,1-36=1,3-34=1,3-36=1,22-34=1,22-36=1,34-36=1
1,4,7,10,13|1|-8,-5,-2|1-4=1,1-10=1,1-13=1,4-7=1,4-13=1,7-10=1,10-13=1
1,4,7,10,41|1|-42,-5,-2|1-4=1,1-10=1,1-41=1,4-7=1,7-10=1,7-41=1,10-41=1
1,4,7,38,41|1|-42,-39,-2|1-4=1,1-41=1,4-7=1,4-38=1,7-38=1,7-41=1,38-41=1
1,4,13,23,25|1|-69,-48|1-4=1,1-13=1,1-23=1,4-13=1,4-25=1,13-23=1,13-25=1,23-25=1
1,4,13,23,35|1|-48|1-4=1,1-13=1,1-23=1,1-35=1,4-13=1,4-35=1,13-23=1,13-35=1,23-35=1
1,4,13,25,35|1|-69|1-4=1,1-13=1,1-35=1,4-13=1,4-25=1,4-35=1,13-25=1,13-35=1,25-35=1
1,4,23,25,35|1|-69,-48|1-4=1,1-23=1,1-35=1,4-25=1,4-35=1,23-25=1,23-35=1,25-35=1
1,4,35,38,41|1|-42,-39,-36|1-4=1,1-35=1,1-41=1,4-35=1,4-38=1,35-38=1,38-41=1
1,6,12,19,25|0|7,20,50,69|1-6=0,1-12=0,1-19=0,6-19=0,12-19=0,12-25=0
1,6,12,25,31|0|7,26,50,56,69|1-6=0,1-12=0,1-31=0,6-31=0,12-25=0
1,6,19,25,38|0|20,39,50,63,69|1-6=0,1-19=0,6-19=0,6-38=0,25-38=0
1,6,25,31,38|0|26,39,50,69|1-6=0,1-31=0,6-31=0,6-38=0,25-38=0,31-38=0
1,7,12,25,31|0|2,26,56,69,75|1-12=0,1-31=0,7-12=0,7-25=0,12-25=0
1,7,12,31,37|0|2,32,56,75|1-12=0,1-31=0,1-37=0,7-12=0,7-37=0,12-37=0
1,7,14,20,25|0|2,15,45,69|1-14=0,7-14=0,7-20=0,7-25=0,14-25=0,20-25=0
1,7,14,20,39|0|2,15,45,64|1-14=0,1-39=0,7-14=0,7-20=0,7-39=0,14-39=0
1,7,20,25,31|0|2,26,45,69,75|1-31=0,7-20=0,7-25=0,20-25=0,20-31=0
1,7,20,26,31|0|2,21,45,51,75|1-26=0,1-31=0,7-20=0,20-31=0,26-31=0
1,7,20,26,39|0|2,21,45,51,64|1-26=0,1-39=0,7-20=0,7-39=0,26-39=0
1,7,26,31,37|0|2,32,51,75|1-26=0,1-31=0,1-37=0,7-37=0,26-31=0,26-37=0
1,8,14,19,38|0|9,39,63,82|1-8=0,1-14=0,1-19=0,8-19=0,8-38=0,14-19=0
1,8,14,33,38|0|9,39,58,82|1-8=0,1-14=0,1-33=0,8-33=0,8-38=0,33-38=0
1,9,11,23,35|1|-79|1-9=1,1-11=1,1-23=1,1-35=1,9-11=1,9-23=1,9-35=1,11-23=1,23-35=1
1,9,11,23,42|1|-67|1-9=1,1-11=1,1-23=1,1-42=1,9-11=1,9-23=1,9-42=1,11-23=1,11-42=1
1,9,11,30,42|1|-55|1-9=1,1-11=1,1-30=1,1-42=1,9-11=1,9-30=1,9-42=1,11-42=1,30-42=1
1,9,18,30,42|1|-86|1-9=1,1-18=1,1-30=1,1-42=1,9-18=1,9-30=1,9-42=1,18-30=1,30-42=1
1,10,11,13,32|1|-57|1-10=1,1-11=1,1-13=1,1-32=1,10-11=1,10-13=1,10-32=1,11-13=1,11-32=1
1,10,11,20,32|1|-45|1-10=1,1-11=1,1-32=1,10-11=1,10-20=1,10-32=1,11-20=1,11-32=1,20-32=1
1,10,13,22,32|1|-57|1-10=1,1-13=1,1-22=1,1-32=1,10-13=1,10-22=1,10-32=1,13-22=1,22-32=1
1,10,13,22,34|1|-78|1-10=1,1-13=1,1-22=1,1-34=1,10-13=1,10-22=1,13-22=1,13-34=1,22-34=1
1,10,13,32,34|1|-78,-57|1-10=1,1-13=1,1-32=1,1-34=1,10-13=1,10-32=1,13-34=1,32-34=1
1,10,18,20,32|1|-45|1-10=1,1-18=1,1-32=1,10-18=1,10-20=1,10-32=1,18-20=1,18-32=1,20-32=1
1,10,20,22,32|1|-45|1-10=1,1-22=1,1-32=1,10-20=1,10-22=1,10-32=1,20-22=1,20-32=1,22-32=1
1,10,20,22,34|1|-78,-45|1-10=1,1-22=1,1-34=1,10-20=1,10-22=1,20-22=1,20-34=1,22-34=1
1,10,20,22,41|1|-66,-45|1-10=1,1-22=1,1-41=1,10-20=1,10-22=1,10-41=1,20-22=1,20-41=1
1,10,20,32,34|1|-78,-45|1-10=1,1-32=1,1-34=1,10-20=1,10-32=1,20-32=1,20-34=1,32-34=1
1,10,20,32,41|1|-45|1-10=1,1-32=1,1-41=1,10-20=1,10-32=1,10-41=1,20-32=1,20-41=1,32-41=1
1,10,22,32,34|1|-78|1-10=1,1-22=1,1-32=1,1-34=1,10-22=1,10-32=1,22-32=1,22-34=1,32-34=1
1,10,22,32,41|1|-66|1-10=1,1-22=1,1-32=1,1-41=1,10-22=1,10-32=1,10-41=1,22-32=1,32-41=1
1,10,22,34,36|1|-78|1-10=1,1-22=1,1-34=1,1-36=1,10-22=1,10-36=1,22-34=1,22-36=1,34-36=1
1,11,13,23,25|1|-69|1-11=1,1-13=1,1-23=1,11-13=1,11-23=1,11-25=1,13-23=1,13-25=1,23-25=1
1,11,13,23,32|1|-57|1-11=1,1-13=1,1-23=1,1-32=1,11-13=1,11-23=1,11-32=1,13-23=1,23-32=1
1,11,13,23,35|1|-79|1-11=1,1-13=1,1-23=1,1-35=1,11-13=1,11-23=1,13-23=1,13-35=1,23-35=1
1,11,13,23,42|1|-67|1-11=1,1-13=1,1-23=1,1-42=1,11-13=1,11-23=1,11-42=1,13-23=1,13-42=1
1,11,13,25,35|1|-79,-69|1-11=1,1-13=1,1-35=1,11-13=1,11-25=1,13-25=1,13-35=1,25-35=1
1,11,13,25,42|1|-69|1-11=1,1-13=1,1-42=1,11-13=1,11-25=1,11-42=1,13-25=1,13-42=1,25-42=1
1,11,13,30,32|1|-57,-55|1-11=1,1-13=1,1-30=1,1-32=1,11-13=1,11-32=1,13-30=1,30-32=1
1,11,13,30,42|1|-55|1-11=1,1-13=1,1-30=1,1-42=1,11-13=1,11-42=1,13-30=1,13-42=1,30-42=1
1,11,13,32,35|1|-79,-57|1-11=1,1-13=1,1-32=1,1-35=1,11-13=1,11-32=1,13-35=1,32-35=1
1,11,13,32,42|1|-57|1-11=1,1-13=1,1-32=1,1-42=1,11-13=1,11-32=1,11-42=1,13-42=1,32-42=1
1,11,20,23,32|1|-45|1-11=1,1-23=1,1-32=1,11-20=1,11-23=1,11-32=1,20-23=1,20-32=1,23-32=1
1,11,20,23,42|1|-67,-45|1-11=1,1-23=1,1-42=1,11-20=1,11-23=1,11-42=1,20-23=1,20-42=1
1,11,20,30,32|1|-55,-45|1-11=1,1-30=1,1-32=1,11-20=1,11-32=1,20-30=1,20-32=1,30-32=1
1,11,20,30,42|1|-55,-45|1-11=1,1-30=1,1-42=1,11-20=1,11-42=1,20-30=1,20-42=1,30-42=1
1,11,20,32,42|1|-45|1-11=1,1-32=1,1-42=1,11-20=1,11-32=1,11-42=1,20-32=1,20-42=1,32-42=1
1,11,23,25,35|1|-79,-69|1-11=1,1-23=1,1-35=1,11-23=1,11-25=1,23-25=1,23-35=1,25-35=1
1,11,23,25,42|1|-69,-67|1-11=1,1-23=1,1-42=1,11-23=1,11-25=1,11-42=1,23-25=1,25-42=1
1,11,23,32,35|1|-79|1-11=1,1-23=1,1-32=1,1-35=1,11-23=1,11-32=1,23-32=1,23-35=1,32-35=1
1,11,23,32,42|1|-67|1-11=1,1-23=1,1-32=1,1-42=1,11-23=1,11-32=1,11-42=1,23-32=1,32-42=1
1,11,30,32,42|1|-55|1-11=1,1-30=1,1-32=1,1-42=1,11-32=1,11-42=1,30-32=1,30-42=1,32-42=1
1,13,15,23,25|1|-69|1-13=1,1-15=1,1-23=1,13-15=1,13-23=1,13-25=1,15-23=1,15-25=1,23-25=1
1,13,15,23,32|1|-57|1-13=1,1-15=1,1-23=1,1-32=1,13-15=1,13-23=1,15-23=1,15-32=1,23-32=1
1,13,15,25,27|1|-69|1-13=1,1-15=1,1-27=1,13-15=1,13-25=1,13-27=1,15-25=1,15-27=1,25-27=1
1,13,15,25,34|1|-69,-59|1-13=1,1-15=1,1-34=1,13-15=1,13-25=1,13-34=1,15-25=1,25-34=1
1,13,15,32,34|1|-59,-57|1-13=1,1-15=1,1-32=1,1-34=1,13-15=1,13-34=1,15-32=1,32-34=1
1,13,22,23,25|1|-69|1-13=1,1-22=1,1-23=1,13-22=1,13-23=1,13-25=1,22-23=1,22-25=1,23-25=1
1,13,22,23,32|1|-57|1-13=1,1-22=1,1-23=1,1-32=1,13-22=1,13-23=1,22-23=1,22-32=1,23-32=1
1,13,22,25,34|1|-69|1-13=1,1-22=1,1-34=1,13-22=1,13-25=1,13-34=1,22-25=1,22-34=1,25-34=1
1,13,22,30,32|1|-57|1-13=1,1-22=1,1-30=1,1-32=1,13-22=1,13-30=1,22-30=1,22-32=1,30-32=1
1,13,22,32,34|1|-57|1-13=1,1-22=1,1-32=1,1-34=1,13-22=1,13-34=1,22-32=1,22-34=1,32-34=1
1,13,23,25,35|1|-69|1-13=1,1-23=1,1-35=1,13-23=1,13-25=1,13-35=1,23-25=1,23-35=1,25-35=1
1,13,23,25,42|1|-69,-67|1-13=1,1-23=1,1-42=1,13-23=1,13-25=1,13-42=1,23-25=1,25-42=1
1,13,23,32,35|1|-57|1-13=1,1-23=1,1-32=1,1-35=1,13-23=1,13-35=1,23-32=1,23-35=1,32-35=1
1,13,23,32,42|1|-67,-57|1-13=1,1-23=1,1-32=1,1-42=1,13-23=1,13-42=1,23-32=1,32-42=1
1,13,25,27,35|1|-69|1-13=1,1-27=1,1-35=1,13-25=1,13-27=1,13-35=1,25-27=1,25-35=1,27-35=1
1,13,25,34,35|1|-69|1-13=1,1-34=1,1-35=1,13-25=1,13-34=1,13-35=1,25-34=1,25-35=1,34-35=1
1,13,25,34,42|1|-69|1-13=1,1-34=1,1-42=1,13-25=1,13-34=1,13-42=1,25-34=1,25-42=1,34-42=1
1,13,30,32,42|1|-57|1-13=1,1-30=1,1-32=1,1-42=1,13-30=1,13-42=1,30-32=1,30-42=1,32-42=1
1,13,32,34,35|1|-57|1-13=1,1-32=1,1-34=1,1-35=1,13-34=1,13-35=1,32-34=1,32-35=1,34-35=1
1,13,32,34,42|1|-57|1-13=1,1-32=1,1-34=1,1-42=1,13-34=1,13-42=1,32-34=1,32-42=1,34-42=1
1,14,19,25,38|0|20,39,63,69,82|1-14=0,1-19=0,14-19=0,14-25=0,25-38=0
1,14,20,25,38|0|15,39,45,69,82|1-14=0,14-25=0,20-25=0,20-38=0,25-38=0
1,14,20,33,38|0|15,39,45,58,82|1-14=0,1-33=0,20-33=0,20-38=0,33-38=0
1,14,20,33,39|0|15,34,45,58,64|1-14=0,1-33=0,1-39=0,14-39=0,20-33=0
1,18,20,30,32|1|-45|1-18=1,1-30=1,1-32=1,18-20=1,18-30=1,18-32=1,20-30=1,20-32=1,30-32=1
1,18,20,30,42|1|-86,-45|1-18=1,1-30=1,1-42=1,18-20=1,18-30=1,20-30=1,20-42=1,30-42=1
1,18,20,32,42|1|-86,-45|1-18=1,1-32=1,1-42=1,18-20=1,18-32=1,20-32=1,20-42=1,32-42=1
1,18,30,32,42|1|-86|1-18=1,1-30=1,1-32=1,1-42=1,18-30=1,18-32=1,30-32=1,30-42=1,32-42=1
1,20,22,23,32|1|-45|1-22=1,1-23=1,1-32=1,20-22=1,20-23=1,20-32=1,22-23=1,22-32=1,23-32=1
1,20,22,30,32|1|-45|1-22=1,1-30=1,1-32=1,20-22=1,20-30=1,20-32=1,22-30=1,22-32=1,30-32=1
1,20,22,32,34|1|-45|1-22=1,1-32=1,1-34=1,20-22=1,20-32=1,20-34=1,22-32=1,22-34=1,32-34=1
1,20,22,32,41|1|-66,-45|1-22=1,1-32=1,1-41=1,20-22=1,20-32=1,20-41=1,22-32=1,32-41=1
1,20,23,32,42|1|-67,-45|1-23=1,1-32=1,1-42=1,20-23=1,20-32=1,20-42=1,23-32=1,32-42=1
1,20,25,31,38|0|26,39,45,69|1-31=0,20-25=0,20-31=0,20-38=0,25-38=0,31-38=0
1,20,26,33,39|0|21,34,45,64|1-26=0,1-33=0,1-39=0,20-33=0,26-33=0,26-39=0
1,20,30,32,42|1|-45|1-30=1,1-32=1,1-42=1,20-30=1,20-32=1,20-42=1,30-32=1,30-42=1,32-42=1
1,20,32,34,42|1|-45|1-32=1,1-34=1,1-42=1,20-32=1,20-34=1,20-42=1,32-34=1,32-42=1,34-42=1
1,20,32,41,42|1|-45|1-32=1,1-41=1,1-42=1,20-32=1,20-41=1,20-42=1,32-41=1,32-42=1,41-42=1
1,32,35,38,41|1|-39,-36,-33|1-32=1,1-35=1,1-41=1,32-35=1,32-41=1,35-38=1,38-41=1
2,3,5,24,36|1|-49|2-3=1,2-5=1,2-24=1,2-36=1,3-5=1,3-24=1,3-36=1,5-36=1,24-36=1
2,3,12,24,36|1|-80|2-3=1,2-12=1,2-24=1,2-36=1,3-12=1,3-24=1,3-36=1,12-24=1,24-36=1
2,4,5,14,26|1|-70|2-4=1,2-5=1,2-14=1,4-5=1,4-14=1,4-26=1,5-14=1,5-26=1,14-26=1
2,4,12,14,26|1|-70|2-4=1,2-12=1,2-14=1,4-12=1,4-14=1,4-26=1,12-14=1,12-26=1,14-26=1
2,4,12,14,33|1|-58|2-4=1,2-12=1,2-14=1,2-33=1,4-12=1,4-14=1,4-33=1,12-14=1,12-33=1
2,4,12,21,33|1|-46|2-4=1,2-12=1,2-33=1,4-12=1,4-21=1,4-33=1,12-21=1,12-33=1,21-33=1
2,4,14,16,26|1|-70|2-4=1,2-14=1,2-16=1,4-14=1,4-16=1,4-26=1,14-16=1,14-26=1,16-26=1
2,4,14,16,28|1|-72|2-4=1,2-14=1,2-16=1,2-28=1,4-14=1,4-16=1,14-16=1,14-28=1,16-28=1
2,4,14,16,33|1|-58|2-4=1,2-14=1,2-16=1,2-33=1,4-14=1,4-16=1,4-33=1,14-16=1,16-33=1
2,4,14,16,35|1|-60|2-4=1,2-14=1,2-16=1,2-35=1,4-14=1,4-16=1,4-35=1,14-16=1,14-35=1
2,4,14,23,26|1|-70,-48|2-4=1,2-14=1,2-23=1,4-14=1,4-26=1,14-23=1,14-26=1,23-26=1
2,4,14,23,33|1|-58,-48|2-4=1,2-14=1,2-23=1,2-33=1,4-14=1,4-33=1,14-23=1,23-33=1
2,4,14,23,35|1|-48|2-4=1,2-14=1,2-23=1,2-35=1,4-14=1,4-35=1,14-23=1,14-35=1,23-35=1
2,4,14,26,28|1|-72,-70|2-4=1,2-14=1,2-28=1,4-14=1,4-26=1,14-26=1,14-28=1,26-28=1
2,4,14,26,35|1|-70|2-4=1,2-14=1,2-35=1,4-14=1,4-26=1,4-35=1,14-26=1,14-35=1,26-35=1
2,4,14,33,35|1|-58|2-4=1,2-14=1,2-33=1,2-35=1,4-14=1,4-33=1,4-35=1,14-35=1,33-35=1
2,4,16,26,28|1|-72,-70|2-4=1,2-16=1,2-28=1,4-16=1,4-26=1,16-26=1,16-28=1,26-28=1
2,4,16,26,35|1|-70,-60|2-4=1,2-16=1,2-35=1,4-16=1,4-26=1,4-35=1,16-26=1,26-35=1
2,4,16,28,37|1|-72|2-4=1,2-16=1,2-28=1,2-37=1,4-16=1,4-37=1,16-28=1,16-37=1,28-37=1
2,4,16,33,35|1|-60|2-4=1,2-16=1,2-33=1,2-35=1,4-16=1,4-33=1,4-35=1,16-33=1,33-35=1
2,4,16,35,37|1|-60|2-4=1,2-16=1,2-35=1,2-37=1,4-16=1,4-35=1,4-37=1,16-37=1,35-37=1
2,4,21,23,33|1|-48,-46|2-4=1,2-23=1,2-33=1,4-21=1,4-33=1,21-23=1,21-33=1,23-33=1
2,4,21,23,35|1|-48,-46|2-4=1,2-23=1,2-35=1,4-21=1,4-35=1,21-23=1,21-35=1,23-35=1
2,4,21,33,35|1|-46|2-4=1,2-33=1,2-35=1,4-21=1,4-33=1,4-35=1,21-33=1,21-35=1,33-35=1
2,4,23,26,35|1|-70,-48|2-4=1,2-23=1,2-35=1,4-26=1,4-35=1,23-26=1,23-35=1,26-35=1
2,4,23,33,35|1|-48|2-4=1,2-23=1,2-33=1,2-35=1,4-33=1,4-35=1,23-33=1,23-35=1,33-35=1
2,4,23,35,37|1|-48|2-4=1,2-23=1,2-35=1,2-37=1,4-35=1,4-37=1,23-35=1,23-37=1,35-37=1
2,5,8,11,14|1|-9,-6,-3|2-5=1,2-11=1,2-14=1,5-8=1,5-14=1,8-11=1,11-14=1
2,5,8,11,42|1|-43,-6,-3|2-5=1,2-11=1,2-42=1,5-8=1,8-11=1,8-42=1,11-42=1
2,5,8,39,42|1|-43,-40,-3|2-5=1,2-42=1,5-8=1,5-39=1,8-39=1,8-42=1,39-42=1
2,5,14,24,26|1|-70,-49|2-5=1,2-14=1,2-24=1,5-14=1,5-26=1,14-24=1,14-26=1,24-26=1
2,5,14,24,36|1|-49|2-5=1,2-14=1,2-24=1,2-36=1,5-14=1,5-36=1,14-24=1,14-36=1,24-36=1
2,5,14,26,36|1|-70|2-5=1,2-14=1,2-36=1,5-14=1,5-26=1,5-36=1,14-26=1,14-36=1,26-36=1
2,5,24,26,36|1|-70,-49|2-5=1,2-24=1,2-36=1,5-26=1,5-36=1,24-26=1,24-36=1,26-36=1
2,5,36,39,42|1|-43,-40,-37|2-5=1,2-36=1,2-42=1,5-36=1,5-39=1,36-39=1,39-42=1
2,7,13,20,26|0|8,21,51,70|2-7=0,2-13=0,2-20=0,7-20=0,13-20=0,13-26=0
2,7,13,26,32|0|8,27,51,57,70|2-7=0,2-13=0,2-32=0,7-32=0,13-26=0
2,7,20,26,39|0|21,40,51,64,70|2-7=0,2-20=0,7-20=0,7-39=0,26-39=0
2,7,26,32,39|0|27,40,51,70|2-7=0,2-32=0,7-32=0,7-39=0,26-39=0,32-39=0
2,8,13,26,32|0|3,27,57,70,76|2-13=0,2-32=0,8-13=0,8-26=0,13-26=0
2,8,13,32,38|0|3,33,57,76|2-13=0,2-32=0,2-38=0,8-13=0,8-38=0,13-38=0
2,8,15,21,26|0|3,16,46,70|2-15=0,8-15=0,8-21=0,8-26=0,15-26=0,21-26=0
2,8,15,21,40|0|3,16,46,65|2-15=0,2-40=0,8-15=0,8-21=0,8-40=0,15-40=0
2,8,21,26,32|0|3,27,46,70,76|2-32=0,8-21=0,8-26=0,21-26=0,21-32=0
2,8,21,27,32|0|3,22,46,52,76|2-27=0,2-32=0,8-21=0,21-32=0,27-32=0
2,8,21,27,40|0|3,22,46,52,65|2-27=0,2-40=0,8-21=0,8-40=0,27-40=0
2,8,27,32,38|0|3,33,52,76|2-27=0,2-32=0,2-38=0,8-38=0,27-32=0,27-38=0
2,9,15,20,39|0|10,40,64,83|2-9=0,2-15=0,2-20=0,9-20=0,9-39=0,15-20=0
2,9,15,34,39|0|10,40,59,83|2-9=0,2-15=0,2-34=0,9-34=0,9-39=0,34-39=0
2,10,12,24,36|1|-80|2-10=1,2-12=1,2-24=1,2-36=1,10-12=1,10-24=1,10-36=1,12-24=1,24-36=1
2,11,12,14,33|1|-58|2-11=1,2-12=1,2-14=1,2-33=1,11-12=1,11-14=1,11-33=1,12-14=1,12-33=1
2,11,12,21,33|1|-46|2-11=1,2-12=1,2-33=1,11-12=1,11-21=1,11-33=1,12-21=1,12-33=1,21-33=1
2,11,14,23,33|1|-58|2-11=1,2-14=1,2-23=1,2-33=1,11-14=1,11-23=1,11-33=1,14-23=1,23-33=1
2,11,14,23,35|1|-79|2-11=1,2-14=1,2-23=1,2-35=1,11-14=1,11-23=1,14-23=1,14-35=1,23-35=1
2,11,14,33,35|1|-79,-58|2-11=1,2-14=1,2-33=1,2-35=1,11-14=1,11-33=1,14-35=1,33-35=1
2,11,19,21,33|1|-46|2-11=1,2-19=1,2-33=1,11-19=1,11-21=1,11-33=1,19-21=1,19-33=1,21-33=1
2,11,21,23,33|1|-46|2-11=1,2-23=1,2-33=1,11-21=1,11-23=1,11-33=1,21-23=1,21-33=1,23-33=1
2,11,21,23,35|1|-79,-46|2-11=1,2-23=1,2-35=1,11-21=1,11-23=1,21-23=1,21-35=1,23-35=1
2,11,21,23,42|1|-67,-46|2-11=1,2-23=1,2-42=1,11-21=1,11-23=1,11-42=1,21-23=1,21-42=1
2,11,21,33,35|1|-79,-46|2-11=1,2-33=1,2-35=1,11-21=1,11-33=1,21-33=1,21-35=1,33-35=1
2,11,21,33,42|1|-46|2-11=1,2-33=1,2-42=1,11-21=1,11-33=1,11-42=1,21-33=1,21-42=1,33-42=1
2,11,23,33,35|1|-79|2-11=1,2-23=1,2-33=1,2-35=1,11-23=1,11-33=1,23-33=1,23-35=1,33-35=1
2,11,23,33,42|1|-67|2-11=1,2-23=1,2-33=1,2-42=1,11-23=1,11-33=1,11-42=1,23-33=1,33-42=1
2,11,23,35,37|1|-79|2-11=1,2-23=1,2-35=1,2-37=1,11-23=1,11-37=1,23-35=1,23-37=1,35-37=1
2,12,14,24,26|1|-70|2-12=1,2-14=1,2-24=1,12-14=1,12-24=1,12-26=1,14-24=1,14-26=1,24-26=1
2,12,14,24,33|1|-58|2-12=1,2-14=1,2-24=1,2-33=1,12-14=1,12-24=1,12-33=1,14-24=1,24-33=1
2,12,14,24,36|1|-80|2-12=1,2-14=1,2-24=1,2-36=1,12-14=1,12-24=1,14-24=1,14-36=1,24-36=1
2,12,14,26,36|1|-80,-70|2-12=1,2-14=1,2-36=1,12-14=1,12-26=1,14-26=1,14-36=1,26-36=1
2,12,14,31,33|1|-58,-56|2-12=1,2-14=1,2-31=1,2-33=1,12-14=1,12-33=1,14-31=1,31-33=1
2,12,14,33,36|1|-80,-58|2-12=1,2-14=1,2-33=1,2-36=1,12-14=1,12-33=1,14-36=1,33-36=1
2,12,21,24,33|1|-46|2-12=1,2-24=1,2-33=1,12-21=1,12-24=1,12-33=1,21-24=1,21-33=1,24-33=1
2,12,21,31,33|1|-56,-46|2-12=1,2-31=1,2-33=1,12-21=1,12-33=1,21-31=1,21-33=1,31-33=1
2,12,24,26,36|1|-80,-70|2-12=1,2-24=1,2-36=1,12-24=1,12-26=1,24-26=1,24-36=1,26-36=1
2,12,24,33,36|1|-80|2-12=1,2-24=1,2-33=1,2-36=1,12-24=1,12-33=1,24-33=1,24-36=1,33-36=1
2,14,16,24,26|1|-70|2-14=1,2-16=1,2-24=1,14-16=1,14-24=1,14-26=1,16-24=1,16-26=1,24-26=1
2,14,16,24,33|1|-58|2-14=1,2-16=1,2-24=1,2-33=1,14-16=1,14-24=1,16-24=1,16-33=1,24-33=1
2,14,16,26,28|1|-70|2-14=1,2-16=1,2-28=1,14-16=1,14-26=1,14-28=1,16-26=1,16-28=1,26-28=1
2,14,16,26,35|1|-70,-60|2-14=1,2-16=1,2-35=1,14-16=1,14-26=1,14-35=1,16-26=1,26-35=1
2,14,16,33,35|1|-60,-58|2-14=1,2-16=1,2-33=1,2-35=1,14-16=1,14-35=1,16-33=1,33-35=1
2,14,23,24,26|1|-70|2-14=1,2-23=1,2-24=1,14-23=1,14-24=1,14-26=1,23-24=1,23-26=1,24-26=1
2,14,23,24,33|1|-58|2-14=1,2-23=1,2-24=1,2-33=1,14-23=1,14-24=1,23-24=1,23-33=1,24-33=1
2,14,23,26,35|1|-70|2-14=1,2-23=1,2-35=1,14-23=1,14-26=1,14-35=1,23-26=1,23-35=1,26-35=1
2,14,23,31,33|1|-58|2-14=1,2-23=1,2-31=1,2-33=1,14-23=1,14-31=1,23-31=1,23-33=1,31-33=1
2,14,23,33,35|1|-58|2-14=1,2-23=1,2-33=1,2-35=1,14-23=1,14-35=1,23-33=1,23-35=1,33-35=1
2,14,24,26,36|1|-70|2-14=1,2-24=1,2-36=1,14-24=1,14-26=1,14-36=1,24-26=1,24-36=1,26-36=1
2,14,24,33,36|1|-58|2-14=1,2-24=1,2-33=1,2-36=1,14-24=1,14-36=1,24-33=1,24-36=1,33-36=1
2,14,26,28,36|1|-70|2-14=1,2-28=1,2-36=1,14-26=1,14-28=1,14-36=1,26-28=1,26-36=1,28-36=1
2,14,26,35,36|1|-70|2-14=1,2-35=1,2-36=1,14-26=1,14-35=1,14-36=1,26-35=1,26-36=1,35-36=1
2,14,33,35,36|1|-58|2-14=1,2-33=1,2-35=1,2-36=1,14-35=1,14-36=1,33-35=1,33-36=1,35-36=1
2,15,20,26,39|0|21,40,64,70,83|2-15=0,2-20=0,15-20=0,15-26=0,26-39=0
2,15,21,26,39|0|16,40,46,70,83|2-15=0,15-26=0,21-26=0,21-39=0,26-39=0
2,15,21,34,39|0|16,40,46,59,83|2-15=0,2-34=0,21-34=0,21-39=0,34-39=0
2,15,21,34,40|0|16,35,46,59,65|2-15=0,2-34=0,2-40=0,15-40=0,21-34=0
2,19,21,31,33|1|-46|2-19=1,2-31=1,2-33=1,19-21=1,19-31=1,19-33=1,21-31=1,21-33=1,31-33=1
2,21,23,24,33|1|-46|2-23=1,2-24=1,2-33=1,21-23=1,21-24=1,21-33=1,23-24=1,23-33=1,24-33=1
2,21,23,31,33|1|-46|2-23=1,2-31=1,2-33=1,21-23=1,21-31=1,21-33=1,23-31=1,23-33=1,31-33=1
2,21,23,33,35|1|-46|2-23=1,2-33=1,2-35=1,21-23=1,21-33=1,21-35=1,23-33=1,23-35=1,33-35=1
2,21,23,33,42|1|-67,-46|2-23=1,2-33=1,2-42=1,21-23=1,21-33=1,21-42=1,23-33=1,33-42=1
2,21,26,32,39|0|27,40,46,70|2-32=0,21-26=0,21-32=0,21-39=0,26-39=0,32-39=0
2,21,27,34,40|0|22,35,46,65|2-27=0,2-34=0,2-40=0,21-34=0,27-34=0,27-40=0
2,33,36,39,42|1|-40,-37,-34|2-33=1,2-36=1,2-42=1,33-36=1,33-42=1,36-39=1,39-42=1
3,4,6,25,37|1|-50|3-4=1,3-6=1,3-25=1,3-37=1,4-6=1,4-25=1,4-37=1,6-37=1,25-37=1
3,4,13,25,37|1|-81|3-4=1,3-13=1,3-25=1,3-37=1,4-13=1,4-25=1,4-37=1,13-25=1,25-37=1
3,5,6,15,27|1|-71|3-5=1,3-6=1,3-15=1,5-6=1,5-15=1,5-27=1,6-15=1,6-27=1,15-27=1
3,5,13,15,27|1|-71|3-5=1,3-13=1,3-15=1,5-13=1,5-15=1,5-27=1,13-15=1,13-27=1,15-27=1
3,5,13,15,34|1|-59|3-5=1,3-13=1,3-15=1,3-34=1,5-13=1,5-15=1,5-34=1,13-15=1,13-34=1
3,5,13,22,34|1|-47|3-5=1,3-13=1,3-34=1,5-13=1,5-22=1,5-34=1,13-22=1,13-34=1,22-34=1
3,5,15,17,27|1|-71|3-5=1,3-15=1,3-17=1,5-15=1,5-17=1,5-27=1,15-17=1,15-27=1,17-27=1
3,5,15,17,29|1|-73|3-5=1,3-15=1,3-17=1,3-29=1,5-15=1,5-17=1,15-17=1,15-29=1,17-29=1
3,5,15,17,34|1|-59|3-5=1,3-15=1,3-17=1,3-34=1,5-15=1,5-17=1,5-34=1,15-17=1,17-34=1
3,5,15,17,36|1|-61|3-5=1,3-15=1,3-17=1,3-36=1,5-15=1,5-17=1,5-36=1,15-17=1,15-36=1
3,5,15,24,27|1|-71,-49|3-5=1,3-15=1,3-24=1,5-15=1,5-27=1,15-24=1,15-27=1,24-27=1
3,5,15,24,34|1|-59,-49|3-5=1,3-15=1,3-24=1,3-34=1,5-15=1,5-34=1,15-24=1,24-34=1
3,5,15,24,36|1|-49|3-5=1,3-15=1,3-24=1,3-36=1,5-15=1,5-36=1,15-24=1,15-36=1,24-36=1
3,5,15,27,29|1|-73,-71|3-5=1,3-15=1,3-29=1,5-15=1,5-27=1,15-27=1,15-29=1,27-29=1
3,5,15,27,36|1|-71|3-5=1,3-15=1,3-36=1,5-15=1,5-27=1,5-36=1,15-27=1,15-36=1,27-36=1
3,5,15,34,36|1|-59|3-5=1,3-15=1,3-34=1,3-36=1,5-15=1,5-34=1,5-36=1,15-36=1,34-36=1
3,5,17,27,29|1|-73,-71|3-5=1,3-17=1,3-29=1,5-17=1,5-27=1,17-27=1,17-29=1,27-29=1
3,5,17,27,36|1|-71,-61|3-5=1,3-17=1,3-36=1,5-17=1,5-27=1,5-36=1,17-27=1,27-36=1
3,5,17,29,38|1|-73|3-5=1,3-17=1,3-29=1,3-38=1,5-17=1,5-38=1,17-29=1,17-38=1,29-38=1
3,5,17,34,36|1|-61|3-5=1,3-17=1,3-34=1,3-36=1,5-17=1,5-34=1,5-36=1,17-34=1,34-36=1
3,5,17,36,38|1|-61|3-5=1,3-17=1,3-36=1,3-38=1,5-17=1,5-36=1,5-38=1,17-38=1,36-38=1
3,5,22,24,34|1|-49,-47|3-5=1,3-24=1,3-34=1,5-22=1,5-34=1,22-24=1,22-34=1,24-34=1
3,5,22,24,36|1|-49,-47|3-5=1,3-24=1,3-36=1,5-22=1,5-36=1,22-24=1,22-36=1,24-36=1
3,5,22,34,36|1|-47|3-5=1,3-34=1,3-36=1,5-22=1,5-34=1,5-36=1,22-34=1,22-36=1,34-36=1
3,5,24,27,36|1|-71,-49|3-5=1,3-24=1,3-36=1,5-27=1,5-36=1,24-27=1,24-36=1,27-36=1
3,5,24,34,36|1|-49|3-5=1,3-24=1,3-34=1,3-36=1,5-34=1,5-36=1,24-34=1,24-36=1,34-36=1
3,5,24,36,38|1|-49|3-5=1,3-24=1,3-36=1,3-38=1,5-36=1,5-38=1,24-36=1,24-38=1,36-38=1
3,6,9,12,15|1|-10,-7,-4|3-6=1,3-12=1,3-15=1,6-9=1,6-15=1,9-12=1,12-15=1
3,6,15,25,27|1|-71,-50|3-6=1,3-15=1,3-25=1,6-15=1,6-27=1,15-25=1,15-27=1,25-27=1
3,6,15,25,37|1|-50|3-6=1,3-15=1,3-25=1,3-37=1,6-15=1,6-37=1,15-25=1,15-37=1,25-37=1
3,6,15,27,37|1|-71|3-6=1,3-15=1,3-37=1,6-15=1,6-27=1,6-37=1,15-27=1,15-37=1,27-37=1
3,6,25,27,37|1|-71,-50|3-6=1,3-25=1,3-37=1,6-27=1,6-37=1,25-27=1,25-37=1,27-37=1
3,8,14,21,27|0|9,22,52,71|3-8=0,3-14=0,3-21=0,8-21=0,14-21=0,14-27=0
3,8,14,27,33|0|9,28,52,58,71|3-8=0,3-14=0,3-33=0,8-33=0,14-27=0
3,8,21,27,40|0|22,41,52,65,71|3-8=0,3-21=0,8-21=0,8-40=0,27-40=0
3,8,27,33,40|0|28,41,52,71|3-8=0,3-33=0,8-33=0,8-40=0,27-40=0,33-40=0
3,9,14,27,33|0|4,28,58,71,77|3-14=0,3-33=0,9-14=0,9-27=0,14-27=0
3,9,14,33,39|0|4,34,58,77|3-14=0,3-33=0,3-39=0,9-14=0,9-39=0,14-39=0
3,9,16,22,27|0|4,17,47,71|3-16=0,9-16=0,9-22=0,9-27=0,16-27=0,22-27=0
3,9,16,22,41|0|4,17,47,66|3-16=0,3-41=0,9-16=0,9-22=0,9-41=0,16-41=0
3,9,22,27,33|0|4,28,47,71,77|3-33=0,9-22=0,9-27=0,22-27=0,22-33=0
3,9,22,28,33|0|4,23,47,53,77|3-28=0,3-33=0,9-22=0,22-33=0,28-33=0
3,9,22,28,41|0|4,23,47,53,66|3-28=0,3-41=0,9-22=0,9-41=0,28-41=0
3,9,28,33,39|0|4,34,53,77|3-28=0,3-33=0,3-39=0,9-39=0,28-33=0,28-39=0
3,10,16,21,40|0|11,41,65,84|3-10=0,3-16=0,3-21=0,10-21=0,10-40=0,16-21=0
3,10,16,35,40|0|11,41,60,84|3-10=0,3-16=0,3-35=0,10-35=0,10-40=0,35-40=0
3,11,13,25,37|1|-81|3-11=1,3-13=1,3-25=1,3-37=1,11-13=1,11-25=1,11-37=1,13-25=1,25-37=1
3,12,13,15,34|1|-59|3-12=1,3-13=1,3-15=1,3-34=1,12-13=1,12-15=1,12-34=1,13-15=1,13-34=1
3,12,13,22,34|1|-47|3-12=1,3-13=1,3-34=1,12-13=1,12-22=1,12-34=1,13-22=1,13-34=1,22-34=1
3,12,15,24,34|1|-59|3-12=1,3-15=1,3-24=1,3-34=1,12-15=1,12-24=1,12-34=1,15-24=1,24-34=1
3,12,15,24,36|1|-80|3-12=1,3-15=1,3-24=1,3-36=1,12-15=1,12-24=1,15-24=1,15-36=1,24-36=1
3,12,15,34,36|1|-80,-59|3-12=1,3-15=1,3-34=1,3-36=1,12-15=1,12-34=1,15-36=1,34-36=1
3,12,20,22,34|1|-47|3-12=1,3-20=1,3-34=1,12-20=1,12-22=1,12-34=1,20-22=1,20-34=1,22-34=1
3,12,22,24,34|1|-47|3-12=1,3-24=1,3-34=1,12-22=1,12-24=1,12-34=1,22-24=1,22-34=1,24-34=1
3,12,22,24,36|1|-80,-47|3-12=1,3-24=1,3-36=1,12-22=1,12-24=1,22-24=1,22-36=1,24-36=1
3,12,22,34,36|1|-80,-47|3-12=1,3-34=1,3-36=1,12-22=1,12-34=1,22-34=1,22-36=1,34-36=1
3,12,24,34,36|1|-80|3-12=1,3-24=1,3-34=1,3-36=1,12-24=1,12-34=1,24-34=1,24-36=1,34-36=1
3,12,24,36,38|1|-80|3-12=1,3-24=1,3-36=1,3-38=1,12-24=1,12-38=1,24-36=1,24-38=1,36-38=1
3,13,15,25,27|1|-71|3-13=1,3-15=1,3-25=1,13-15=1,13-25=1,13-27=1,15-25=1,15-27=1,25-27=1
3,13,15,25,34|1|-59|3-13=1,3-15=1,3-25=1,3-34=1,13-15=1,13-25=1,13-34=1,15-25=1,25-34=1
3,13,15,25,37|1|-81|3-13=1,3-15=1,3-25=1,3-37=1,13-15=1,13-25=1,15-25=1,15-37=1,25-37=1
3,13,15,27,37|1|-81,-71|3-13=1,3-15=1,3-37=1,13-15=1,13-27=1,15-27=1,15-37=1,27-37=1
3,13,15,32,34|1|-59,-57|3-13=1,3-15=1,3-32=1,3-34=1,13-15=1,13-34=1,15-32=1,32-34=1
3,13,15,34,37|1|-81,-59|3-13=1,3-15=1,3-34=1,3-37=1,13-15=1,13-34=1,15-37=1,34-37=1
3,13,22,25,34|1|-47|3-13=1,3-25=1,3-34=1,13-22=1,13-25=1,13-34=1,22-25=1,22-34=1,25-34=1
3,13,22,32,34|1|-57,-47|3-13=1,3-32=1,3-34=1,13-22=1,13-34=1,22-32=1,22-34=1,32-34=1
3,13,25,27,37|1|-81,-71|3-13=1,3-25=1,3-37=1,13-25=1,13-27=1,25-27=1,25-37=1,27-37=1
3,13,25,34,37|1|-81|3-13=1,3-25=1,3-34=1,3-37=1,13-25=1,13-34=1,25-34=1,25-37=1,34-37=1
3,15,17,25,27|1|-71|3-15=1,3-17=1,3-25=1,15-17=1,15-25=1,15-27=1,17-25=1,17-27=1,25-27=1
3,15,17,25,34|1|-59|3-15=1,3-17=1,3-25=1,3-34=1,15-17=1,15-25=1,17-25=1,17-34=1,25-34=1
3,15,17,27,29|1|-71|3-15=1,3-17=1,3-29=1,15-17=1,15-27=1,15-29=1,17-27=1,17-29=1,27-29=1
3,15,17,27,36|1|-71,-61|3-15=1,3-17=1,3-36=1,15-17=1,15-27=1,15-36=1,17-27=1,27-36=1
3,15,17,34,36|1|-61,-59|3-15=1,3-17=1,3-34=1,3-36=1,15-17=1,15-36=1,17-34=1,34-36=1
3,15,24,25,27|1|-71|3-15=1,3-24=1,3-25=1,15-24=1,15-25=1,15-27=1,24-25=1,24-27=1,25-27=1
3,15,24,25,34|1|-59|3-15=1,3-24=1,3-25=1,3-34=1,15-24=1,15-25=1,24-25=1,24-34=1,25-34=1
3,15,24,27,36|1|-71|3-15=1,3-24=1,3-36=1,15-24=1,15-27=1,15-36=1,24-27=1,24-36=1,27-36=1
3,15,24,32,34|1|-59|3-15=1,3-24=1,3-32=1,3-34=1,15-24=1,15-32=1,24-32=1,24-34=1,32-34=1
3,15,24,34,36|1|-59|3-15=1,3-24=1,3-34=1,3-36=1,15-24=1,15-36=1,24-34=1,24-36=1,34-36=1
3,15,25,27,37|1|-71|3-15=1,3-25=1,3-37=1,15-25=1,15-27=1,15-37=1,25-27=1,25-37=1,27-37=1
3,15,25,34,37|1|-59|3-15=1,3-25=1,3-34=1,3-37=1,15-25=1,15-37=1,25-34=1,25-37=1,34-37=1
3,15,27,29,37|1|-71|3-15=1,3-29=1,3-37=1,15-27=1,15-29=1,15-37=1,27-29=1,27-37=1,29-37=1
3,15,27,36,37|1|-71|3-15=1,3-36=1,3-37=1,15-27=1,15-36=1,15-37=1,27-36=1,27-37=1,36-37=1
3,15,34,36,37|1|-59|3-15=1,3-34=1,3-36=1,3-37=1,15-36=1,15-37=1,34-36=1,34-37=1,36-37=1
3,16,21,27,40|0|22,41,65,71,84|3-16=0,3-21=0,16-21=0,16-27=0,27-40=0
3,16,22,27,40|0|17,41,47,71,84|3-16=0,16-27=0,22-27=0,22-40=0,27-40=0
3,16,22,35,40|0|17,41,47,60,84|3-16=0,3-35=0,22-35=0,22-40=0,35-40=0
3,16,22,35,41|0|17,36,47,60,66|3-16=0,3-35=0,3-41=0,16-41=0,22-35=0
3,20,22,32,34|1|-47|3-20=1,3-32=1,3-34=1,20-22=1,20-32=1,20-34=1,22-32=1,22-34=1,32-34=1
3,22,24,25,34|1|-47|3-24=1,3-25=1,3-34=1,22-24=1,22-25=1,22-34=1,24-25=1,24-34=1,25-34=1
3,22,24,32,34|1|-47|3-24=1,3-32=1,3-34=1,22-24=1,22-32=1,22-34=1,24-32=1,24-34=1,32-34=1
3,22,24,34,36|1|-47|3-24=1,3-34=1,3-36=1,22-24=1,22-34=1,22-36=1,24-34=1,24-36=1,34-36=1
3,22,27,33,40|0|28,41,47,71|3-33=0,22-27=0,22-33=0,22-40=0,27-40=0,33-40=0
3,22,28,35,41|0|23,36,47,66|3-28=0,3-35=0,3-41=0,22-35=0,28-35=0,28-41=0
4,5,7,26,38|1|-51|4-5=1,4-7=1,4-26=1,4-38=1,5-7=1,5-26=1,5-38=1,7-38=1,26-38=1
4,5,14,26,38|1|-82|4-5=1,4-14=1,4-26=1,4-38=1,5-14=1,5-26=1,5-38=1,14-26=1,26-38=1
4,6,7,16,28|1|-72|4-6=1,4-7=1,4-16=1,6-7=1,6-16=1,6-28=1,7-16=1,7-28=1,16-28=1
4,6,14,16,28|1|-72|4-6=1,4-14=1,4-16=1,6-14=1,6-16=1,6-28=1,14-16=1,14-28=1,16-28=1
4,6,14,16,35|1|-60|4-6=1,4-14=1,4-16=1,4-35=1,6-14=1,6-16=1,6-35=1,14-16=1,14-35=1
4,6,14,23,35|1|-48|4-6=1,4-14=1,4-35=1,6-14=1,6-23=1,6-35=1,14-23=1,14-35=1,23-35=1
4,6,16,18,28|1|-72|4-6=1,4-16=1,4-18=1,6-16=1,6-18=1,6-28=1,16-18=1,16-28=1,18-28=1
4,6,16,18,30|1|-74|4-6=1,4-16=1,4-18=1,4-30=1,6-16=1,6-18=1,16-18=1,16-30=1,18-30=1
4,6,16,18,35|1|-60|4-6=1,4-16=1,4-18=1,4-35=1,6-16=1,6-18=1,6-35=1,16-18=1,18-35=1
4,6,16,18,37|1|-62|4-6=1,4-16=1,4-18=1,4-37=1,6-16=1,6-18=1,6-37=1,16-18=1,16-37=1
4,6,16,25,28|1|-72,-50|4-6=1,4-16=1,4-25=1,6-16=1,6-28=1,16-25=1,16-28=1,25-28=1
4,6,16,25,35|1|-60,-50|4-6=1,4-16=1,4-25=1,4-35=1,6-16=1,6-35=1,16-25=1,25-35=1
4,6,16,25,37|1|-50|4-6=1,4-16=1,4-25=1,4-37=1,6-16=1,6-37=1,16-25=1,16-37=1,25-37=1
4,6,16,28,30|1|-74,-72|4-6=1,4-16=1,4-30=1,6-16=1,6-28=1,16-28=1,16-30=1,28-30=1
4,6,16,28,37|1|-72|4-6=1,4-16=1,4-37=1,6-16=1,6-28=1,6-37=1,16-28=1,16-37=1,28-37=1
4,6,16,35,37|1|-60|4-6=1,4-16=1,4-35=1,4-37=1,6-16=1,6-35=1,6-37=1,16-37=1,35-37=1
4,6,18,28,30|1|-74,-72|4-6=1,4-18=1,4-30=1,6-18=1,6-28=1,18-28=1,18-30=1,28-30=1
4,6,18,28,37|1|-72,-62|4-6=1,4-18=1,4-37=1,6-18=1,6-28=1,6-37=1,18-28=1,28-37=1
4,6,18,30,39|1|-74|4-6=1,4-18=1,4-30=1,4-39=1,6-18=1,6-39=1,18-30=1,18-39=1,30-39=1
4,6,18,35,37|1|-62|4-6=1,4-18=1,4-35=1,4-37=1,6-18=1,6-35=1,6-37=1,18-35=1,35-37=1
4,6,18,37,39|1|-62|4-6=1,4-18=1,4-37=1,4-39=1,6-18=1,6-37=1,6-39=1,18-39=1,37-39=1
4,6,23,25,35|1|-50,-48|4-6=1,4-25=1,4-35=1,6-23=1,6-35=1,23-25=1,23-35=1,25-35=1
4,6,23,25,37|1|-50,-48|4-6=1,4-25=1,4-37=1,6-23=1,6-37=1,23-25=1,23-37=1,25-37=1
4,6,23,35,37|1|-48|4-6=1,4-35=1,4-37=1,6-23=1,6-35=1,6-37=1,23-35=1,23-37=1,35-37=1
4,6,25,28,37|1|-72,-50|4-6=1,4-25=1,4-37=1,6-28=1,6-37=1,25-28=1,25-37=1,28-37=1
4,6,25,35,37|1|-50|4-6=1,4-25=1,4-35=1,4-37=1,6-35=1,6-37=1,25-35=1,25-37=1,35-37=1
4,6,25,37,39|1|-50|4-6=1,4-25=1,4-37=1,4-39=1,6-37=1,6-39=1,25-37=1,25-39=1,37-39=1
4,7,10,13,16|1|-11,-8,-5|4-7=1,4-13=1,4-16=1,7-10=1,7-16=1,10-13=1,13-16=1
4,7,16,26,28|1|-72,-51|4-7=1,4-16=1,4-26=1,7-16=1,7-28=1,16-26=1,16-28=1,26-28=1
4,7,16,26,38|1|-51|4-7=1,4-16=1,4-26=1,4-38=1,7-16=1,7-38=1,16-26=1,16-38=1,26-38=1
4,7,16,28,38|1|-72|4-7=1,4-16=1,4-38=1,7-16=1,7-28=1,7-38=1,16-28=1,16-38=1,28-38=1
4,7,26,28,38|1|-72,-51|4-7=1,4-26=1,4-38=1,7-28=1,7-38=1,26-28=1,26-38=1,28-38=1
4,9,15,22,28|0|10,23,53,72|4-9=0,4-15=0,4-22=0,9-22=0,15-22=0,15-28=0
4,9,15,28,34|0|10,29,53,59,72|4-9=0,4-15=0,4-34=0,9-34=0,15-28=0
4,9,22,28,41|0|23,42,53,66,72|4-9=0,4-22=0,9-22=0,9-41=0,28-41=0
4,9,28,34,41|0|29,42,53,72|4-9=0,4-34=0,9-34=0,9-41=0,28-41=0,34-41=0
4,10,15,28,34|0|5,29,59,72,78|4-15=0,4-34=0,10-15=0,10-28=0,15-28=0
4,10,15,34,40|0|5,35,59,78|4-15=0,4-34=0,4-40=0,10-15=0,10-40=0,15-40=0
4,10,17,23,28|0|5,18,48,72|4-17=0,10-17=0,10-23=0,10-28=0,17-28=0,23-28=0
4,10,17,23,42|0|5,18,48,67|4-17=0,4-42=0,10-17=0,10-23=0,10-42=0,17-42=0
4,10,23,28,34|0|5,29,48,72,78|4-34=0,10-23=0,10-28=0,23-28=0,23-34=0
4,10,23,29,34|0|5,24,48,54,78|4-29=0,4-34=0,10-23=0,23-34=0,29-34=0
4,10,23,29,42|0|5,24,48,54,67|4-29=0,4-42=0,10-23=0,10-42=0,29-42=0
4,10,29,34,40|0|5,35,54,78|4-29=0,4-34=0,4-40=0,10-40=0,29-34=0,29-40=0
4,11,17,22,41|0|12,42,66,85|4-11=0,4-17=0,4-22=0,11-22=0,11-41=0,17-22=0
4,11,17,36,41|0|12,42,61,85|4-11=0,4-17=0,4-36=0,11-36=0,11-41=0,36-41=0
4,12,14,26,38|1|-82|4-12=1,4-14=1,4-26=1,4-38=1,12-14=1,12-26=1,12-38=1,14-26=1,26-38=1
4,13,14,16,35|1|-60|4-13=1,4-14=1,4-16=1,4-35=1,13-14=1,13-16=1,13-35=1,14-16=1,14-35=1
4,13,14,23,35|1|-48|4-13=1,4-14=1,4-35=1,13-14=1,13-23=1,13-35=1,14-23=1,14-35=1,23-35=1
4,13,16,25,35|1|-60|4-13=1,4-16=1,4-25=1,4-35=1,13-16=1,13-25=1,13-35=1,16-25=1,25-35=1
4,13,16,25,37|1|-81|4-13=1,4-16=1,4-25=1,4-37=1,13-16=1,13-25=1,16-25=1,16-37=1,25-37=1
4,13,16,35,37|1|-81,-60|4-13=1,4-16=1,4-35=1,4-37=1,13-16=1,13-35=1,16-37=1,35-37=1
4,13,21,23,35|1|-48|4-13=1,4-21=1,4-35=1,13-21=1,13-23=1,13-35=1,21-23=1,21-35=1,23-35=1
4,13,23,25,35|1|-48|4-13=1,4-25=1,4-35=1,13-23=1,13-25=1,13-35=1,23-25=1,23-35=1,25-35=1
4,13,23,25,37|1|-81,-48|4-13=1,4-25=1,4-37=1,13-23=1,13-25=1,23-25=1,23-37=1,25-37=1
4,13,23,35,37|1|-81,-48|4-13=1,4-35=1,4-37=1,13-23=1,13-35=1,23-35=1,23-37=1,35-37=1
4,13,25,35,37|1|-81|4-13=1,4-25=1,4-35=1,4-37=1,13-25=1,13-35=1,25-35=1,25-37=1,35-37=1
4,13,25,37,39|1|-81|4-13=1,4-25=1,4-37=1,4-39=1,13-25=1,13-39=1,25-37=1,25-39=1,37-39=1
4,14,16,26,28|1|-72|4-14=1,4-16=1,4-26=1,14-16=1,14-26=1,14-28=1,16-26=1,16-28=1,26-28=1
4,14,16,26,35|1|-60|4-14=1,4-16=1,4-26=1,4-35=1,14-16=1,14-26=1,14-35=1,16-26=1,26-35=1
4,14,16,26,38|1|-82|4-14=1,4-16=1,4-26=1,4-38=1,14-16=1,14-26=1,16-26=1,16-38=1,26-38=1
4,14,16,28,38|1|-82,-72|4-14=1,4-16=1,4-38=1,14-16=1,14-28=1,16-28=1,16-38=1,28-38=1
4,14,16,33,35|1|-60,-58|4-14=1,4-16=1,4-33=1,4-35=1,14-16=1,14-35=1,16-33=1,33-35=1
4,14,16,35,38|1|-82,-60|4-14=1,4-16=1,4-35=1,4-38=1,14-16=1,14-35=1,16-38=1,35-38=1
4,14,23,26,35|1|-48|4-14=1,4-26=1,4-35=1,14-23=1,14-26=1,14-35=1,23-26=1,23-35=1,26-35=1
4,14,23,33,35|1|-58,-48|4-14=1,4-33=1,4-35=1,14-23=1,14-35=1,23-33=1,23-35=1,33-35=1
4,14,26,28,38|1|-82,-72|4-14=1,4-26=1,4-38=1,14-26=1,14-28=1,26-28=1,26-38=1,28-38=1
4,14,26,35,38|1|-82|4-14=1,4-26=1,4-35=1,4-38=1,14-26=1,14-35=1,26-35=1,26-38=1,35-38=1
4,16,18,26,28|1|-72|4-16=1,4-18=1,4-26=1,16-18=1,16-26=1,16-28=1,18-26=1,18-28=1,26-28=1
4,16,18,26,35|1|-60|4-16=1,4-18=1,4-26=1,4-35=1,16-18=1,16-26=1,18-26=1,18-35=1,26-35=1
4,16,18,28,30|1|-72|4-16=1,4-18=1,4-30=1,16-18=1,16-28=1,16-30=1,18-28=1,18-30=1,28-30=1
4,16,18,28,37|1|-72,-62|4-16=1,4-18=1,4-37=1,16-18=1,16-28=1,16-37=1,18-28=1,28-37=1
4,16,18,35,37|1|-62,-60|4-16=1,4-18=1,4-35=1,4-37=1,16-18=1,16-37=1,18-35=1,35-37=1
4,16,25,26,28|1|-72|4-16=1,4-25=1,4-26=1,16-25=1,16-26=1,16-28=1,25-26=1,25-28=1,26-28=1
4,16,25,26,35|1|-60|4-16=1,4-25=1,4-26=1,4-35=1,16-25=1,16-26=1,25-26=1,25-35=1,26-35=1
4,16,25,28,37|1|-72|4-16=1,4-25=1,4-37=1,16-25=1,16-28=1,16-37=1,25-28=1,25-37=1,28-37=1
4,16,25,33,35|1|-60|4-16=1,4-25=1,4-33=1,4-35=1,16-25=1,16-33=1,25-33=1,25-35=1,33-35=1
4,16,25,35,37|1|-60|4-16=1,4-25=1,4-35=1,4-37=1,16-25=1,16-37=1,25-35=1,25-37=1,35-37=1
4,16,26,28,38|1|-72|4-16=1,4-26=1,4-38=1,16-26=1,16-28=1,16-38=1,26-28=1,26-38=1,28-38=1
4,16,26,35,38|1|-60|4-16=1,4-26=1,4-35=1,4-38=1,16-26=1,16-38=1,26-35=1,26-38=1,35-38=1
4,16,28,30,38|1|-72|4-16=1,4-30=1,4-38=1,16-28=1,16-30=1,16-38=1,28-30=1,28-38=1,30-38=1
4,16,28,37,38|1|-72|4-16=1,4-37=1,4-38=1,16-28=1,16-37=1,16-38=1,28-37=1,28-38=1,37-38=1
4,16,35,37,38|1|-60|4-16=1,4-35=1,4-37=1,4-38=1,16-37=1,16-38=1,35-37=1,35-38=1,37-38=1
4,17,22,28,41|0|23,42,66,72,85|4-17=0,4-22=0,17-22=0,17-28=0,28-41=0
4,17,23,28,41|0|18,42,48,72,85|4-17=0,17-28=0,23-28=0,23-41=0,28-41=0
4,17,23,36,41|0|18,42,48,61,85|4-17=0,4-36=0,23-36=0,23-41=0,36-41=0
4,17,23,36,42|0|18,37,48,61,67|4-17=0,4-36=0,4-42=0,17-42=0,23-36=0
4,21,23,33,35|1|-48|4-21=1,4-33=1,4-35=1,21-23=1,21-33=1,21-35=1,23-33=1,23-35=1,33-35=1
4,23,25,26,35|1|-48|4-25=1,4-26=1,4-35=1,23-25=1,23-26=1,23-35=1,25-26=1,25-35=1,26-35=1
4,23,25,33,35|1|-48|4-25=1,4-33=1,4-35=1,23-25=1,23-33=1,23-35=1,25-33=1,25-35=1,33-35=1
4,23,25,35,37|1|-48|4-25=1,4-35=1,4-37=1,23-25=1,23-35=1,23-37=1,25-35=1,25-37=1,35-37=1
4,23,28,34,41|0|29,42,48,72|4-34=0,23-28=0,23-34=0,23-41=0,28-41=0,34-41=0
4,23,29,36,42|0|24,37,48,67|4-29=0,4-36=0,4-42=0,23-36=0,29-36=0,29-42=0
5,6,8,27,39|1|-52|5-6=1,5-8=1,5-27=1,5-39=1,6-8=1,6-27=1,6-39=1,8-39=1,27-39=1
5,6,15,27,39|1|-83|5-6=1,5-15=1,5-27=1,5-39=1,6-15=1,6-27=1,6-39=1,15-27=1,27-39=1
5,7,8,17,29|1|-73|5-7=1,5-8=1,5-17=1,7-8=1,7-17=1,7-29=1,8-17=1,8-29=1,17-29=1
5,7,15,17,29|1|-73|5-7=1,5-15=1,5-17=1,7-15=1,7-17=1,7-29=1,15-17=1,15-29=1,17-29=1
5,7,15,17,36|1|-61|5-7=1,5-15=1,5-17=1,5-36=1,7-15=1,7-17=1,7-36=1,15-17=1,15-36=1
5,7,15,24,36|1|-49|5-7=1,5-15=1,5-36=1,7-15=1,7-24=1,7-36=1,15-24=1,15-36=1,24-36=1
5,7,17,19,29|1|-73|5-7=1,5-17=1,5-19=1,7-17=1,7-19=1,7-29=1,17-19=1,17-29=1,19-29=1
5,7,17,19,31|1|-75|5-7=1,5-17=1,5-19=1,5-31=1,7-17=1,7-19=1,17-19=1,17-31=1,19-31=1
5,7,17,19,36|1|-61|5-7=1,5-17=1,5-19=1,5-36=1,7-17=1,7-19=1,7-36=1,17-19=1,19-36=1
5,7,17,19,38|1|-63|5-7=1,5-17=1,5-19=1,5-38=1,7-17=1,7-19=1,7-38=1,17-19=1,17-38=1
5,7,17,26,29|1|-73,-51|5-7=1,5-17=1,5-26=1,7-17=1,7-29=1,17-26=1,17-29=1,26-29=1
5,7,17,26,36|1|-61,-51|5-7=1,5-17=1,5-26=1,5-36=1,7-17=1,7-36=1,17-26=1,26-36=1
5,7,17,26,38|1|-51|5-7=1,5-17=1,5-26=1,5-38=1,7-17=1,7-38=1,17-26=1,17-38=1,26-38=1
5,7,17,29,31|1|-75,-73|5-7=1,5-17=1,5-31=1,7-17=1,7-29=1,17-29=1,17-31=1,29-31=1
5,7,17,29,38|1|-73|5-7=1,5-17=1,5-38=1,7-17=1,7-29=1,7-38=1,17-29=1,17-38=1,29-38=1
5,7,17,36,38|1|-61|5-7=1,5-17=1,5-36=1,5-38=1,7-17=1,7-36=1,7-38=1,17-38=1,36-38=1
5,7,19,29,31|1|-75,-73|5-7=1,5-19=1,5-31=1,7-19=1,7-29=1,19-29=1,19-31=1,29-31=1
5,7,19,29,38|1|-73,-63|5-7=1,5-19=1,5-38=1,7-19=1,7-29=1,7-38=1,19-29=1,29-38=1
5,7,19,31,40|1|-75|5-7=1,5-19=1,5-31=1,5-40=1,7-19=1,7-40=1,19-31=1,19-40=1,31-40=1
5,7,19,36,38|1|-63|5-7=1,5-19=1,5-36=1,5-38=1,7-19=1,7-36=1,7-38=1,19-36=1,36-38=1
5,7,19,38,40|1|-63|5-7=1,5-19=1,5-38=1,5-40=1,7-19=1,7-38=1,7-40=1,19-40=1,38-40=1
5,7,24,26,36|1|-51,-49|5-7=1,5-26=1,5-36=1,7-24=1,7-36=1,24-26=1,24-36=1,26-36=1
5,7,24,26,38|1|-51,-49|5-7=1,5-26=1,5-38=1,7-24=1,7-38=1,24-26=1,24-38=1,26-38=1
5,7,24,36,38|1|-49|5-7=1,5-36=1,5-38=1,7-24=1,7-36=1,7-38=1,24-36=1,24-38=1,36-38=1
5,7,26,29,38|1|-73,-51|5-7=1,5-26=1,5-38=1,7-29=1,7-38=1,26-29=1,26-38=1,29-38=1
5,7,26,36,38|1|-51|5-7=1,5-26=1,5-36=1,5-38=1,7-36=1,7-38=1,26-36=1,26-38=1,36-38=1
5,7,26,38,40|1|-51|5-7=1,5-26=1,5-38=1,5-40=1,7-38=1,7-40=1,26-38=1,26-40=1,38-40=1
5,8,11,14,17|1|-12,-9,-6|5-8=1,5-14=1,5-17=1,8-11=1,8-17=1,11-14=1,14-17=1
5,8,17,27,29|1|-73,-52|5-8=1,5-17=1,5-27=1,8-17=1,8-29=1,17-27=1,17-29=1,27-29=1
5,8,17,27,39|1|-52|5-8=1,5-17=1,5-27=1,5-39=1,8-17=1,8-39=1,17-27=1,17-39=1,27-39=1
5,8,17,29,39|1|-73|5-8=1,5-17=1,5-39=1,8-17=1,8-29=1,8-39=1,17-29=1,17-39=1,29-39=1
5,8,27,29,39|1|-73,-52|5-8=1,5-27=1,5-39=1,8-29=1,8-39=1,27-29=1,27-39=1,29-39=1
5,10,16,23,29|0|11,24,54,73|5-10=0,5-16=0,5-23=0,10-23=0,16-23=0,16-29=0
5,10,16,29,35|0|11,30,54,60,73|5-10=0,5-16=0,5-35=0,10-35=0,16-29=0
5,10,23,29,42|0|24,43,54,67,73|5-10=0,5-23=0,10-23=0,10-42=0,29-42=0
5,10,29,35,42|0|30,43,54,73|5-10=0,5-35=0,10-35=0,10-42=0,29-42=0,35-42=0
5,11,16,29,35|0|6,30,60,73,79|5-16=0,5-35=0,11-16=0,11-29=0,16-29=0
5,11,16,35,41|0|6,36,60,79|5-16=0,5-35=0,5-41=0,11-16=0,11-41=0,16-41=0
5,11,18,24,29|0|6,19,49,73|5-18=0,11-18=0,11-24=0,11-29=0,18-29=0,24-29=0
5,11,24,29,35|0|6,30,49,73,79|5-35=0,11-24=0,11-29=0,24-29=0,24-35=0
5,11,24,30,35|0|6,25,49,55,79|5-30=0,5-35=0,11-24=0,24-35=0,30-35=0
5,11,30,35,41|0|6,36,55,79|5-30=0,5-35=0,5-41=0,11-41=0,30-35=0,30-41=0
5,12,18,23,42|0|13,43,67,86|5-12=0,5-18=0,5-23=0,12-23=0,12-42=0,18-23=0
5,12,18,37,42|0|13,43,62,86|5-12=0,5-18=0,5-37=0,12-37=0,12-42=0,37-42=0
5,13,15,27,39|1|-83|5-13=1,5-15=1,5-27=1,5-39=1,13-15=1,13-27=1,13-39=1,15-27=1,27-39=1
5,14,15,17,36|1|-61|5-14=1,5-15=1,5-17=1,5-36=1,14-15=1,14-17=1,14-36=1,15-17=1,15-36=1
5,14,15,24,36|1|-49|5-14=1,5-15=1,5-36=1,14-15=1,14-24=1,14-36=1,15-24=1,15-36=1,24-36=1
5,14,17,26,36|1|-61|5-14=1,5-17=1,5-26=1,5-36=1,14-17=1,14-26=1,14-36=1,17-26=1,26-36=1
5,14,17,26,38|1|-82|5-14=1,5-17=1,5-26=1,5-38=1,14-17=1,14-26=1,17-26=1,17-38=1,26-38=1
5,14,17,36,38|1|-82,-61|5-14=1,5-17=1,5-36=1,5-38=1,14-17=1,14-36=1,17-38=1,36-38=1
5,14,22,24,36|1|-49|5-14=1,5-22=1,5-36=1,14-22=1,14-24=1,14-36=1,22-24=1,22-36=1,24-36=1
5,14,24,26,36|1|-49|5-14=1,5-26=1,5-36=1,14-24=1,14-26=1,14-36=1,24-26=1,24-36=1,26-36=1
5,14,24,26,38|1|-82,-49|5-14=1,5-26=1,5-38=1,14-24=1,14-26=1,24-26=1,24-38=1,26-38=1
5,14,24,36,38|1|-82,-49|5-14=1,5-36=1,5-38=1,14-24=1,14-36=1,24-36=1,24-38=1,36-38=1
5,14,26,36,38|1|-82|5-14=1,5-26=1,5-36=1,5-38=1,14-26=1,14-36=1,26-36=1,26-38=1,36-38=1
5,14,26,38,40|1|-82|5-14=1,5-26=1,5-38=1,5-40=1,14-26=1,14-40=1,26-38=1,26-40=1,38-40=1
5,15,17,27,29|1|-73|5-15=1,5-17=1,5-27=1,15-17=1,15-27=1,15-29=1,17-27=1,17-29=1,27-29=1
5,15,17,27,36|1|-61|5-15=1,5-17=1,5-27=1,5-36=1,15-17=1,15-27=1,15-36=1,17-27=1,27-36=1
5,15,17,27,39|1|-83|5-15=1,5-17=1,5-27=1,5-39=1,15-17=1,15-27=1,17-27=1,17-39=1,27-39=1
5,15,17,29,39|1|-83,-73|5-15=1,5-17=1,5-39=1,15-17=1,15-29=1,17-29=1,17-39=1,29-39=1
5,15,17,34,36|1|-61,-59|5-15=1,5-17=1,5-34=1,5-36=1,15-17=1,15-36=1,17-34=1,34-36=1
5,15,17,36,39|1|-83,-61|5-15=1,5-17=1,5-36=1,5-39=1,15-17=1,15-36=1,17-39=1,36-39=1
5,15,24,27,36|1|-49|5-15=1,5-27=1,5-36=1,15-24=1,15-27=1,15-36=1,24-27=1,24-36=1,27-36=1
5,15,24,34,36|1|-59,-49|5-15=1,5-34=1,5-36=1,15-24=1,15-36=1,24-34=1,24-36=1,34-36=1
5,15,27,29,39|1|-83,-73|5-15=1,5-27=1,5-39=1,15-27=1,15-29=1,27-29=1,27-39=1,29-39=1
5,15,27,36,39|1|-83|5-15=1,5-27=1,5-36=1,5-39=1,15-27=1,15-36=1,27-36=1,27-39=1,36-39=1
5,17,19,27,29|1|-73|5-17=1,5-19=1,5-27=1,17-19=1,17-27=1,17-29=1,19-27=1,19-29=1,27-29=1
5,17,19,27,36|1|-61|5-17=1,5-19=1,5-27=1,5-36=1,17-19=1,17-27=1,19-27=1,19-36=1,27-36=1
5,17,19,29,31|1|-73|5-17=1,5-19=1,5-31=1,17-19=1,17-29=1,17-31=1,19-29=1,19-31=1,29-31=1
5,17,19,29,38|1|-73,-63|5-17=1,5-19=1,5-38=1,17-19=1,17-29=1,17-38=1,19-29=1,29-38=1
5,17,19,36,38|1|-63,-61|5-17=1,5-19=1,5-36=1,5-38=1,17-19=1,17-38=1,19-36=1,36-38=1
5,17,26,27,29|1|-73|5-17=1,5-26=1,5-27=1,17-26=1,17-27=1,17-29=1,26-27=1,26-29=1,27-29=1
5,17,26,27,36|1|-61|5-17=1,5-26=1,5-27=1,5-36=1,17-26=1,17-27=1,26-27=1,26-36=1,27-36=1
5,17,26,29,38|1|-73|5-17=1,5-26=1,5-38=1,17-26=1,17-29=1,17-38=1,26-29=1,26-38=1,29-38=1
5,17,26,34,36|1|-61|5-17=1,5-26=1,5-34=1,5-36=1,17-26=1,17-34=1,26-34=1,26-36=1,34-36=1
5,17,26,36,38|1|-61|5-17=1,5-26=1,5-36=1,5-38=1,17-26=1,17-38=1,26-36=1,26-38=1,36-38=1
5,17,27,29,39|1|-73|5-17=1,5-27=1,5-39=1,17-27=1,17-29=1,17-39=1,27-29=1,27-39=1,29-39=1
5,17,27,36,39|1|-61|5-17=1,5-27=1,5-36=1,5-39=1,17-27=1,17-39=1,27-36=1,27-39=1,36-39=1
5,17,29,31,39|1|-73|5-17=1,5-31=1,5-39=1,17-29=1,17-31=1,17-39=1,29-31=1,29-39=1,31-39=1
5,17,29,38,39|1|-73|5-17=1,5-38=1,5-39=1,17-29=1,17-38=1,17-39=1,29-38=1,29-39=1,38-39=1
5,17,36,38,39|1|-61|5-17=1,5-36=1,5-38=1,5-39=1,17-38=1,17-39=1,36-38=1,36-39=1,38-39=1
5,18,23,29,42|0|24,43,67,73,86|5-18=0,5-23=0,18-23=0,18-29=0,29-42=0
5,18,24,29,42|0|19,43,49,73,86|5-18=0,18-29=0,24-29=0,24-42=0,29-42=0
5,18,24,37,42|0|19,43,49,62,86|5-18=0,5-37=0,24-37=0,24-42=0,37-42=0
5,22,24,34,36|1|-49|5-22=1,5-34=1,5-36=1,22-24=1,22-34=1,22-36=1,24-34=1,24-36=1,34-36=1
5,24,26,27,36|1|-49|5-26=1,5-27=1,5-36=1,24-26=1,24-27=1,24-36=1,26-27=1,26-36=1,27-36=1
5,24,26,34,36|1|-49|5-26=1,5-34=1,5-36=1,24-26=1,24-34=1,24-36=1,26-34=1,26-36=1,34-36=1
5,24,26,36,38|1|-49|5-26=1,5-36=1,5-38=1,24-26=1,24-36=1,24-38=1,26-36=1,26-38=1,36-38=1
5,24,29,35,42|0|30,43,49,73|5-35=0,24-29=0,24-35=0,24-42=0,29-42=0,35-42=0
6,7,9,28,40|1|-53|6-7=1,6-9=1,6-28=1,6-40=1,7-9=1,7-28=1,7-40=1,9-40=1,28-40=1
6,7,16,28,40|1|-84|6-7=1,6-16=1,6-28=1,6-40=1,7-16=1,7-28=1,7-40=1,16-28=1,28-40=1
6,8,9,18,30|1|-74|6-8=1,6-9=1,6-18=1,8-9=1,8-18=1,8-30=1,9-18=1,9-30=1,18-30=1
6,8,16,18,30|1|-74|6-8=1,6-16=1,6-18=1,8-16=1,8-18=1,8-30=1,16-18=1,16-30=1,18-30=1
6,8,16,18,37|1|-62|6-8=1,6-16=1,6-18=1,6-37=1,8-16=1,8-18=1,8-37=1,16-18=1,16-37=1
6,8,16,25,37|1|-50|6-8=1,6-16=1,6-37=1,8-16=1,8-25=1,8-37=1,16-25=1,16-37=1,25-37=1
6,8,18,20,30|1|-74|6-8=1,6-18=1,6-20=1,8-18=1,8-20=1,8-30=1,18-20=1,18-30=1,20-30=1
6,8,18,20,32|1|-76|6-8=1,6-18=1,6-20=1,6-32=1,8-18=1,8-20=1,18-20=1,18-32=1,20-32=1
6,8,18,20,37|1|-62|6-8=1,6-18=1,6-20=1,6-37=1,8-18=1,8-20=1,8-37=1,18-20=1,20-37=1
6,8,18,20,39|1|-64|6-8=1,6-18=1,6-20=1,6-39=1,8-18=1,8-20=1,8-39=1,18-20=1,18-39=1
6,8,18,27,30|1|-74,-52|6-8=1,6-18=1,6-27=1,8-18=1,8-30=1,18-27=1,18-30=1,27-30=1
6,8,18,27,37|1|-62,-52|6-8=1,6-18=1,6-27=1,6-37=1,8-18=1,8-37=1,18-27=1,27-37=1
6,8,18,27,39|1|-52|6-8=1,6-18=1,6-27=1,6-39=1,8-18=1,8-39=1,18-27=1,18-39=1,27-39=1
6,8,18,30,32|1|-76,-74|6-8=1,6-18=1,6-32=1,8-18=1,8-30=1,18-30=1,18-32=1,30-32=1
6,8,18,30,39|1|-74|6-8=1,6-18=1,6-39=1,8-18=1,8-30=1,8-39=1,18-30=1,18-39=1,30-39=1
6,8,18,37,39|1|-62|6-8=1,6-18=1,6-37=1,6-39=1,8-18=1,8-37=1,8-39=1,18-39=1,37-39=1
6,8,20,30,32|1|-76,-74|6-8=1,6-20=1,6-32=1,8-20=1,8-30=1,20-30=1,20-32=1,30-32=1
6,8,20,30,39|1|-74,-64|6-8=1,6-20=1,6-39=1,8-20=1,8-30=1,8-39=1,20-30=1,30-39=1
6,8,20,32,41|1|-76|6-8=1,6-20=1,6-32=1,6-41=1,8-20=1,8-41=1,20-32=1,20-41=1,32-41=1
6,8,20,37,39|1|-64|6-8=1,6-20=1,6-37=1,6-39=1,8-20=1,8-37=1,8-39=1,20-37=1,37-39=1
6,8,20,39,41|1|-64|6-8=1,6-20=1,6-39=1,6-41=1,8-20=1,8-39=1,8-41=1,20-41=1,39-41=1
6,8,25,27,37|1|-52,-50|6-8=1,6-27=1,6-37=1,8-25=1,8-37=1,25-27=1,25-37=1,27-37=1
6,8,25,27,39|1|-52,-50|6-8=1,6-27=1,6-39=1,8-25=1,8-39=1,25-27=1,25-39=1,27-39=1
6,8,25,37,39|1|-50|6-8=1,6-37=1,6-39=1,8-25=1,8-37=1,8-39=1,25-37=1,25-39=1,37-39=1
6,8,27,30,39|1|-74,-52|6-8=1,6-27=1,6-39=1,8-30=1,8-39=1,27-30=1,27-39=1,30-39=1
6,8,27,37,39|1|-52|6-8=1,6-27=1,6-37=1,6-39=1,8-37=1,8-39=1,27-37=1,27-39=1,37-39=1
6,8,27,39,41|1|-52|6-8=1,6-27=1,6-39=1,6-41=1,8-39=1,8-41=1,27-39=1,27-41=1,39-41=1
6,9,12,15,18|1|-13,-10,-7|6-9=1,6-15=1,6-18=1,9-12=1,9-18=1,12-15=1,15-18=1
6,9,18,28,30|1|-74,-53|6-9=1,6-18=1,6-28=1,9-18=1,9-30=1,18-28=1,18-30=1,28-30=1
6,9,18,28,40|1|-53|6-9=1,6-18=1,6-28=1,6-40=1,9-18=1,9-40=1,18-28=1,18-40=1,28-40=1
6,9,18,30,40|1|-74|6-9=1,6-18=1,6-40=1,9-18=1,9-30=1,9-40=1,18-30=1,18-40=1,30-40=1
6,9,28,30,40|1|-74,-53|6-9=1,6-28=1,6-40=1,9-30=1,9-40=1,28-30=1,28-40=1,30-40=1
6,11,17,24,30|0|12,25,55,74|6-11=0,6-17=0,6-24=0,11-24=0,17-24=0,17-30=0
6,11,17,30,36|0|12,31,55,61,74|6-11=0,6-17=0,6-36=0,11-36=0,17-30=0
6,12,17,30,36|0|7,31,61,74,80|6-17=0,6-36=0,12-17=0,12-30=0,17-30=0
6,12,17,36,42|0|7,37,61,80|6-17=0,6-36=0,6-42=0,12-17=0,12-42=0,17-42=0
6,12,19,25,30|0|7,20,50,74|6-19=0,12-19=0,12-25=0,12-30=0,19-30=0,25-30=0
6,12,25,30,36|0|7,31,50,74,80|6-36=0,12-25=0,12-30=0,25-30=0,25-36=0
6,12,25,31,36|0|7,26,50,56,80|6-31=0,6-36=0,12-25=0,25-36=0,31-36=0
6,12,31,36,42|0|7,37,56,80|6-31=0,6-36=0,6-42=0,12-42=0,31-36=0,31-42=0
6,14,16,28,40|1|-84|6-14=1,6-16=1,6-28=1,6-40=1,14-16=1,14-28=1,14-40=1,16-28=1,28-40=1
6,15,16,18,37|1|-62|6-15=1,6-16=1,6-18=1,6-37=1,15-16=1,15-18=1,15-37=1,16-18=1,16-37=1
6,15,16,25,37|1|-50|6-15=1,6-16=1,6-37=1,15-16=1,15-25=1,15-37=1,16-25=1,16-37=1,25-37=1
6,15,18,27,37|1|-62|6-15=1,6-18=1,6-27=1,6-37=1,15-18=1,15-27=1,15-37=1,18-27=1,27-37=1
6,15,18,27,39|1|-83|6-15=1,6-18=1,6-27=1,6-39=1,15-18=1,15-27=1,18-27=1,18-39=1,27-39=1
6,15,18,37,39|1|-83,-62|6-15=1,6-18=1,6-37=1,6-39=1,15-18=1,15-37=1,18-39=1,37-39=1
6,15,23,25,37|1|-50|6-15=1,6-23=1,6-37=1,15-23=1,15-25=1,15-37=1,23-25=1,23-37=1,25-37=1
6,15,25,27,37|1|-50|6-15=1,6-27=1,6-37=1,15-25=1,15-27=1,15-37=1,25-27=1,25-37=1,27-37=1
6,15,25,27,39|1|-83,-50|6-15=1,6-27=1,6-39=1,15-25=1,15-27=1,25-27=1,25-39=1,27-39=1
6,15,25,37,39|1|-83,-50|6-15=1,6-37=1,6-39=1,15-25=1,15-37=1,25-37=1,25-39=1,37-39=1
6,15,27,37,39|1|-83|6-15=1,6-27=1,6-37=1,6-39=1,15-27=1,15-37=1,27-37=1,27-39=1,37-39=1
6,15,27,39,41|1|-83|6-15=1,6-27=1,6-39=1,6-41=1,15-27=1,15-41=1,27-39=1,27-41=1,39-41=1
6,16,18,28,30|1|-74|6-16=1,6-18=1,6-28=1,16-18=1,16-28=1,16-30=1,18-28=1,18-30=1,28-30=1
6,16,18,28,37|1|-62|6-16=1,6-18=1,6-28=1,6-37=1,16-18=1,16-28=1,16-37=1,18-28=1,28-37=1
6,16,18,28,40|1|-84|6-16=1,6-18=1,6-28=1,6-40=1,16-18=1,16-28=1,18-28=1,18-40=1,28-40=1
6,16,18,30,40|1|-84,-74|6-16=1,6-18=1,6-40=1,16-18=1,16-30=1,18-30=1,18-40=1,30-40=1
6,16,18,35,37|1|-62,-60|6-16=1,6-18=1,6-35=1,6-37=1,16-18=1,16-37=1,18-35=1,35-37=1
6,16,18,37,40|1|-84,-62|6-16=1,6-18=1,6-37=1,6-40=1,16-18=1,16-37=1,18-40=1,37-40=1
6,16,25,28,37|1|-50|6-16=1,6-28=1,6-37=1,16-25=1,16-28=1,16-37=1,25-28=1,25-37=1,28-37=1
6,16,25,35,37|1|-60,-50|6-16=1,6-35=1,6-37=1,16-25=1,16-37=1,25-35=1,25-37=1,35-37=1
6,16,28,30,40|1|-84,-74|6-16=1,6-28=1,6-40=1,16-28=1,16-30=1,28-30=1,28-40=1,30-40=1
6,16,28,37,40|1|-84|6-16=1,6-28=1,6-37=1,6-40=1,16-28=1,16-37=1,28-37=1,28-40=1,37-40=1
6,18,20,28,30|1|-74|6-18=1,6-20=1,6-28=1,18-20=1,18-28=1,18-30=1,20-28=1,20-30=1,28-30=1
6,18,20,28,37|1|-62|6-18=1,6-20=1,6-28=1,6-37=1,18-20=1,18-28=1,20-28=1,20-37=1,28-37=1
6,18,20,30,32|1|-74|6-18=1,6-20=1,6-32=1,18-20=1,18-30=1,18-32=1,20-30=1,20-32=1,30-32=1
6,18,20,30,39|1|-74,-64|6-18=1,6-20=1,6-39=1,18-20=1,18-30=1,18-39=1,20-30=1,30-39=1
6,18,20,37,39|1|-64,-62|6-18=1,6-20=1,6-37=1,6-39=1,18-20=1,18-39=1,20-37=1,37-39=1
6,18,27,28,30|1|-74|6-18=1,6-27=1,6-28=1,18-27=1,18-28=1,18-30=1,27-28=1,27-30=1,28-30=1
6,18,27,28,37|1|-62|6-18=1,6-27=1,6-28=1,6-37=1,18-27=1,18-28=1,27-28=1,27-37=1,28-37=1
6,18,27,30,39|1|-74|6-18=1,6-27=1,6-39=1,18-27=1,18-30=1,18-39=1,27-30=1,27-39=1,30-39=1
6,18,27,35,37|1|-62|6-18=1,6-27=1,6-35=1,6-37=1,18-27=1,18-35=1,27-35=1,27-37=1,35-37=1
6,18,27,37,39|1|-62|6-18=1,6-27=1,6-37=1,6-39=1,18-27=1,18-39=1,27-37=1,27-39=1,37-39=1
6,18,28,30,40|1|-74|6-18=1,6-28=1,6-40=1,18-28=1,18-30=1,18-40=1,28-30=1,28-40=1,30-40=1
6,18,28,37,40|1|-62|6-18=1,6-28=1,6-37=1,6-40=1,18-28=1,18-40=1,28-37=1,28-40=1,37-40=1
6,18,30,32,40|1|-74|6-18=1,6-32=1,6-40=1,18-30=1,18-32=1,18-40=1,30-32=1,30-40=1,32-40=1
6,18,30,39,40|1|-74|6-18=1,6-39=1,6-40=1,18-30=1,18-39=1,18-40=1,30-39=1,30-40=1,39-40=1
6,18,37,39,40|1|-62|6-18=1,6-37=1,6-39=1,6-40=1,18-39=1,18-40=1,37-39=1,37-40=1,39-40=1
6,23,25,35,37|1|-50|6-23=1,6-35=1,6-37=1,23-25=1,23-35=1,23-37=1,25-35=1,25-37=1,35-37=1
6,25,27,28,37|1|-50|6-27=1,6-28=1,6-37=1,25-27=1,25-28=1,25-37=1,27-28=1,27-37=1,28-37=1
6,25,27,35,37|1|-50|6-27=1,6-35=1,6-37=1,25-27=1,25-35=1,25-37=1,27-35=1,27-37=1,35-37=1
6,25,27,37,39|1|-50|6-27=1,6-37=1,6-39=1,25-27=1,25-37=1,25-39=1,27-37=1,27-39=1,37-39=1
7,8,10,29,41|1|-54|7-8=1,7-10=1,7-29=1,7-41=1,8-10=1,8-29=1,8-41=1,10-41=1,29-41=1
7,8,17,29,41|1|-85|7-8=1,7-17=1,7-29=1,7-41=1,8-17=1,8-29=1,8-41=1,17-29=1,29-41=1
7,9,10,19,31|1|-75|7-9=1,7-10=1,7-19=1,9-10=1,9-19=1,9-31=1,10-19=1,10-31=1,19-31=1
7,9,17,19,31|1|-75|7-9=1,7-17=1,7-19=1,9-17=1,9-19=1,9-31=1,17-19=1,17-31=1,19-31=1
7,9,17,19,38|1|-63|7-9=1,7-17=1,7-19=1,7-38=1,9-17=1,9-19=1,9-38=1,17-19=1,17-38=1
7,9,17,26,38|1|-51|7-9=1,7-17=1,7-38=1,9-17=1,9-26=1,9-38=1,17-26=1,17-38=1,26-38=1
7,9,19,21,31|1|-75|7-9=1,7-19=1,7-21=1,9-19=1,9-21=1,9-31=1,19-21=1,19-31=1,21-31=1
7,9,19,21,33|1|-77|7-9=1,7-19=1,7-21=1,7-33=1,9-19=1,9-21=1,19-21=1,19-33=1,21-33=1
7,9,19,21,38|1|-63|7-9=1,7-19=1,7-21=1,7-38=1,9-19=1,9-21=1,9-38=1,19-21=1,21-38=1
7,9,19,21,40|1|-65|7-9=1,7-19=1,7-21=1,7-40=1,9-19=1,9-21=1,9-40=1,19-21=1,19-40=1
7,9,19,28,31|1|-75,-53|7-9=1,7-19=1,7-28=1,9-19=1,9-31=1,19-28=1,19-31=1,28-31=1
7,9,19,28,38|1|-63,-53|7-9=1,7-19=1,7-28=1,7-38=1,9-19=1,9-38=1,19-28=1,28-38=1
7,9,19,28,40|1|-53|7-9=1,7-19=1,7-28=1,7-40=1,9-19=1,9-40=1,19-28=1,19-40=1,28-40=1
7,9,19,31,33|1|-77,-75|7-9=1,7-19=1,7-33=1,9-19=1,9-31=1,19-31=1,19-33=1,31-33=1
7,9,19,31,40|1|-75|7-9=1,7-19=1,7-40=1,9-19=1,9-31=1,9-40=1,19-31=1,19-40=1,31-40=1
7,9,19,38,40|1|-63|7-9=1,7-19=1,7-38=1,7-40=1,9-19=1,9-38=1,9-40=1,19-40=1,38-40=1
7,9,21,31,33|1|-77,-75|7-9=1,7-21=1,7-33=1,9-21=1,9-31=1,21-31=1,21-33=1,31-33=1
7,9,21,31,40|1|-75,-65|7-9=1,7-21=1,7-40=1,9-21=1,9-31=1,9-40=1,21-31=1,31-40=1
7,9,21,33,42|1|-77|7-9=1,7-21=1,7-33=1,7-42=1,9-21=1,9-42=1,21-33=1,21-42=1,33-42=1
7,9,21,38,40|1|-65|7-9=1,7-21=1,7-38=1,7-40=1,9-21=1,9-38=1,9-40=1,21-38=1,38-40=1
7,9,21,40,42|1|-65|7-9=1,7-21=1,7-40=1,7-42=1,9-21=1,9-40=1,9-42=1,21-42=1,40-42=1
7,9,26,28,38|1|-53,-51|7-9=1,7-28=1,7-38=1,9-26=1,9-38=1,26-28=1,26-38=1,28-38=1
7,9,26,28,40|1|-53,-51|7-9=1,7-28=1,7-40=1,9-26=1,9-40=1,26-28=1,26-40=1,28-40=1
7,9,26,38,40|1|-51|7-9=1,7-38=1,7-40=1,9-26=1,9-38=1,9-40=1,26-38=1,26-40=1,38-40=1
7,9,28,31,40|1|-75,-53|7-9=1,7-28=1,7-40=1,9-31=1,9-40=1,28-31=1,28-40=1,31-40=1
7,9,28,38,40|1|-53|7-9=1,7-28=1,7-38=1,7-40=1,9-38=1,9-40=1,28-38=1,28-40=1,38-40=1
7,9,28,40,42|1|-53|7-9=1,7-28=1,7-40=1,7-42=1,9-40=1,9-42=1,28-40=1,28-42=1,40-42=1
7,10,13,16,19|1|-14,-11,-8|7-10=1,7-16=1,7-19=1,10-13=1,10-19=1,13-16=1,16-19=1
7,10,19,29,31|1|-75,-54|7-10=1,7-19=1,7-29=1,10-19=1,10-31=1,19-29=1,19-31=1,29-31=1
7,10,19,29,41|1|-54|7-10=1,7-19=1,7-29=1,7-41=1,10-19=1,10-41=1,19-29=1,19-41=1,29-41=1
7,10,19,31,41|1|-75|7-10=1,7-19=1,7-41=1,10-19=1,10-31=1,10-41=1,19-31=1,19-41=1,31-41=1
7,10,29,31,41|1|-75,-54|7-10=1,7-29=1,7-41=1,10-31=1,10-41=1,29-31=1,29-41=1,31-41=1
7,12,18,25,31|0|13,26,56,75|7-12=0,7-18=0,7-25=0,12-25=0,18-25=0,18-31=0
7,12,18,31,37|0|13,32,56,62,75|7-12=0,7-18=0,7-37=0,12-37=0,18-31=0
7,13,18,31,37|0|8,32,62,75,81|7-18=0,7-37=0,13-18=0,13-31=0,18-31=0
7,13,20,26,31|0|8,21,51,75|7-20=0,13-20=0,13-26=0,13-31=0,20-31=0,26-31=0
7,13,26,31,37|0|8,32,51,75,81|7-37=0,13-26=0,13-31=0,26-31=0,26-37=0
7,13,26,32,37|0|8,27,51,57,81|7-32=0,7-37=0,13-26=0,26-37=0,32-37=0
7,15,17,29,41|1|-85|7-15=1,7-17=1,7-29=1,7-41=1,15-17=1,15-29=1,15-41=1,17-29=1,29-41=1
7,16,17,19,38|1|-63|7-16=1,7-17=1,7-19=1,7-38=1,16-17=1,16-19=1,16-38=1,17-19=1,17-38=1
7,16,17,26,38|1|-51|7-16=1,7-17=1,7-38=1,16-17=1,16-26=1,16-38=1,17-26=1,17-38=1,26-38=1
7,16,19,28,38|1|-63|7-16=1,7-19=1,7-28=1,7-38=1,16-19=1,16-28=1,16-38=1,19-28=1,28-38=1
7,16,19,28,40|1|-84|7-16=1,7-19=1,7-28=1,7-40=1,16-19=1,16-28=1,19-28=1,19-40=1,28-40=1
7,16,19,38,40|1|-84,-63|7-16=1,7-19=1,7-38=1,7-40=1,16-19=1,16-38=1,19-40=1,38-40=1
7,16,24,26,38|1|-51|7-16=1,7-24=1,7-38=1,16-24=1,16-26=1,16-38=1,24-26=1,24-38=1,26-38=1
7,16,26,28,38|1|-51|7-16=1,7-28=1,7-38=1,16-26=1,16-28=1,16-38=1,26-28=1,26-38=1,28-38=1
7,16,26,28,40|1|-84,-51|7-16=1,7-28=1,7-40=1,16-26=1,16-28=1,26-28=1,26-40=1,28-40=1
7,16,26,38,40|1|-84,-51|7-16=1,7-38=1,7-40=1,16-26=1,16-38=1,26-38=1,26-40=1,38-40=1
7,16,28,38,40|1|-84|7-16=1,7-28=1,7-38=1,7-40=1,16-28=1,16-38=1,28-38=1,28-40=1,38-40=1
7,16,28,40,42|1|-84|7-16=1,7-28=1,7-40=1,7-42=1,16-28=1,16-42=1,28-40=1,28-42=1,40-42=1
7,17,19,29,31|1|-75|7-17=1,7-19=1,7-29=1,17-19=1,17-29=1,17-31=1,19-29=1,19-31=1,29-31=1
7,17,19,29,38|1|-63|7-17=1,7-19=1,7-29=1,7-38=1,17-19=1,17-29=1,17-38=1,19-29=1,29-38=1
7,17,19,29,41|1|-85|7-17=1,7-19=1,7-29=1,7-41=1,17-19=1,17-29=1,19-29=1,19-41=1,29-41=1
7,17,19,31,41|1|-85,-75|7-17=1,7-19=1,7-41=1,17-19=1,17-31=1,19-31=1,19-41=1,31-41=1
7,17,19,36,38|1|-63,-61|7-17=1,7-19=1,7-36=1,7-38=1,17-19=1,17-38=1,19-36=1,36-38=1
7,17,19,38,41|1|-85,-63|7-17=1,7-19=1,7-38=1,7-41=1,17-19=1,17-38=1,19-41=1,38-41=1
7,17,26,29,38|1|-51|7-17=1,7-29=1,7-38=1,17-26=1,17-29=1,17-38=1,26-29=1,26-38=1,29-38=1
7,17,26,36,38|1|-61,-51|7-17=1,7-36=1,7-38=1,17-26=1,17-38=1,26-36=1,26-38=1,36-38=1
7,17,29,31,41|1|-85,-75|7-17=1,7-29=1,7-41=1,17-29=1,17-31=1,29-31=1,29-41=1,31-41=1
7,17,29,38,41|1|-85|7-17=1,7-29=1,7-38=1,7-41=1,17-29=1,17-38=1,29-38=1,29-41=1,38-41=1
7,19,21,29,31|1|-75|7-19=1,7-21=1,7-29=1,19-21=1,19-29=1,19-31=1,21-29=1,21-31=1,29-31=1
7,19,21,29,38|1|-63|7-19=1,7-21=1,7-29=1,7-38=1,19-21=1,19-29=1,21-29=1,21-38=1,29-38=1
7,19,21,31,33|1|-75|7-19=1,7-21=1,7-33=1,19-21=1,19-31=1,19-33=1,21-31=1,21-33=1,31-33=1
7,19,21,31,40|1|-75,-65|7-19=1,7-21=1,7-40=1,19-21=1,19-31=1,19-40=1,21-31=1,31-40=1
7,19,21,38,40|1|-65,-63|7-19=1,7-21=1,7-38=1,7-40=1,19-21=1,19-40=1,21-38=1,38-40=1
7,19,28,29,31|1|-75|7-19=1,7-28=1,7-29=1,19-28=1,19-29=1,19-31=1,28-29=1,28-31=1,29-31=1
7,19,28,29,38|1|-63|7-19=1,7-28=1,7-29=1,7-38=1,19-28=1,19-29=1,28-29=1,28-38=1,29-38=1
7,19,28,31,40|1|-75|7-19=1,7-28=1,7-40=1,19-28=1,19-31=1,19-40=1,28-31=1,28-40=1,31-40=1
7,19,28,36,38|1|-63|7-19=1,7-28=1,7-36=1,7-38=1,19-28=1,19-36=1,28-36=1,28-38=1,36-38=1
7,19,28,38,40|1|-63|7-19=1,7-28=1,7-38=1,7-40=1,19-28=1,19-40=1,28-38=1,28-40=1,38-40=1
7,19,29,31,41|1|-75|7-19=1,7-29=1,7-41=1,19-29=1,19-31=1,19-41=1,29-31=1,29-41=1,31-41=1
7,19,29,38,41|1|-63|7-19=1,7-29=1,7-38=1,7-41=1,19-29=1,19-41=1,29-38=1,29-41=1,38-41=1
7,19,31,33,41|1|-75|7-19=1,7-33=1,7-41=1,19-31=1,19-33=1,19-41=1,31-33=1,31-41=1,33-41=1
7,19,31,40,41|1|-75|7-19=1,7-40=1,7-41=1,19-31=1,19-40=1,19-41=1,31-40=1,31-41=1,40-41=1
7,19,38,40,41|1|-63|7-19=1,7-38=1,7-40=1,7-41=1,19-40=1,19-41=1,38-40=1,38-41=1,40-41=1
7,24,26,36,38|1|-51|7-24=1,7-36=1,7-38=1,24-26=1,24-36=1,24-38=1,26-36=1,26-38=1,36-38=1
7,26,28,29,38|1|-51|7-28=1,7-29=1,7-38=1,26-28=1,26-29=1,26-38=1,28-29=1,28-38=1,29-38=1
7,26,28,36,38|1|-51|7-28=1,7-36=1,7-38=1,26-28=1,26-36=1,26-38=1,28-36=1,28-38=1,36-38=1
7,26,28,38,40|1|-51|7-28=1,7-38=1,7-40=1,26-28=1,26-38=1,26-40=1,28-38=1,28-40=1,38-40=1
8,9,11,30,42|1|-55|8-9=1,8-11=1,8-30=1,8-42=1,9-11=1,9-30=1,9-42=1,11-42=1,30-42=1
8,9,18,30,42|1|-86|8-9=1,8-18=1,8-30=1,8-42=1,9-18=1,9-30=1,9-42=1,18-30=1,30-42=1
8,10,11,20,32|1|-76|8-10=1,8-11=1,8-20=1,10-11=1,10-20=1,10-32=1,11-20=1,11-32=1,20-32=1
8,10,18,20,32|1|-76|8-10=1,8-18=1,8-20=1,10-18=1,10-20=1,10-32=1,18-20=1,18-32=1,20-32=1
8,10,18,20,39|1|-64|8-10=1,8-18=1,8-20=1,8-39=1,10-18=1,10-20=1,10-39=1,18-20=1,18-39=1
8,10,18,27,39|1|-52|8-10=1,8-18=1,8-39=1,10-18=1,10-27=1,10-39=1,18-27=1,18-39=1,27-39=1
8,10,20,22,32|1|-76|8-10=1,8-20=1,8-22=1,10-20=1,10-22=1,10-32=1,20-22=1,20-32=1,22-32=1
8,10,20,22,34|1|-78|8-10=1,8-20=1,8-22=1,8-34=1,10-20=1,10-22=1,20-22=1,20-34=1,22-34=1
8,10,20,22,39|1|-64|8-10=1,8-20=1,8-22=1,8-39=1,10-20=1,10-22=1,10-39=1,20-22=1,22-39=1
8,10,20,22,41|1|-66|8-10=1,8-20=1,8-22=1,8-41=1,10-20=1,10-22=1,10-41=1,20-22=1,20-41=1
8,10,20,29,32|1|-76,-54|8-10=1,8-20=1,8-29=1,10-20=1,10-32=1,20-29=1,20-32=1,29-32=1
8,10,20,29,39|1|-64,-54|8-10=1,8-20=1,8-29=1,8-39=1,10-20=1,10-39=1,20-29=1,29-39=1
8,10,20,29,41|1|-54|8-10=1,8-20=1,8-29=1,8-41=1,10-20=1,10-41=1,20-29=1,20-41=1,29-41=1
8,10,20,32,34|1|-78,-76|8-10=1,8-20=1,8-34=1,10-20=1,10-32=1,20-32=1,20-34=1,32-34=1
8,10,20,32,41|1|-76|8-10=1,8-20=1,8-41=1,10-20=1,10-32=1,10-41=1,20-32=1,20-41=1,32-41=1
8,10,20,39,41|1|-64|8-10=1,8-20=1,8-39=1,8-41=1,10-20=1,10-39=1,10-41=1,20-41=1,39-41=1
8,10,22,32,34|1|-78,-76|8-10=1,8-22=1,8-34=1,10-22=1,10-32=1,22-32=1,22-34=1,32-34=1
8,10,22,32,41|1|-76,-66|8-10=1,8-22=1,8-41=1,10-22=1,10-32=1,10-41=1,22-32=1,32-41=1
8,10,22,39,41|1|-66|8-10=1,8-22=1,8-39=1,8-41=1,10-22=1,10-39=1,10-41=1,22-39=1,39-41=1
8,10,27,29,39|1|-54,-52|8-10=1,8-29=1,8-39=1,10-27=1,10-39=1,27-29=1,27-39=1,29-39=1
8,10,27,29,41|1|-54,-52|8-10=1,8-29=1,8-41=1,10-27=1,10-41=1,27-29=1,27-41=1,29-41=1
8,10,27,39,41|1|-52|8-10=1,8-39=1,8-41=1,10-27=1,10-39=1,10-41=1,27-39=1,27-41=1,39-41=1
8,10,29,32,41|1|-76,-54|8-10=1,8-29=1,8-41=1,10-32=1,10-41=1,29-32=1,29-41=1,32-41=1
8,10,29,39,41|1|-54|8-10=1,8-29=1,8-39=1,8-41=1,10-39=1,10-41=1,29-39=1,29-41=1,39-41=1
8,11,14,17,20|1|-15,-12,-9|8-11=1,8-17=1,8-20=1,11-14=1,11-20=1,14-17=1,17-20=1
8,11,20,30,32|1|-76,-55|8-11=1,8-20=1,8-30=1,11-20=1,11-32=1,20-30=1,20-32=1,30-32=1
8,11,20,30,42|1|-55|8-11=1,8-20=1,8-30=1,8-42=1,11-20=1,11-42=1,20-30=1,20-42=1,30-42=1
8,11,20,32,42|1|-76|8-11=1,8-20=1,8-42=1,11-20=1,11-32=1,11-42=1,20-32=1,20-42=1,32-42=1
8,11,30,32,42|1|-76,-55|8-11=1,8-30=1,8-42=1,11-32=1,11-42=1,30-32=1,30-42=1,32-42=1
8,13,19,26,32|0|14,27,57,76|8-13=0,8-19=0,8-26=0,13-26=0,19-26=0,19-32=0
8,13,19,32,38|0|14,33,57,63,76|8-13=0,8-19=0,8-38=0,13-38=0,19-32=0
8,14,19,32,38|0|9,33,63,76,82|8-19=0,8-38=0,14-19=0,14-32=0,19-32=0
8,14,21,27,32|0|9,22,52,76|8-21=0,14-21=0,14-27=0,14-32=0,21-32=0,27-32=0
8,14,27,32,38|0|9,33,52,76,82|8-38=0,14-27=0,14-32=0,27-32=0,27-38=0
8,14,27,33,38|0|9,28,52,58,82|8-33=0,8-38=0,14-27=0,27-38=0,33-38=0
8,16,18,30,42|1|-86|8-16=1,8-18=1,8-30=1,8-42=1,16-18=1,16-30=1,16-42=1,18-30=1,30-42=1
8,17,18,20,39|1|-64|8-17=1,8-18=1,8-20=1,8-39=1,17-18=1,17-20=1,17-39=1,18-20=1,18-39=1
8,17,18,27,39|1|-52|8-17=1,8-18=1,8-39=1,17-18=1,17-27=1,17-39=1,18-27=1,18-39=1,27-39=1
8,17,20,29,39|1|-64|8-17=1,8-20=1,8-29=1,8-39=1,17-20=1,17-29=1,17-39=1,20-29=1,29-39=1
8,17,20,29,41|1|-85|8-17=1,8-20=1,8-29=1,8-41=1,17-20=1,17-29=1,20-29=1,20-41=1,29-41=1
8,17,20,39,41|1|-85,-64|8-17=1,8-20=1,8-39=1,8-41=1,17-20=1,17-39=1,20-41=1,39-41=1
8,17,25,27,39|1|-52|8-17=1,8-25=1,8-39=1,17-25=1,17-27=1,17-39=1,25-27=1,25-39=1,27-39=1
8,17,27,29,39|1|-52|8-17=1,8-29=1,8-39=1,17-27=1,17-29=1,17-39=1,27-29=1,27-39=1,29-39=1
8,17,27,29,41|1|-85,-52|8-17=1,8-29=1,8-41=1,17-27=1,17-29=1,27-29=1,27-41=1,29-41=1
8,17,27,39,41|1|-85,-52|8-17=1,8-39=1,8-41=1,17-27=1,17-39=1,27-39=1,27-41=1,39-41=1
8,17,29,39,41|1|-85|8-17=1,8-29=1,8-39=1,8-41=1,17-29=1,17-39=1,29-39=1,29-41=1,39-41=1
8,18,20,30,32|1|-76|8-18=1,8-20=1,8-30=1,18-20=1,18-30=1,18-32=1,20-30=1,20-32=1,30-32=1
8,18,20,30,39|1|-64|8-18=1,8-20=1,8-30=1,8-39=1,18-20=1,18-30=1,18-39=1,20-30=1,30-39=1
8,18,20,30,42|1|-86|8-18=1,8-20=1,8-30=1,8-42=1,18-20=1,18-30=1,20-30=1,20-42=1,30-42=1
8,18,20,32,42|1|-86,-76|8-18=1,8-20=1,8-42=1,18-20=1,18-32=1,20-32=1,20-42=1,32-42=1
8,18,20,37,39|1|-64,-62|8-18=1,8-20=1,8-37=1,8-39=1,18-20=1,18-39=1,20-37=1,37-39=1
8,18,20,39,42|1|-86,-64|8-18=1,8-20=1,8-39=1,8-42=1,18-20=1,18-39=1,20-42=1,39-42=1
8,18,27,30,39|1|-52|8-18=1,8-30=1,8-39=1,18-27=1,18-30=1,18-39=1,27-30=1,27-39=1,30-39=1
8,18,27,37,39|1|-62,-52|8-18=1,8-37=1,8-39=1,18-27=1,18-39=1,27-37=1,27-39=1,37-39=1
8,18,30,32,42|1|-86,-76|8-18=1,8-30=1,8-42=1,18-30=1,18-32=1,30-32=1,30-42=1,32-42=1
8,18,30,39,42|1|-86|8-18=1,8-30=1,8-39=1,8-42=1,18-30=1,18-39=1,30-39=1,30-42=1,39-42=1
8,20,22,30,32|1|-76|8-20=1,8-22=1,8-30=1,20-22=1,20-30=1,20-32=1,22-30=1,22-32=1,30-32=1
8,20,22,30,39|1|-64|8-20=1,8-22=1,8-30=1,8-39=1,20-22=1,20-30=1,22-30=1,22-39=1,30-39=1
8,20,22,32,34|1|-76|8-20=1,8-22=1,8-34=1,20-22=1,20-32=1,20-34=1,22-32=1,22-34=1,32-34=1
8,20,22,32,41|1|-76,-66|8-20=1,8-22=1,8-41=1,20-22=1,20-32=1,20-41=1,22-32=1,32-41=1
8,20,22,39,41|1|-66,-64|8-20=1,8-22=1,8-39=1,8-41=1,20-22=1,20-41=1,22-39=1,39-41=1
8,20,29,30,32|1|-76|8-20=1,8-29=1,8-30=1,20-29=1,20-30=1,20-32=1,29-30=1,29-32=1,30-32=1
8,20,29,30,39|1|-64|8-20=1,8-29=1,8-30=1,8-39=1,20-29=1,20-30=1,29-30=1,29-39=1,30-39=1
8,20,29,32,41|1|-76|8-20=1,8-29=1,8-41=1,20-29=1,20-32=1,20-41=1,29-32=1,29-41=1,32-41=1
8,20,29,37,39|1|-64|8-20=1,8-29=1,8-37=1,8-39=1,20-29=1,20-37=1,29-37=1,29-39=1,37-39=1
8,20,29,39,41|1|-64|8-20=1,8-29=1,8-39=1,8-41=1,20-29=1,20-41=1,29-39=1,29-41=1,39-41=1
8,20,30,32,42|1|-76|8-20=1,8-30=1,8-42=1,20-30=1,20-32=1,20-42=1,30-32=1,30-42=1,32-42=1
8,20,30,39,42|1|-64|8-20=1,8-30=1,8-39=1,8-42=1,20-30=1,20-42=1,30-39=1,30-42=1,39-42=1
8,20,32,34,42|1|-76|8-20=1,8-34=1,8-42=1,20-32=1,20-34=1,20-42=1,32-34=1,32-42=1,34-42=1
8,20,32,41,42|1|-76|8-20=1,8-41=1,8-42=1,20-32=1,20-41=1,20-42=1,32-41=1,32-42=1,41-42=1
8,20,39,41,42|1|-64|8-20=1,8-39=1,8-41=1,8-42=1,20-41=1,20-42=1,39-41=1,39-42=1,41-42=1
8,25,27,37,39|1|-52|8-25=1,8-37=1,8-39=1,25-27=1,25-37=1,25-39=1,27-37=1,27-39=1,37-39=1
8,27,29,30,39|1|-52|8-29=1,8-30=1,8-39=1,27-29=1,27-30=1,27-39=1,29-30=1,29-39=1,30-39=1
8,27,29,37,39|1|-52|8-29=1,8-37=1,8-39=1,27-29=1,27-37=1,27-39=1,29-37=1,29-39=1,37-39=1
8,27,29,39,41|1|-52|8-29=1,8-39=1,8-41=1,27-29=1,27-39=1,27-41=1,29-39=1,29-41=1,39-41=1
9,11,12,21,33|1|-77|9-11=1,9-12=1,9-21=1,11-12=1,11-21=1,11-33=1,12-21=1,12-33=1,21-33=1
9,11,19,21,33|1|-77|9-11=1,9-19=1,9-21=1,11-19=1,11-21=1,11-33=1,19-21=1,19-33=1,21-33=1
9,11,19,21,40|1|-65|9-11=1,9-19=1,9-21=1,9-40=1,11-19=1,11-21=1,11-40=1,19-21=1,19-40=1
9,11,19,28,40|1|-53|9-11=1,9-19=1,9-40=1,11-19=1,11-28=1,11-40=1,19-28=1,19-40=1,28-40=1
9,11,21,23,33|1|-77|9-11=1,9-21=1,9-23=1,11-21=1,11-23=1,11-33=1,21-23=1,21-33=1,23-33=1
9,11,21,23,35|1|-79|9-11=1,9-21=1,9-23=1,9-35=1,11-21=1,11-23=1,21-23=1,21-35=1,23-35=1
9,11,21,23,40|1|-65|9-11=1,9-21=1,9-23=1,9-40=1,11-21=1,11-23=1,11-40=1,21-23=1,23-40=1
9,11,21,23,42|1|-67|9-11=1,9-21=1,9-23=1,9-42=1,11-21=1,11-23=1,11-42=1,21-23=1,21-42=1
9,11,21,30,33|1|-77,-55|9-11=1,9-21=1,9-30=1,11-21=1,11-33=1,21-30=1,21-33=1,30-33=1
9,11,21,30,40|1|-65,-55|9-11=1,9-21=1,9-30=1,9-40=1,11-21=1,11-40=1,21-30=1,30-40=1
9,11,21,30,42|1|-55|9-11=1,9-21=1,9-30=1,9-42=1,11-21=1,11-42=1,21-30=1,21-42=1,30-42=1
9,11,21,33,35|1|-79,-77|9-11=1,9-21=1,9-35=1,11-21=1,11-33=1,21-33=1,21-35=1,33-35=1
9,11,21,33,42|1|-77|9-11=1,9-21=1,9-42=1,11-21=1,11-33=1,11-42=1,21-33=1,21-42=1,33-42=1
9,11,21,40,42|1|-65|9-11=1,9-21=1,9-40=1,9-42=1,11-21=1,11-40=1,11-42=1,21-42=1,40-42=1
9,11,23,33,35|1|-79,-77|9-11=1,9-23=1,9-35=1,11-23=1,11-33=1,23-33=1,23-35=1,33-35=1
9,11,23,33,42|1|-77,-67|9-11=1,9-23=1,9-42=1,11-23=1,11-33=1,11-42=1,23-33=1,33-42=1
9,11,23,40,42|1|-67|9-11=1,9-23=1,9-40=1,9-42=1,11-23=1,11-40=1,11-42=1,23-40=1,40-42=1
9,11,28,30,40|1|-55,-53|9-11=1,9-30=1,9-40=1,11-28=1,11-40=1,28-30=1,28-40=1,30-40=1
9,11,28,30,42|1|-55,-53|9-11=1,9-30=1,9-42=1,11-28=1,11-42=1,28-30=1,28-42=1,30-42=1
9,11,28,40,42|1|-53|9-11=1,9-40=1,9-42=1,11-28=1,11-40=1,11-42=1,28-40=1,28-42=1,40-42=1
9,11,30,33,42|1|-77,-55|9-11=1,9-30=1,9-42=1,11-33=1,11-42=1,30-33=1,30-42=1,33-42=1
9,11,30,40,42|1|-55|9-11=1,9-30=1,9-40=1,9-42=1,11-40=1,11-42=1,30-40=1,30-42=1,40-42=1
9,12,15,18,21|1|-16,-13,-10|9-12=1,9-18=1,9-21=1,12-15=1,12-21=1,15-18=1,18-21=1
9,12,21,31,33|1|-77,-56|9-12=1,9-21=1,9-31=1,12-21=1,12-33=1,21-31=1,21-33=1,31-33=1
9,14,20,27,33|0|15,28,58,77|9-14=0,9-20=0,9-27=0,14-27=0,20-27=0,20-33=0
9,14,20,33,39|0|15,34,58,64,77|9-14=0,9-20=0,9-39=0,14-39=0,20-33=0
9,15,20,33,39|0|10,34,64,77,83|9-20=0,9-39=0,15-20=0,15-33=0,20-33=0
9,15,22,28,33|0|10,23,53,77|9-22=0,15-22=0,15-28=0,15-33=0,22-33=0,28-33=0
9,15,28,33,39|0|10,34,53,77,83|9-39=0,15-28=0,15-33=0,28-33=0,28-39=0
9,15,28,34,39|0|10,29,53,59,83|9-34=0,9-39=0,15-28=0,28-39=0,34-39=0
9,18,19,21,40|1|-65|9-18=1,9-19=1,9-21=1,9-40=1,18-19=1,18-21=1,18-40=1,19-21=1,19-40=1
9,18,19,28,40|1|-53|9-18=1,9-19=1,9-40=1,18-19=1,18-28=1,18-40=1,19-28=1,19-40=1,28-40=1
9,18,21,30,40|1|-65|9-18=1,9-21=1,9-30=1,9-40=1,18-21=1,18-30=1,18-40=1,21-30=1,30-40=1
9,18,21,30,42|1|-86|9-18=1,9-21=1,9-30=1,9-42=1,18-21=1,18-30=1,21-30=1,21-42=1,30-42=1
9,18,21,40,42|1|-86,-65|9-18=1,9-21=1,9-40=1,9-42=1,18-21=1,18-40=1,21-42=1,40-42=1
9,18,26,28,40|1|-53|9-18=1,9-26=1,9-40=1,18-26=1,18-28=1,18-40=1,26-28=1,26-40=1,28-40=1
9,18,28,30,40|1|-53|9-18=1,9-30=1,9-40=1,18-28=1,18-30=1,18-40=1,28-30=1,28-40=1,30-40=1
9,18,28,30,42|1|-86,-53|9-18=1,9-30=1,9-42=1,18-28=1,18-30=1,28-30=1,28-42=1,30-42=1
9,18,28,40,42|1|-86,-53|9-18=1,9-40=1,9-42=1,18-28=1,18-40=1,28-40=1,28-42=1,40-42=1
9,18,30,40,42|1|-86|9-18=1,9-30=1,9-40=1,9-42=1,18-30=1,18-40=1,30-40=1,30-42=1,40-42=1
9,19,21,31,33|1|-77|9-19=1,9-21=1,9-31=1,19-21=1,19-31=1,19-33=1,21-31=1,21-33=1,31-33=1
9,19,21,31,40|1|-65|9-19=1,9-21=1,9-31=1,9-40=1,19-21=1,19-31=1,19-40=1,21-31=1,31-40=1
9,19,21,38,40|1|-65,-63|9-19=1,9-21=1,9-38=1,9-40=1,19-21=1,19-40=1,21-38=1,38-40=1
9,19,28,31,40|1|-53|9-19=1,9-31=1,9-40=1,19-28=1,19-31=1,19-40=1,28-31=1,28-40=1,31-40=1
9,19,28,38,40|1|-63,-53|9-19=1,9-38=1,9-40=1,19-28=1,19-40=1,28-38=1,28-40=1,38-40=1
9,21,23,31,33|1|-77|9-21=1,9-23=1,9-31=1,21-23=1,21-31=1,21-33=1,23-31=1,23-33=1,31-33=1
9,21,23,31,40|1|-65|9-21=1,9-23=1,9-31=1,9-40=1,21-23=1,21-31=1,23-31=1,23-40=1,31-40=1
9,21,23,33,35|1|-77|9-21=1,9-23=1,9-35=1,21-23=1,21-33=1,21-35=1,23-33=1,23-35=1,33-35=1
9,21,23,33,42|1|-77,-67|9-21=1,9-23=1,9-42=1,21-23=1,21-33=1,21-42=1,23-33=1,33-42=1
9,21,23,40,42|1|-67,-65|9-21=1,9-23=1,9-40=1,9-42=1,21-23=1,21-42=1,23-40=1,40-42=1
9,21,30,31,33|1|-77|9-21=1,9-30=1,9-31=1,21-30=1,21-31=1,21-33=1,30-31=1,30-33=1,31-33=1
9,21,30,31,40|1|-65|9-21=1,9-30=1,9-31=1,9-40=1,21-30=1,21-31=1,30-31=1,30-40=1,31-40=1
9,21,30,33,42|1|-77|9-21=1,9-30=1,9-42=1,21-30=1,21-33=1,21-42=1,30-33=1,30-42=1,33-42=1
9,21,30,38,40|1|-65|9-21=1,9-30=1,9-38=1,9-40=1,21-30=1,21-38=1,30-38=1,30-40=1,38-40=1
9,21,30,40,42|1|-65|9-21=1,9-30=1,9-40=1,9-42=1,21-30=1,21-42=1,30-40=1,30-42=1,40-42=1
9,26,28,38,40|1|-53|9-26=1,9-38=1,9-40=1,26-28=1,26-38=1,26-40=1,28-38=1,28-40=1,38-40=1
9,28,30,31,40|1|-53|9-30=1,9-31=1,9-40=1,28-30=1,28-31=1,28-40=1,30-31=1,30-40=1,31-40=1
9,28,30,38,40|1|-53|9-30=1,9-38=1,9-40=1,28-30=1,28-38=1,28-40=1,30-38=1,30-40=1,38-40=1
9,28,30,40,42|1|-53|9-30=1,9-40=1,9-42=1,28-30=1,28-40=1,28-42=1,30-40=1,30-42=1,40-42=1
10,12,13,22,34|1|-78|10-12=1,10-13=1,10-22=1,12-13=1,12-22=1,12-34=1,13-22=1,13-34=1,22-34=1
10,12,20,22,34|1|-78|10-12=1,10-20=1,10-22=1,12-20=1,12-22=1,12-34=1,20-22=1,20-34=1,22-34=1
10,12,20,22,41|1|-66|10-12=1,10-20=1,10-22=1,10-41=1,12-20=1,12-22=1,12-41=1,20-22=1,20-41=1
10,12,20,29,41|1|-54|10-12=1,10-20=1,10-41=1,12-20=1,12-29=1,12-41=1,20-29=1,20-41=1,29-41=1
10,12,22,24,34|1|-78|10-12=1,10-22=1,10-24=1,12-22=1,12-24=1,12-34=1,22-24=1,22-34=1,24-34=1
10,12,22,24,36|1|-80|10-12=1,10-22=1,10-24=1,10-36=1,12-22=1,12-24=1,22-24=1,22-36=1,24-36=1
10,12,22,24,41|1|-66|10-12=1,10-22=1,10-24=1,10-41=1,12-22=1,12-24=1,12-41=1,22-24=1,24-41=1
10,12,22,31,34|1|-78,-56|10-12=1,10-22=1,10-31=1,12-22=1,12-34=1,22-31=1,22-34=1,31-34=1
10,12,22,31,41|1|-66,-56|10-12=1,10-22=1,10-31=1,10-41=1,12-22=1,12-41=1,22-31=1,31-41=1
10,12,22,34,36|1|-80,-78|10-12=1,10-22=1,10-36=1,12-22=1,12-34=1,22-34=1,22-36=1,34-36=1
10,12,24,34,36|1|-80,-78|10-12=1,10-24=1,10-36=1,12-24=1,12-34=1,24-34=1,24-36=1,34-36=1
10,12,29,31,41|1|-56,-54|10-12=1,10-31=1,10-41=1,12-29=1,12-41=1,29-31=1,29-41=1,31-41=1
10,13,16,19,22|1|-17,-14,-11|10-13=1,10-19=1,10-22=1,13-16=1,13-22=1,16-19=1,19-22=1
10,13,22,32,34|1|-78,-57|10-13=1,10-22=1,10-32=1,13-22=1,13-34=1,22-32=1,22-34=1,32-34=1
10,15,21,28,34|0|16,29,59,78|10-15=0,10-21=0,10-28=0,15-28=0,21-28=0,21-34=0
10,15,21,34,40|0|16,35,59,65,78|10-15=0,10-21=0,10-40=0,15-40=0,21-34=0
10,16,21,34,40|0|11,35,65,78,84|10-21=0,10-40=0,16-21=0,16-34=0,21-34=0
10,16,23,29,34|0|11,24,54,78|10-23=0,16-23=0,16-29=0,16-34=0,23-34=0,29-34=0
10,16,29,34,40|0|11,35,54,78,84|10-40=0,16-29=0,16-34=0,29-34=0,29-40=0
10,16,29,35,40|0|11,30,54,60,84|10-35=0,10-40=0,16-29=0,29-40=0,35-40=0
10,19,20,22,41|1|-66|10-19=1,10-20=1,10-22=1,10-41=1,19-20=1,19-22=1,19-41=1,20-22=1,20-41=1
10,19,20,29,41|1|-54|10-19=1,10-20=1,10-41=1,19-20=1,19-29=1,19-41=1,20-29=1,20-41=1,29-41=1
10,19,22,31,41|1|-66|10-19=1,10-22=1,10-31=1,10-41=1,19-22=1,19-31=1,19-41=1,22-31=1,31-41=1
10,19,27,29,41|1|-54|10-19=1,10-27=1,10-41=1,19-27=1,19-29=1,19-41=1,27-29=1,27-41=1,29-41=1
10,19,29,31,41|1|-54|10-19=1,10-31=1,10-41=1,19-29=1,19-31=1,19-41=1,29-31=1,29-41=1,31-41=1
10,20,22,32,34|1|-78|10-20=1,10-22=1,10-32=1,20-22=1,20-32=1,20-34=1,22-32=1,22-34=1,32-34=1
10,20,22,32,41|1|-66|10-20=1,10-22=1,10-32=1,10-41=1,20-22=1,20-32=1,20-41=1,22-32=1,32-41=1
10,20,22,39,41|1|-66,-64|10-20=1,10-22=1,10-39=1,10-41=1,20-22=1,20-41=1,22-39=1,39-41=1
10,20,29,32,41|1|-54|10-20=1,10-32=1,10-41=1,20-29=1,20-32=1,20-41=1,29-32=1,29-41=1,32-41=1
10,20,29,39,41|1|-64,-54|10-20=1,10-39=1,10-41=1,20-29=1,20-41=1,29-39=1,29-41=1,39-41=1
10,22,24,32,34|1|-78|10-22=1,10-24=1,10-32=1,22-24=1,22-32=1,22-34=1,24-32=1,24-34=1,32-34=1
10,22,24,32,41|1|-66|10-22=1,10-24=1,10-32=1,10-41=1,22-24=1,22-32=1,24-32=1,24-41=1,32-41=1
10,22,24,34,36|1|-78|10-22=1,10-24=1,10-36=1,22-24=1,22-34=1,22-36=1,24-34=1,24-36=1,34-36=1
10,22,31,32,34|1|-78|10-22=1,10-31=1,10-32=1,22-31=1,22-32=1,22-34=1,31-32=1,31-34=1,32-34=1
10,22,31,32,41|1|-66|10-22=1,10-31=1,10-32=1,10-41=1,22-31=1,22-32=1,31-32=1,31-41=1,32-41=1
10,22,31,39,41|1|-66|10-22=1,10-31=1,10-39=1,10-41=1,22-31=1,22-39=1,31-39=1,31-41=1,39-41=1
10,27,29,39,41|1|-54|10-27=1,10-39=1,10-41=1,27-29=1,27-39=1,27-41=1,29-39=1,29-41=1,39-41=1
10,29,31,32,41|1|-54|10-31=1,10-32=1,10-41=1,29-31=1,29-32=1,29-41=1,31-32=1,31-41=1,32-41=1
10,29,31,39,41|1|-54|10-31=1,10-39=1,10-41=1,29-31=1,29-39=1,29-41=1,31-39=1,31-41=1,39-41=1
11,13,14,23,35|1|-79|11-13=1,11-14=1,11-23=1,13-14=1,13-23=1,13-35=1,14-23=1,14-35=1,23-35=1
11,13,21,23,35|1|-79|11-13=1,11-21=1,11-23=1,13-21=1,13-23=1,13-35=1,21-23=1,21-35=1,23-35=1
11,13,21,23,42|1|-67|11-13=1,11-21=1,11-23=1,11-42=1,13-21=1,13-23=1,13-42=1,21-23=1,21-42=1
11,13,21,30,42|1|-55|11-13=1,11-21=1,11-42=1,13-21=1,13-30=1,13-42=1,21-30=1,21-42=1,30-42=1
11,13,23,25,35|1|-79|11-13=1,11-23=1,11-25=1,13-23=1,13-25=1,13-35=1,23-25=1,23-35=1,25-35=1
11,13,23,25,37|1|-81|11-13=1,11-23=1,11-25=1,11-37=1,13-23=1,13-25=1,23-25=1,23-37=1,25-37=1
11,13,23,25,42|1|-67|11-13=1,11-23=1,11-25=1,11-42=1,13-23=1,13-25=1,13-42=1,23-25=1,25-42=1
11,13,23,32,35|1|-79,-57|11-13=1,11-23=1,11-32=1,13-23=1,13-35=1,23-32=1,23-35=1,32-35=1
11,13,23,32,42|1|-67,-57|11-13=1,11-23=1,11-32=1,11-42=1,13-23=1,13-42=1,23-32=1,32-42=1
11,13,23,35,37|1|-81,-79|11-13=1,11-23=1,11-37=1,13-23=1,13-35=1,23-35=1,23-37=1,35-37=1
11,13,25,35,37|1|-81,-79|11-13=1,11-25=1,11-37=1,13-25=1,13-35=1,25-35=1,25-37=1,35-37=1
11,13,30,32,42|1|-57,-55|11-13=1,11-32=1,11-42=1,13-30=1,13-42=1,30-32=1,30-42=1,32-42=1
11,14,17,20,23|1|-18,-15,-12|11-14=1,11-20=1,11-23=1,14-17=1,14-23=1,17-20=1,20-23=1
11,14,23,33,35|1|-79,-58|11-14=1,11-23=1,11-33=1,14-23=1,14-35=1,23-33=1,23-35=1,33-35=1
11,16,22,29,35|0|17,30,60,79|11-16=0,11-22=0,11-29=0,16-29=0,22-29=0,22-35=0
11,16,22,35,41|0|17,36,60,66,79|11-16=0,11-22=0,11-41=0,16-41=0,22-35=0
11,17,22,35,41|0|12,36,66,79,85|11-22=0,11-41=0,17-22=0,17-35=0,22-35=0
11,17,24,30,35|0|12,25,55,79|11-24=0,17-24=0,17-30=0,17-35=0,24-35=0,30-35=0
11,17,30,35,41|0|12,36,55,79,85|11-41=0,17-30=0,17-35=0,30-35=0,30-41=0
11,17,30,36,41|0|12,31,55,61,85|11-36=0,11-41=0,17-30=0,30-41=0,36-41=0
11,20,21,23,42|1|-67|11-20=1,11-21=1,11-23=1,11-42=1,20-21=1,20-23=1,20-42=1,21-23=1,21-42=1
11,20,21,30,42|1|-55|11-20=1,11-21=1,11-42=1,20-21=1,20-30=1,20-42=1,21-30=1,21-42=1,30-42=1
11,20,23,32,42|1|-67|11-20=1,11-23=1,11-32=1,11-42=1,20-23=1,20-32=1,20-42=1,23-32=1,32-42=1
11,20,28,30,42|1|-55|11-20=1,11-28=1,11-42=1,20-28=1,20-30=1,20-42=1,28-30=1,28-42=1,30-42=1
11,20,30,32,42|1|-55|11-20=1,11-32=1,11-42=1,20-30=1,20-32=1,20-42=1,30-32=1,30-42=1,32-42=1
11,21,23,33,35|1|-79|11-21=1,11-23=1,11-33=1,21-23=1,21-33=1,21-35=1,23-33=1,23-35=1,33-35=1
11,21,23,33,42|1|-67|11-21=1,11-23=1,11-33=1,11-42=1,21-23=1,21-33=1,21-42=1,23-33=1,33-42=1
11,21,23,40,42|1|-67,-65|11-21=1,11-23=1,11-40=1,11-42=1,21-23=1,21-42=1,23-40=1,40-42=1
11,21,30,33,42|1|-55|11-21=1,11-33=1,11-42=1,21-30=1,21-33=1,21-42=1,30-33=1,30-42=1,33-42=1
11,21,30,40,42|1|-65,-55|11-21=1,11-40=1,11-42=1,21-30=1,21-42=1,30-40=1,30-42=1,40-42=1
11,23,25,33,35|1|-79|11-23=1,11-25=1,11-33=1,23-25=1,23-33=1,23-35=1,25-33=1,25-35=1,33-35=1
11,23,25,33,42|1|-67|11-23=1,11-25=1,11-33=1,11-42=1,23-25=1,23-33=1,25-33=1,25-42=1,33-42=1
11,23,25,35,37|1|-79|11-23=1,11-25=1,11-37=1,23-25=1,23-35=1,23-37=1,25-35=1,25-37=1,35-37=1
11,23,32,33,35|1|-79|11-23=1,11-32=1,11-33=1,23-32=1,23-33=1,23-35=1,32-33=1,32-35=1,33-35=1
11,23,32,33,42|1|-67|11-23=1,11-32=1,11-33=1,11-42=1,23-32=1,23-33=1,32-33=1,32-42=1,33-42=1
11,23,32,40,42|1|-67|11-23=1,11-32=1,11-40=1,11-42=1,23-32=1,23-40=1,32-40=1,32-42=1,40-42=1
11,28,30,40,42|1|-55|11-28=1,11-40=1,11-42=1,28-30=1,28-40=1,28-42=1,30-40=1,30-42=1,40-42=1
11,30,32,33,42|1|-55|11-32=1,11-33=1,11-42=1,30-32=1,30-33=1,30-42=1,32-33=1,32-42=1,33-42=1
11,30,32,40,42|1|-55|11-32=1,11-40=1,11-42=1,30-32=1,30-40=1,30-42=1,32-40=1,32-42=1,40-42=1
12,14,15,24,36|1|-80|12-14=1,12-15=1,12-24=1,14-15=1,14-24=1,14-36=1,15-24=1,15-36=1,24-36=1
12,14,22,24,36|1|-80|12-14=1,12-22=1,12-24=1,14-22=1,14-24=1,14-36=1,22-24=1,22-36=1,24-36=1
12,14,24,26,36|1|-80|12-14=1,12-24=1,12-26=1,14-24=1,14-26=1,14-36=1,24-26=1,24-36=1,26-36=1
12,14,24,26,38|1|-82|12-14=1,12-24=1,12-26=1,12-38=1,14-24=1,14-26=1,24-26=1,24-38=1,26-38=1
12,14,24,33,36|1|-80,-58|12-14=1,12-24=1,12-33=1,14-24=1,14-36=1,24-33=1,24-36=1,33-36=1
12,14,24,36,38|1|-82,-80|12-14=1,12-24=1,12-38=1,14-24=1,14-36=1,24-36=1,24-38=1,36-38=1
12,14,26,36,38|1|-82,-80|12-14=1,12-26=1,12-38=1,14-26=1,14-36=1,26-36=1,26-38=1,36-38=1
12,15,18,21,24|1|-19,-16,-13|12-15=1,12-21=1,12-24=1,15-18=1,15-24=1,18-21=1,21-24=1
12,15,24,34,36|1|-80,-59|12-15=1,12-24=1,12-34=1,15-24=1,15-36=1,24-34=1,24-36=1,34-36=1
12,17,23,30,36|0|18,31,61,80|12-17=0,12-23=0,12-30=0,17-30=0,23-30=0,23-36=0
12,17,23,36,42|0|18,37,61,67,80|12-17=0,12-23=0,12-42=0,17-42=0,23-36=0
12,18,23,36,42|0|13,37,67,80,86|12-23=0,12-42=0,18-23=0,18-36=0,23-36=0
12,18,25,31,36|0|13,26,56,80|12-25=0,18-25=0,18-31=0,18-36=0,25-36=0,31-36=0
12,18,31,36,42|0|13,37,56,80,86|12-42=0,18-31=0,18-36=0,31-36=0,31-42=0
12,18,31,37,42|0|13,32,56,62,86|12-37=0,12-42=0,18-31=0,31-42=0,37-42=0
12,22,24,34,36|1|-80|12-22=1,12-24=1,12-34=1,22-24=1,22-34=1,22-36=1,24-34=1,24-36=1,34-36=1
12,24,26,34,36|1|-80|12-24=1,12-26=1,12-34=1,24-26=1,24-34=1,24-36=1,26-34=1,26-36=1,34-36=1
12,24,26,36,38|1|-80|12-24=1,12-26=1,12-38=1,24-26=1,24-36=1,24-38=1,26-36=1,26-38=1,36-38=1
12,24,33,34,36|1|-80|12-24=1,12-33=1,12-34=1,24-33=1,24-34=1,24-36=1,33-34=1,33-36=1,34-36=1
13,15,16,25,37|1|-81|13-15=1,13-16=1,13-25=1,15-16=1,15-25=1,15-37=1,16-25=1,16-37=1,25-37=1
13,15,23,25,37|1|-81|13-15=1,13-23=1,13-25=1,15-23=1,15-25=1,15-37=1,23-25=1,23-37=1,25-37=1
13,15,25,27,37|1|-81|13-15=1,13-25=1,13-27=1,15-25=1,15-27=1,15-37=1,25-27=1,25-37=1,27-37=1
13,15,25,27,39|1|-83|13-15=1,13-25=1,13-27=1,13-39=1,15-25=1,15-27=1,25-27=1,25-39=1,27-39=1
13,15,25,34,37|1|-81,-59|13-15=1,13-25=1,13-34=1,15-25=1,15-37=1,25-34=1,25-37=1,34-37=1
13,15,25,37,39|1|-83,-81|13-15=1,13-25=1,13-39=1,15-25=1,15-37=1,25-37=1,25-39=1,37-39=1
13,15,27,37,39|1|-83,-81|13-15=1,13-27=1,13-39=1,15-27=1,15-37=1,27-37=1,27-39=1,37-39=1
13,16,19,22,25|1|-20,-17,-14|13-16=1,13-22=1,13-25=1,16-19=1,16-25=1,19-22=1,22-25=1
13,16,25,35,37|1|-81,-60|13-16=1,13-25=1,13-35=1,16-25=1,16-37=1,25-35=1,25-37=1,35-37=1
13,18,24,31,37|0|19,32,62,81|13-18=0,13-24=0,13-31=0,18-31=0,24-31=0,24-37=0
13,19,26,32,37|0|14,27,57,81|13-26=0,19-26=0,19-32=0,19-37=0,26-37=0,32-37=0
13,23,25,35,37|1|-81|13-23=1,13-25=1,13-35=1,23-25=1,23-35=1,23-37=1,25-35=1,25-37=1,35-37=1
13,25,27,35,37|1|-81|13-25=1,13-27=1,13-35=1,25-27=1,25-35=1,25-37=1,27-35=1,27-37=1,35-37=1
13,25,27,37,39|1|-81|13-25=1,13-27=1,13-39=1,25-27=1,25-37=1,25-39=1,27-37=1,27-39=1,37-39=1
13,25,34,35,37|1|-81|13-25=1,13-34=1,13-35=1,25-34=1,25-35=1,25-37=1,34-35=1,34-37=1,35-37=1
14,16,17,26,38|1|-82|14-16=1,14-17=1,14-26=1,16-17=1,16-26=1,16-38=1,17-26=1,17-38=1,26-38=1
14,16,24,26,38|1|-82|14-16=1,14-24=1,14-26=1,16-24=1,16-26=1,16-38=1,24-26=1,24-38=1,26-38=1
14,16,26,28,38|1|-82|14-16=1,14-26=1,14-28=1,16-26=1,16-28=1,16-38=1,26-28=1,26-38=1,28-38=1
14,16,26,28,40|1|-84|14-16=1,14-26=1,14-28=1,14-40=1,16-26=1,16-28=1,26-28=1,26-40=1,28-40=1
14,16,26,35,38|1|-82,-60|14-16=1,14-26=1,14-35=1,16-26=1,16-38=1,26-35=1,26-38=1,35-38=1
14,16,26,38,40|1|-84,-82|14-16=1,14-26=1,14-40=1,16-26=1,16-38=1,26-38=1,26-40=1,38-40=1
14,16,28,38,40|1|-84,-82|14-16=1,14-28=1,14-40=1,16-28=1,16-38=1,28-38=1,28-40=1,38-40=1
14,17,20,23,26|1|-21,-18,-15|14-17=1,14-23=1,14-26=1,17-20=1,17-26=1,20-23=1,23-26=1
14,17,26,36,38|1|-82,-61|14-17=1,14-26=1,14-36=1,17-26=1,17-38=1,26-36=1,26-38=1,36-38=1
14,19,25,32,38|0|20,33,63,82|14-19=0,14-25=0,14-32=0,19-32=0,25-32=0,25-38=0
14,20,27,33,38|0|15,28,58,82|14-27=0,20-27=0,20-33=0,20-38=0,27-38=0,33-38=0
14,24,26,36,38|1|-82|14-24=1,14-26=1,14-36=1,24-26=1,24-36=1,24-38=1,26-36=1,26-38=1,36-38=1
14,26,28,36,38|1|-82|14-26=1,14-28=1,14-36=1,26-28=1,26-36=1,26-38=1,28-36=1,28-38=1,36-38=1
14,26,28,38,40|1|-82|14-26=1,14-28=1,14-40=1,26-28=1,26-38=1,26-40=1,28-38=1,28-40=1,38-40=1
14,26,35,36,38|1|-82|14-26=1,14-35=1,14-36=1,26-35=1,26-36=1,26-38=1,35-36=1,35-38=1,36-38=1
15,17,18,27,39|1|-83|15-17=1,15-18=1,15-27=1,17-18=1,17-27=1,17-39=1,18-27=1,18-39=1,27-39=1
15,17,25,27,39|1|-83|15-17=1,15-25=1,15-27=1,17-25=1,17-27=1,17-39=1,25-27=1,25-39=1,27-39=1
15,17,27,29,39|1|-83|15-17=1,15-27=1,15-29=1,17-27=1,17-29=1,17-39=1,27-29=1,27-39=1,29-39=1
15,17,27,29,41|1|-85|15-17=1,15-27=1,15-29=1,15-41=1,17-27=1,17-29=1,27-29=1,27-41=1,29-41=1
15,17,27,36,39|1|-83,-61|15-17=1,15-27=1,15-36=1,17-27=1,17-39=1,27-36=1,27-39=1,36-39=1
15,17,27,39,41|1|-85,-83|15-17=1,15-27=1,15-41=1,17-27=1,17-39=1,27-39=1,27-41=1,39-41=1
15,17,29,39,41|1|-85,-83|15-17=1,15-29=1,15-41=1,17-29=1,17-39=1,29-39=1,29-41=1,39-41=1
15,18,21,24,27|1|-22,-19,-16|15-18=1,15-24=1,15-27=1,18-21=1,18-27=1,21-24=1,24-27=1
15,18,27,37,39|1|-83,-62|15-18=1,15-27=1,15-37=1,18-27=1,18-39=1,27-37=1,27-39=1,37-39=1
15,20,26,33,39|0|21,34,64,83|15-20=0,15-26=0,15-33=0,20-33=0,26-33=0,26-39=0
15,21,28,34,39|0|16,29,59,83|15-28=0,21-28=0,21-34=0,21-39=0,28-39=0,34-39=0
15,25,27,37,39|1|-83|15-25=1,15-27=1,15-37=1,25-27=1,25-37=1,25-39=1,27-37=1,27-39=1,37-39=1
15,27,29,37,39|1|-83|15-27=1,15-29=1,15-37=1,27-29=1,27-37=1,27-39=1,29-37=1,29-39=1,37-39=1
15,27,29,39,41|1|-83|15-27=1,15-29=1,15-41=1,27-29=1,27-39=1,27-41=1,29-39=1,29-41=1,39-41=1
15,27,36,37,39|1|-83|15-27=1,15-36=1,15-37=1,27-36=1,27-37=1,27-39=1,36-37=1,36-39=1,37-39=1
16,18,19,28,40|1|-84|16-18=1,16-19=1,16-28=1,18-19=1,18-28=1,18-40=1,19-28=1,19-40=1,28-40=1
16,18,26,28,40|1|-84|16-18=1,16-26=1,16-28=1,18-26=1,18-28=1,18-40=1,26-28=1,26-40=1,28-40=1
16,18,28,30,40|1|-84|16-18=1,16-28=1,16-30=1,18-28=1,18-30=1,18-40=1,28-30=1,28-40=1,30-40=1
16,18,28,30,42|1|-86|16-18=1,16-28=1,16-30=1,16-42=1,18-28=1,18-30=1,28-30=1,28-42=1,30-42=1
16,18,28,37,40|1|-84,-62|16-18=1,16-28=1,16-37=1,18-28=1,18-40=1,28-37=1,28-40=1,37-40=1
16,18,28,40,42|1|-86,-84|16-18=1,16-28=1,16-42=1,18-28=1,18-40=1,28-40=1,28-42=1,40-42=1
16,18,30,40,42|1|-86,-84|16-18=1,16-30=1,16-42=1,18-30=1,18-40=1,30-40=1,30-42=1,40-42=1
16,19,22,25,28|1|-23,-20,-17|16-19=1,16-25=1,16-28=1,19-22=1,19-28=1,22-25=1,25-28=1
16,19,28,38,40|1|-84,-63|16-19=1,16-28=1,16-38=1,19-28=1,19-40=1,28-38=1,28-40=1,38-40=1
16,21,27,34,40|0|22,35,65,84|16-21=0,16-27=0,16-34=0,21-34=0,27-34=0,27-40=0
16,22,29,35,40|0|17,30,60,84|16-29=0,22-29=0,22-35=0,22-40=0,29-40=0,35-40=0
16,26,28,38,40|1|-84|16-26=1,16-28=1,16-38=1,26-28=1,26-38=1,26-40=1,28-38=1,28-40=1,38-40=1
16,28,30,38,40|1|-84|16-28=1,16-30=1,16-38=1,28-30=1,28-38=1,28-40=1,30-38=1,30-40=1,38-40=1
16,28,30,40,42|1|-84|16-28=1,16-30=1,16-42=1,28-30=1,28-40=1,28-42=1,30-40=1,30-42=1,40-42=1
16,28,37,38,40|1|-84|16-28=1,16-37=1,16-38=1,28-37=1,28-38=1,28-40=1,37-38=1,37-40=1,38-40=1
17,19,20,29,41|1|-85|17-19=1,17-20=1,17-29=1,19-20=1,19-29=1,19-41=1,20-29=1,20-41=1,29-41=1
17,19,27,29,41|1|-85|17-19=1,17-27=1,17-29=1,19-27=1,19-29=1,19-41=1,27-29=1,27-41=1,29-41=1
17,19,29,31,41|1|-85|17-19=1,17-29=1,17-31=1,19-29=1,19-31=1,19-41=1,29-31=1,29-41=1,31-41=1
17,19,29,38,41|1|-85,-63|17-19=1,17-29=1,17-38=1,19-29=1,19-41=1,29-38=1,29-41=1,38-41=1
17,20,23,26,29|1|-24,-21,-18|17-20=1,17-26=1,17-29=1,20-23=1,20-29=1,23-26=1,26-29=1
17,20,29,39,41|1|-85,-64|17-20=1,17-29=1,17-39=1,20-29=1,20-41=1,29-39=1,29-41=1,39-41=1
17,22,28,35,41|0|23,36,66,85|17-22=0,17-28=0,17-35=0,22-35=0,28-35=0,28-41=0
17,23,30,36,41|0|18,31,61,85|17-30=0,23-30=0,23-36=0,23-41=0,30-41=0,36-41=0
17,27,29,39,41|1|-85|17-27=1,17-29=1,17-39=1,27-29=1,27-39=1,27-41=1,29-39=1,29-41=1,39-41=1
17,29,31,39,41|1|-85|17-29=1,17-31=1,17-39=1,29-31=1,29-39=1,29-41=1,31-39=1,31-41=1,39-41=1
17,29,38,39,41|1|-85|17-29=1,17-38=1,17-39=1,29-38=1,29-39=1,29-41=1,38-39=1,38-41=1,39-41=1
18,20,21,30,42|1|-86|18-20=1,18-21=1,18-30=1,20-21=1,20-30=1,20-42=1,21-30=1,21-42=1,30-42=1
18,20,28,30,42|1|-86|18-20=1,18-28=1,18-30=1,20-28=1,20-30=1,20-42=1,28-30=1,28-42=1,30-42=1
18,20,30,32,42|1|-86|18-20=1,18-30=1,18-32=1,20-30=1,20-32=1,20-42=1,30-32=1,30-42=1,32-42=1
18,20,30,39,42|1|-86,-64|18-20=1,18-30=1,18-39=1,20-30=1,20-42=1,30-39=1,30-42=1,39-42=1
18,21,24,27,30|1|-25,-22,-19|18-21=1,18-27=1,18-30=1,21-24=1,21-30=1,24-27=1,27-30=1
18,21,30,40,42|1|-86,-65|18-21=1,18-30=1,18-40=1,21-30=1,21-42=1,30-40=1,30-42=1,40-42=1
18,23,29,36,42|0|24,37,67,86|18-23=0,18-29=0,18-36=0,23-36=0,29-36=0,29-42=0
18,24,31,37,42|0|19,32,62,86|18-31=0,24-31=0,24-37=0,24-42=0,31-42=0,37-42=0
18,28,30,40,42|1|-86|18-28=1,18-30=1,18-40=1,28-30=1,28-40=1,28-42=1,30-40=1,30-42=1,40-42=1
18,30,32,40,42|1|-86|18-30=1,18-32=1,18-40=1,30-32=1,30-40=1,30-42=1,32-40=1,32-42=1,40-42=1
18,30,39,40,42|1|-86|18-30=1,18-39=1,18-40=1,30-39=1,30-40=1,30-42=1,39-40=1,39-42=1,40-42=1
19,22,25,28,31|1|-26,-23,-20|19-22=1,19-28=1,19-31=1,22-25=1,22-31=1,25-28=1,28-31=1
20,23,26,29,32|1|-27,-24,-21|20-23=1,20-29=1,20-32=1,23-26=1,23-32=1,26-29=1,29-32=1
21,24,27,30,33|1|-28,-25,-22|21-24=1,21-30=1,21-33=1,24-27=1,24-33=1,27-30=1,30-33=1
22,25,28,31,34|1|-29,-26,-23|22-25=1,22-31=1,22-34=1,25-28=1,25-34=1,28-31=1,31-34=1
23,26,29,32,35|1|-30,-27,-24|23-26=1,23-32=1,23-35=1,26-29=1,26-35=1,29-32=1,32-35=1
24,27,30,33,36|1|-31,-28,-25|24-27=1,24-33=1,24-36=1,27-30=1,27-36=1,30-33=1,33-36=1
25,28,31,34,37|1|-32,-29,-26|25-28=1,25-34=1,25-37=1,28-31=1,28-37=1,31-34=1,34-37=1
26,29,32,35,38|1|-33,-30,-27|26-29=1,26-35=1,26-38=1,29-32=1,29-38=1,32-35=1,35-38=1
27,30,33,36,39|1|-34,-31,-28|27-30=1,27-36=1,27-39=1,30-33=1,30-39=1,33-36=1,36-39=1
28,31,34,37,40|1|-35,-32,-29|28-31=1,28-37=1,28-40=1,31-34=1,31-40=1,34-37=1,37-40=1
29,32,35,38,41|1|-36,-33,-30|29-32=1,29-38=1,29-41=1,32-35=1,32-41=1,35-38=1,38-41=1
30,33,36,39,42|1|-37,-34,-31|30-33=1,30-39=1,30-42=1,33-36=1,33-42=1,36-39=1,39-42=1
