1|87|0,1,2,3,11|1
2|88|0,1,2,3,12|1
3|89|0,1,2,3,34|1
4|90|0,1,2,3,35|1
5|91|0,1,2,10,11|1
6|92|0,1,2,10,12|1
7|93|0,1,2,10,42|1
8|94|0,1,2,11,12|1
9|95|0,1,2,11,33|1
10|96|0,1,2,11,42|1
11|97|0,1,2,12,33|1
12|98|0,1,2,12,34|1
13|99|0,1,2,33,34|1
14|100|0,1,2,33,35|1
15|101|0,1,2,33,42|1
16|102|0,1,2,34,35|1
17|103|0,1,2,34,42|1
18|104|0,1,3,9,11|1
19|105|0,1,3,9,12|1
20|106|0,1,3,9,35|1
21|107|0,1,3,11,12|1
22|108|0,1,3,11,32|1
23|109|0,1,3,12,34|1
24|110|0,1,3,32,34|1
25|111|0,1,3,32,35|1
26|112|0,1,3,34,35|1
27|113|0,1,9,10,11|1
28|114|0,1,9,10,12|1
29|115|0,1,9,10,41|1
30|116|0,1,9,10,42|1
31|117|0,1,9,11,12|1
32|118|0,1,9,11,42|1
33|119|0,1,9,12,41|1
34|120|0,1,9,35,41|1
35|121|0,1,9,41,42|1
36|122|0,1,10,11,12|1
37|123|0,1,10,11,22|1
38|124|0,1,10,11,32|1
39|125|0,1,10,11,42|1
40|126|0,1,10,12,22|1
41|127|0,1,10,12,41|1
42|128|0,1,10,22,32|1
43|129|0,1,10,32,41|1
44|130|0,1,10,32,42|1
45|131|0,1,10,41,42|1
46|132|0,1,11,12,22|1
47|133|0,1,11,12,33|1
48|134|0,1,11,22,32|1
49|135|0,1,11,22,33|1
50|136|0,1,11,32,33|1
51|137|0,1,11,32,42|1
52|138|0,1,11,33,42|1
53|139|0,1,12,22,33|1
54|140|0,1,12,22,34|1
55|141|0,1,12,33,34|1
56|142|0,1,12,33,41|1
57|143|0,1,22,32,33|1
58|144|0,1,22,32,34|1
59|145|0,1,22,33,34|1
60|146|0,1,32,33,34|1
61|147|0,1,32,33,35|1
62|148|0,1,32,33,41|1
63|149|0,1,32,33,42|1
64|150|0,1,32,34,35|1
65|151|0,1,32,34,42|1
66|152|0,1,32,35,41|1
67|153|0,1,32,41,42|1
68|154|0,1,33,34,35|1
69|155|0,1,33,34,42|1
70|156|0,1,33,35,41|1
71|157|0,1,33,41,42|1
72|158|0,2,3,11,12|1
73|159|0,2,3,11,14|1
74|160|0,2,3,11,37|1
75|161|0,2,3,12,14|1
76|162|0,2,3,12,34|1
77|163|0,2,3,14,35|1
78|164|0,2,3,34,35|1
79|165|0,2,3,34,37|1
80|166|0,2,3,35,37|1
81|167|0,2,8,10,11|1
82|168|0,2,8,10,42|1
83|169|0,2,8,11,14|1
84|170|0,2,8,11,37|1
85|171|0,2,8,11,42|1
86|172|0,2,8,34,37|1
87|173|0,2,8,34,42|1
88|174|0,2,10,11,12|1
89|175|0,2,10,11,42|1
90|176|0,2,10,31,42|1
91|177|0,2,11,12,14|1
92|178|0,2,11,12,33|1
93|179|0,2,11,33,42|1
94|180|0,2,12,33,34|1
95|181|0,2,31,33,34|1
96|182|0,2,31,33,42|1
97|183|0,2,31,34,37|1
98|184|0,2,31,34,42|1
99|185|0,2,33,34,35|1
100|186|0,2,33,34,42|1
101|187|0,2,34,35,37|1
102|188|0,3,6,9,12|1
103|189|0,3,6,9,17|1
104|190|0,3,6,9,35|1
105|191|0,3,6,9,40|1
106|192|0,3,6,12,14|1
107|193|0,3,6,14,17|1
108|194|0,3,6,14,35|1
109|195|0,3,6,14,40|1
110|196|0,3,6,32,35|1
111|197|0,3,6,32,40|1
112|198|0,3,6,35,37|1
113|199|0,3,6,37,40|1
114|200|0,3,9,11,12|1
115|201|0,3,9,11,17|1
116|202|0,3,9,11,40|1
117|203|0,3,11,12,14|1
118|204|0,3,11,14,17|1
119|205|0,3,11,14,40|1
120|206|0,3,11,32,40|1
121|207|0,3,11,37,40|1
122|208|0,3,29,32,35|1
123|209|0,3,29,32,40|1
124|210|0,3,29,35,37|1
125|211|0,3,29,37,40|1
126|212|0,3,32,34,35|1
127|213|0,3,32,34,40|1
128|214|0,3,34,35,37|1
129|215|0,3,34,37,40|1
130|216|0,5,11,18,24|0
131|217|0,5,11,24,30|0
132|218|0,5,18,24,37|0
133|219|0,5,24,30,37|0
134|220|0,6,8,9,17|1
135|221|0,6,8,9,40|1
136|222|0,6,8,9,41|1
137|223|0,6,8,14,17|1
138|224|0,6,8,14,40|1
139|225|0,6,8,37,40|1
140|226|0,6,8,40,41|1
141|227|0,6,9,12,41|1
142|228|0,6,9,35,41|1
143|229|0,6,9,40,41|1
144|230|0,6,11,24,30|0
145|231|0,6,11,30,36|0
146|232|0,6,13,19,24|0
147|233|0,6,13,19,38|0
148|234|0,6,19,24,30|0
149|235|0,6,19,25,30|0
150|236|0,6,19,25,38|0
151|237|0,6,25,30,36|0
152|238|0,6,32,35,41|1
153|239|0,6,32,40,41|1
154|240|0,7,13,18,37|0
155|241|0,7,13,32,37|0
156|242|0,8,9,10,11|1
157|243|0,8,9,10,41|1
158|244|0,8,9,10,42|1
159|245|0,8,9,11,17|1
160|246|0,8,9,11,40|1
161|247|0,8,9,11,42|1
162|248|0,8,9,40,41|1
163|249|0,8,9,40,42|1
164|250|0,8,9,41,42|1
165|251|0,8,10,11,22|1
166|252|0,8,10,11,42|1
167|253|0,8,10,41,42|1
168|254|0,8,11,14,17|1
169|255|0,8,11,14,22|1
170|256|0,8,11,14,40|1
171|257|0,8,11,37,40|1
172|258|0,8,11,40,42|1
173|259|0,8,29,37,40|1
174|260|0,8,29,40,41|1
175|261|0,8,34,37,40|1
176|262|0,8,34,40,42|1
177|263|0,8,40,41,42|1
178|264|0,9,10,11,12|1
179|265|0,9,10,11,21|1
180|266|0,9,10,11,42|1
181|267|0,9,10,12,21|1
182|268|0,9,10,12,41|1
183|269|0,9,10,21,31|1
184|270|0,9,10,21,42|1
185|271|0,9,10,31,41|1
186|272|0,9,10,31,42|1
187|273|0,9,10,41,42|1
188|274|0,9,11,12,21|1
189|275|0,9,11,21,42|1
190|276|0,9,11,40,42|1
191|277|0,9,21,31,42|1
192|278|0,9,31,40,41|1
193|279|0,9,31,40,42|1
194|280|0,9,31,41,42|1
195|281|0,9,40,41,42|1
196|282|0,10,11,12,21|1
197|283|0,10,11,12,22|1
198|284|0,10,11,21,22|1
199|285|0,10,11,21,32|1
200|286|0,10,11,21,42|1
201|287|0,10,11,22,32|1
202|288|0,10,11,32,42|1
203|289|0,10,12,21,22|1
204|290|0,10,21,22,31|1
205|291|0,10,21,22,32|1
206|292|0,10,21,31,32|1
207|293|0,10,21,31,42|1
208|294|0,10,21,32,42|1
209|295|0,10,22,31,32|1
210|296|0,10,31,32,41|1
211|297|0,10,31,32,42|1
212|298|0,10,31,41,42|1
213|299|0,10,32,41,42|1
214|300|0,11,12,14,22|1
215|301|0,11,12,21,22|1
216|302|0,11,12,21,33|1
217|303|0,11,12,22,33|1
218|304|0,11,21,22,32|1
219|305|0,11,21,22,33|1
220|306|0,11,21,32,33|1
221|307|0,11,21,32,42|1
222|308|0,11,21,33,42|1
223|309|0,11,22,32,33|1
224|310|0,11,32,33,42|1
225|311|0,11,32,40,42|1
226|312|0,12,21,22,33|1
227|313|0,12,22,33,34|1
228|314|0,13,18,24,37|0
229|315|0,13,19,24,37|0
230|316|0,13,19,32,37|0
231|317|0,13,19,32,38|0
232|318|0,19,24,30,37|0
233|319|0,19,25,32,38|0
234|320|0,21,22,31,32|1
235|321|0,21,22,31,33|1
236|322|0,21,22,32,33|1
237|323|0,21,29,31,32|1
238|324|0,21,29,32,35|1
239|325|0,21,31,32,33|1
240|326|0,21,31,32,42|1
241|327|0,21,31,33,42|1
242|328|0,21,32,33,35|1
243|329|0,21,32,33,42|1
244|330|0,22,31,32,33|1
245|331|0,22,31,32,34|1
246|332|0,22,31,33,34|1
247|333|0,22,32,33,34|1
248|334|0,26,29,32,35|1
249|335|0,26,29,32,40|1
250|336|0,26,29,35,37|1
251|337|0,26,29,37,40|1
252|338|0,26,32,34,35|1
253|339|0,26,32,34,40|1
254|340|0,26,34,35,37|1
255|341|0,26,34,37,40|1
256|342|0,29,31,32,40|1
257|343|0,29,31,32,41|1
258|344|0,29,31,37,40|1
259|345|0,29,31,40,41|1
260|346|0,29,32,35,41|1
261|347|0,29,32,40,41|1
262|348|0,31,32,33,34|1
263|349|0,31,32,33,41|1
264|350|0,31,32,33,42|1
265|351|0,31,32,34,40|1
266|352|0,31,32,34,42|1
267|353|0,31,32,40,41|1
268|354|0,31,32,40,42|1
269|355|0,31,32,41,42|1
270|356|0,31,33,34,42|1
271|357|0,31,33,41,42|1
272|358|0,31,34,37,40|1
273|359|0,31,34,40,42|1
274|360|0,31,40,41,42|1
275|361|0,32,33,34,35|1
276|362|0,32,33,34,42|1
277|363|0,32,33,35,41|1
278|364|0,32,33,41,42|1
279|365|0,32,34,40,42|1
280|366|0,32,40,41,42|1
281|367|1,2,3,4,12|1
282|368|1,2,3,4,13|1
283|369|1,2,3,4,35|1
284|370|1,2,3,4,36|1
285|371|1,2,3,11,12|1
286|372|1,2,3,11,13|1
287|373|1,2,3,12,13|1
288|374|1,2,3,12,34|1
289|375|1,2,3,13,34|1
290|376|1,2,3,13,35|1
291|377|1,2,3,34,35|1
292|378|1,2,3,34,36|1
293|379|1,2,3,35,36|1
294|380|1,2,4,10,12|1
295|381|1,2,4,10,13|1
296|382|1,2,4,10,36|1
297|383|1,2,4,12,13|1
298|384|1,2,4,12,33|1
299|385|1,2,4,13,35|1
300|386|1,2,4,33,35|1
301|387|1,2,4,33,36|1
302|388|1,2,4,35,36|1
303|389|1,2,10,11,12|1
304|390|1,2,10,11,13|1
305|391|1,2,10,11,42|1
306|392|1,2,10,12,13|1
307|393|1,2,10,13,42|1
308|394|1,2,10,36,42|1
309|395|1,2,11,12,13|1
310|396|1,2,11,12,23|1
311|397|1,2,11,12,33|1
312|398|1,2,11,13,23|1
313|399|1,2,11,13,42|1
314|400|1,2,11,23,33|1
315|401|1,2,11,33,42|1
316|402|1,2,12,13,23|1
317|403|1,2,12,13,34|1
318|404|1,2,12,23,33|1
319|405|1,2,12,23,34|1
320|406|1,2,12,33,34|1
321|407|1,2,13,23,34|1
322|408|1,2,13,23,35|1
323|409|1,2,13,34,35|1
324|410|1,2,13,34,42|1
325|411|1,2,23,33,34|1
326|412|1,2,23,33,35|1
327|413|1,2,23,34,35|1
328|414|1,2,33,34,35|1
329|415|1,2,33,34,36|1
330|416|1,2,33,34,42|1
331|417|1,2,33,35,36|1
332|418|1,2,33,36,42|1
333|419|1,2,34,35,36|1
334|420|1,2,34,36,42|1
335|421|1,3,4,12,13|1
336|422|1,3,4,12,15|1
337|423|1,3,4,12,38|1
338|424|1,3,4,13,15|1
339|425|1,3,4,13,35|1
340|426|1,3,4,15,36|1
341|427|1,3,4,35,36|1
342|428|1,3,4,35,38|1
343|429|1,3,4,36,38|1
344|430|1,3,9,11,12|1
345|431|1,3,9,12,15|1
346|432|1,3,9,12,38|1
347|433|1,3,9,35,38|1
348|434|1,3,11,12,13|1
349|435|1,3,12,13,15|1
350|436|1,3,12,13,34|1
351|437|1,3,13,34,35|1
352|438|1,3,32,34,35|1
353|439|1,3,32,35,38|1
354|440|1,3,34,35,36|1
355|441|1,3,35,36,38|1
356|442|1,4,7,10,13|1
357|443|1,4,7,10,18|1
358|444|1,4,7,10,36|1
359|445|1,4,7,10,41|1
360|446|1,4,7,13,15|1
361|447|1,4,7,15,18|1
362|448|1,4,7,15,36|1
363|449|1,4,7,15,41|1
364|450|1,4,7,33,36|1
365|451|1,4,7,33,41|1
366|452|1,4,7,36,38|1
367|453|1,4,7,38,41|1
368|454|1,4,10,12,13|1
369|455|1,4,10,12,18|1
370|456|1,4,10,12,41|1
371|457|1,4,12,13,15|1
372|458|1,4,12,15,18|1
373|459|1,4,12,15,41|1
374|460|1,4,12,33,41|1
375|461|1,4,12,38,41|1
376|462|1,4,30,33,36|1
377|463|1,4,30,33,41|1
378|464|1,4,30,36,38|1
379|465|1,4,30,38,41|1
380|466|1,4,33,35,36|1
381|467|1,4,33,35,41|1
382|468|1,4,35,36,38|1
383|469|1,4,35,38,41|1
384|470|1,6,12,19,25|0
385|471|1,6,12,25,31|0
386|472|1,6,19,25,38|0
387|473|1,6,25,31,38|0
388|474|1,7,9,10,18|1
389|475|1,7,9,10,41|1
390|476|1,7,9,10,42|1
391|477|1,7,9,15,18|1
392|478|1,7,9,15,41|1
393|479|1,7,9,38,41|1
394|480|1,7,9,41,42|1
395|481|1,7,10,13,42|1
396|482|1,7,10,36,42|1
397|483|1,7,10,41,42|1
398|484|1,7,12,25,31|0
399|485|1,7,12,31,37|0
400|486|1,7,14,20,25|0
401|487|1,7,14,20,39|0
402|488|1,7,20,25,31|0
403|489|1,7,20,26,31|0
404|490|1,7,20,26,39|0
405|491|1,7,26,31,37|0
406|492|1,7,33,36,42|1
407|493|1,7,33,41,42|1
408|494|1,8,14,19,38|0
409|495|1,8,14,33,38|0
410|496|1,9,10,11,12|1
411|497|1,9,10,11,42|1
412|498|1,9,10,12,18|1
413|499|1,9,10,12,41|1
414|500|1,9,10,41,42|1
415|501|1,9,11,12,23|1
416|502|1,9,12,15,18|1
417|503|1,9,12,15,23|1
418|504|1,9,12,15,41|1
419|505|1,9,12,38,41|1
420|506|1,9,30,38,41|1
421|507|1,9,30,41,42|1
422|508|1,9,35,38,41|1
423|509|1,10,11,12,13|1
424|510|1,10,11,12,22|1
425|511|1,10,11,13,22|1
426|512|1,10,11,13,42|1
427|513|1,10,11,22,32|1
428|514|1,10,11,32,42|1
429|515|1,10,12,13,22|1
430|516|1,10,32,41,42|1
431|517|1,11,12,13,22|1
432|518|1,11,12,13,23|1
433|519|1,11,12,22,23|1
434|520|1,11,12,22,33|1
435|521|1,11,12,23,33|1
436|522|1,11,13,22,23|1
437|523|1,11,22,23,32|1
438|524|1,11,22,23,33|1
439|525|1,11,22,32,33|1
440|526|1,11,23,32,33|1
441|527|1,11,32,33,42|1
442|528|1,12,13,15,23|1
443|529|1,12,13,22,23|1
444|530|1,12,13,22,34|1
445|531|1,12,13,23,34|1
446|532|1,12,22,23,33|1
447|533|1,12,22,23,34|1
448|534|1,12,22,33,34|1
449|535|1,12,23,33,34|1
450|536|1,13,22,23,34|1
451|537|1,13,23,34,35|1
452|538|1,14,19,25,38|0
453|539|1,14,20,25,38|0
454|540|1,14,20,33,38|0
455|541|1,14,20,33,39|0
456|542|1,20,25,31,38|0
457|543|1,20,26,33,39|0
458|544|1,22,23,32,33|1
459|545|1,22,23,32,34|1
460|546|1,22,23,33,34|1
461|547|1,22,30,32,33|1
462|548|1,22,30,33,36|1
463|549|1,22,32,33,34|1
464|550|1,22,33,34,36|1
465|551|1,23,32,33,34|1
466|552|1,23,32,33,35|1
467|553|1,23,32,34,35|1
468|554|1,23,33,34,35|1
469|555|1,27,30,33,36|1
470|556|1,27,30,33,41|1
471|557|1,27,30,36,38|1
472|558|1,27,30,38,41|1
473|559|1,27,33,35,36|1
474|560|1,27,33,35,41|1
475|561|1,27,35,36,38|1
476|562|1,27,35,38,41|1
477|563|1,30,32,33,41|1
478|564|1,30,32,33,42|1
479|565|1,30,32,38,41|1
480|566|1,30,32,41,42|1
481|567|1,30,33,36,42|1
482|568|1,30,33,41,42|1
483|569|1,32,33,34,35|1
484|570|1,32,33,34,42|1
485|571|1,32,33,35,41|1
486|572|1,32,33,41,42|1
487|573|1,32,35,38,41|1
488|574|1,33,34,35,36|1
489|575|1,33,34,36,42|1
490|576|2,3,4,5,13|1
491|577|2,3,4,5,14|1
492|578|2,3,4,5,36|1
493|579|2,3,4,5,37|1
494|580|2,3,4,12,13|1
495|581|2,3,4,12,14|1
496|582|2,3,4,13,14|1
497|583|2,3,4,13,35|1
498|584|2,3,4,14,35|1
499|585|2,3,4,14,36|1
500|586|2,3,4,35,36|1
501|587|2,3,4,35,37|1
502|588|2,3,4,36,37|1
503|589|2,3,5,11,13|1
504|590|2,3,5,11,14|1
505|591|2,3,5,11,37|1
506|592|2,3,5,13,14|1
507|593|2,3,5,13,34|1
508|594|2,3,5,14,36|1
509|595|2,3,5,34,36|1
510|596|2,3,5,34,37|1
511|597|2,3,5,36,37|1
512|598|2,3,11,12,13|1
513|599|2,3,11,12,14|1
514|600|2,3,11,13,14|1
515|601|2,3,12,13,14|1
516|602|2,3,12,13,24|1
517|603|2,3,12,13,34|1
518|604|2,3,12,14,24|1
519|605|2,3,12,24,34|1
520|606|2,3,13,14,24|1
521|607|2,3,13,14,35|1
522|608|2,3,13,24,34|1
523|609|2,3,13,24,35|1
524|610|2,3,13,34,35|1
525|611|2,3,14,24,35|1
526|612|2,3,14,24,36|1
527|613|2,3,14,35,36|1
528|614|2,3,24,34,35|1
529|615|2,3,24,34,36|1
530|616|2,3,24,35,36|1
531|617|2,3,34,35,36|1
532|618|2,3,34,35,37|1
533|619|2,3,34,36,37|1
534|620|2,3,35,36,37|1
535|621|2,4,5,13,14|1
536|622|2,4,5,13,16|1
537|623|2,4,5,13,39|1
538|624|2,4,5,14,16|1
539|625|2,4,5,14,36|1
540|626|2,4,5,16,37|1
541|627|2,4,5,36,37|1
542|628|2,4,5,36,39|1
543|629|2,4,5,37,39|1
544|630|2,4,10,12,13|1
545|631|2,4,10,13,16|1
546|632|2,4,10,13,39|1
547|633|2,4,10,36,39|1
548|634|2,4,12,13,14|1
549|635|2,4,13,14,16|1
550|636|2,4,13,14,35|1
551|637|2,4,14,35,36|1
552|638|2,4,33,35,36|1
553|639|2,4,33,36,39|1
554|640|2,4,35,36,37|1
555|641|2,4,36,37,39|1
556|642|2,5,8,11,14|1
557|643|2,5,8,11,19|1
558|644|2,5,8,11,37|1
559|645|2,5,8,11,42|1
560|646|2,5,8,14,16|1
561|647|2,5,8,16,19|1
562|648|2,5,8,16,37|1
563|649|2,5,8,16,42|1
564|650|2,5,8,34,37|1
565|651|2,5,8,34,42|1
566|652|2,5,8,37,39|1
567|653|2,5,8,39,42|1
568|654|2,5,11,13,14|1
569|655|2,5,11,13,19|1
570|656|2,5,11,13,42|1
571|657|2,5,13,14,16|1
572|658|2,5,13,16,19|1
573|659|2,5,13,16,42|1
574|660|2,5,13,34,42|1
575|661|2,5,13,39,42|1
576|662|2,5,31,34,37|1
577|663|2,5,31,34,42|1
578|664|2,5,31,37,39|1
579|665|2,5,31,39,42|1
580|666|2,5,34,36,37|1
581|667|2,5,34,36,42|1
582|668|2,5,36,37,39|1
583|669|2,5,36,39,42|1
584|670|2,7,13,20,26|0
585|671|2,7,13,26,32|0
586|672|2,7,20,26,39|0
587|673|2,7,26,32,39|0
588|674|2,8,10,11,19|1
589|675|2,8,10,11,42|1
590|676|2,8,10,16,19|1
591|677|2,8,10,16,42|1
592|678|2,8,10,39,42|1
593|679|2,8,13,26,32|0
594|680|2,8,13,32,38|0
595|681|2,8,15,21,26|0
596|682|2,8,15,21,40|0
597|683|2,8,21,26,32|0
598|684|2,8,21,27,32|0
599|685|2,8,21,27,40|0
600|686|2,8,27,32,38|0
601|687|2,9,15,20,39|0
602|688|2,9,15,34,39|0
603|689|2,10,11,12,13|1
604|690|2,10,11,13,19|1
605|691|2,10,11,13,42|1
606|692|2,10,12,13,24|1
607|693|2,10,13,16,19|1
608|694|2,10,13,16,24|1
609|695|2,10,13,16,42|1
610|696|2,10,13,39,42|1
611|697|2,10,31,39,42|1
612|698|2,10,36,39,42|1
613|699|2,11,12,13,14|1
614|700|2,11,12,13,23|1
615|701|2,11,12,14,23|1
616|702|2,11,12,23,33|1
617|703|2,11,13,14,23|1
618|704|2,12,13,14,23|1
619|705|2,12,13,14,24|1
620|706|2,12,13,23,24|1
621|707|2,12,13,23,34|1
622|708|2,12,13,24,34|1
623|709|2,12,14,23,24|1
624|710|2,12,23,24,33|1
625|711|2,12,23,24,34|1
626|712|2,12,23,33,34|1
627|713|2,12,24,33,34|1
628|714|2,13,14,16,24|1
629|715|2,13,14,23,24|1
630|716|2,13,14,23,35|1
631|717|2,13,14,24,35|1
632|718|2,13,23,24,34|1
633|719|2,13,23,24,35|1
634|720|2,13,23,34,35|1
635|721|2,13,24,34,35|1
636|722|2,14,23,24,35|1
637|723|2,14,24,35,36|1
638|724|2,15,20,26,39|0
639|725|2,15,21,26,39|0
640|726|2,15,21,34,39|0
641|727|2,15,21,34,40|0
642|728|2,21,26,32,39|0
643|729|2,21,27,34,40|0
644|730|2,23,24,33,34|1
645|731|2,23,24,33,35|1
646|732|2,23,24,34,35|1
647|733|2,23,31,33,34|1
648|734|2,23,31,34,37|1
649|735|2,23,33,34,35|1
650|736|2,23,34,35,37|1
651|737|2,24,33,34,35|1
652|738|2,24,33,34,36|1
653|739|2,24,33,35,36|1
654|740|2,24,34,35,36|1
655|741|2,28,31,34,37|1
656|742|2,28,31,34,42|1
657|743|2,28,31,37,39|1
658|744|2,28,31,39,42|1
659|745|2,28,34,36,37|1
660|746|2,28,34,36,42|1
661|747|2,28,36,37,39|1
662|748|2,28,36,39,42|1
663|749|2,31,33,34,42|1
664|750|2,31,33,39,42|1
665|751|2,33,34,35,36|1
666|752|2,33,34,36,42|1
667|753|2,33,36,39,42|1
668|754|2,34,35,36,37|1
669|755|3,4,5,6,14|1
670|756|3,4,5,6,15|1
671|757|3,4,5,6,37|1
672|758|3,4,5,6,38|1
673|759|3,4,5,13,14|1
674|760|3,4,5,13,15|1
675|761|3,4,5,14,15|1
676|762|3,4,5,14,36|1
677|763|3,4,5,15,36|1
678|764|3,4,5,15,37|1
679|765|3,4,5,36,37|1
680|766|3,4,5,36,38|1
681|767|3,4,5,37,38|1
682|768|3,4,6,12,14|1
683|769|3,4,6,12,15|1
684|770|3,4,6,12,38|1
685|771|3,4,6,14,15|1
686|772|3,4,6,14,35|1
687|773|3,4,6,15,37|1
688|774|3,4,6,35,37|1
689|775|3,4,6,35,38|1
690|776|3,4,6,37,38|1
691|777|3,4,12,13,14|1
692|778|3,4,12,13,15|1
693|779|3,4,12,14,15|1
694|780|3,4,13,14,15|1
695|781|3,4,13,14,25|1
696|782|3,4,13,14,35|1
697|783|3,4,13,15,25|1
698|784|3,4,13,25,35|1
699|785|3,4,14,15,25|1
700|786|3,4,14,15,36|1
701|787|3,4,14,25,35|1
702|788|3,4,14,25,36|1
703|789|3,4,14,35,36|1
704|790|3,4,15,25,36|1
705|791|3,4,15,25,37|1
706|792|3,4,15,36,37|1
707|793|3,4,25,35,36|1
708|794|3,4,25,35,37|1
709|795|3,4,25,36,37|1
710|796|3,4,35,36,37|1
711|797|3,4,35,36,38|1
712|798|3,4,35,37,38|1
713|799|3,4,36,37,38|1
714|800|3,5,6,14,15|1
715|801|3,5,6,14,17|1
716|802|3,5,6,14,40|1
717|803|3,5,6,15,17|1
718|804|3,5,6,15,37|1
719|805|3,5,6,17,38|1
720|806|3,5,6,37,38|1
721|807|3,5,6,37,40|1
722|808|3,5,6,38,40|1
723|809|3,5,11,13,14|1
724|810|3,5,11,14,17|1
725|811|3,5,11,14,40|1
726|812|3,5,11,37,40|1
727|813|3,5,13,14,15|1
728|814|3,5,14,15,17|1
729|815|3,5,14,15,36|1
730|816|3,5,15,36,37|1
731|817|3,5,34,36,37|1
732|818|3,5,34,37,40|1
733|819|3,5,36,37,38|1
734|820|3,5,37,38,40|1
735|821|3,6,9,12,15|1
736|822|3,6,9,12,20|1
737|823|3,6,9,12,38|1
738|824|3,6,9,15,17|1
739|825|3,6,9,17,20|1
740|826|3,6,9,17,38|1
741|827|3,6,9,35,38|1
742|828|3,6,9,38,40|1
743|829|3,6,12,14,15|1
744|830|3,6,12,14,20|1
745|831|3,6,14,15,17|1
746|832|3,6,14,17,20|1
747|833|3,6,32,35,38|1
748|834|3,6,32,38,40|1
749|835|3,6,35,37,38|1
750|836|3,6,37,38,40|1
751|837|3,8,14,21,27|0
752|838|3,8,14,27,33|0
753|839|3,8,21,27,40|0
754|840|3,8,27,33,40|0
755|841|3,9,11,12,20|1
756|842|3,9,11,17,20|1
757|843|3,9,14,27,33|0
758|844|3,9,14,33,39|0
759|845|3,9,16,22,27|0
760|846|3,9,16,22,41|0
761|847|3,9,22,27,33|0
762|848|3,9,22,28,33|0
763|849|3,9,22,28,41|0
764|850|3,9,28,33,39|0
765|851|3,10,16,21,40|0
766|852|3,10,16,35,40|0
767|853|3,11,12,13,14|1
768|854|3,11,12,14,20|1
769|855|3,11,13,14,25|1
770|856|3,11,14,17,20|1
771|857|3,11,14,17,25|1
772|858|3,12,13,14,15|1
773|859|3,12,13,14,24|1
774|860|3,12,13,15,24|1
775|861|3,12,13,24,34|1
776|862|3,12,14,15,24|1
777|863|3,13,14,15,24|1
778|864|3,13,14,15,25|1
779|865|3,13,14,24,25|1
780|866|3,13,14,24,35|1
781|867|3,13,14,25,35|1
782|868|3,13,15,24,25|1
783|869|3,13,24,25,34|1
784|870|3,13,24,25,35|1
785|871|3,13,24,34,35|1
786|872|3,13,25,34,35|1
787|873|3,14,15,17,25|1
788|874|3,14,15,24,25|1
789|875|3,14,15,24,36|1
790|876|3,14,15,25,36|1
791|877|3,14,24,25,35|1
792|878|3,14,24,25,36|1
793|879|3,14,24,35,36|1
794|880|3,14,25,35,36|1
795|881|3,15,24,25,36|1
796|882|3,15,25,36,37|1
797|883|3,16,21,27,40|0
798|884|3,16,22,27,40|0
799|885|3,16,22,35,40|0
800|886|3,16,22,35,41|0
801|887|3,22,27,33,40|0
802|888|3,22,28,35,41|0
803|889|3,24,25,34,35|1
804|890|3,24,25,34,36|1
805|891|3,24,25,35,36|1
806|892|3,24,32,34,35|1
807|893|3,24,32,35,38|1
808|894|3,24,34,35,36|1
809|895|3,24,35,36,38|1
810|896|3,25,34,35,36|1
811|897|3,25,34,35,37|1
812|898|3,25,34,36,37|1
813|899|3,25,35,36,37|1
814|900|3,29,32,35,38|1
815|901|3,29,32,38,40|1
816|902|3,29,35,37,38|1
817|903|3,29,37,38,40|1
818|904|3,34,35,36,37|1
819|905|3,35,36,37,38|1
820|906|4,5,6,7,15|1
821|907|4,5,6,7,16|1
822|908|4,5,6,7,38|1
823|909|4,5,6,7,39|1
824|910|4,5,6,14,15|1
825|911|4,5,6,14,16|1
826|912|4,5,6,15,16|1
827|913|4,5,6,15,37|1
828|914|4,5,6,16,37|1
829|915|4,5,6,16,38|1
830|916|4,5,6,37,38|1
831|917|4,5,6,37,39|1
832|918|4,5,6,38,39|1
833|919|4,5,7,13,15|1
834|920|4,5,7,13,16|1
835|921|4,5,7,13,39|1
836|922|4,5,7,15,16|1
837|923|4,5,7,15,36|1
838|924|4,5,7,16,38|1
839|925|4,5,7,36,38|1
840|926|4,5,7,36,39|1
841|927|4,5,7,38,39|1
842|928|4,5,13,14,15|1
843|929|4,5,13,14,16|1
844|930|4,5,13,15,16|1
845|931|4,5,14,15,16|1
846|932|4,5,14,15,26|1
847|933|4,5,14,15,36|1
848|934|4,5,14,16,26|1
849|935|4,5,14,26,36|1
850|936|4,5,15,16,26|1
851|937|4,5,15,16,37|1
852|938|4,5,15,26,36|1
853|939|4,5,15,26,37|1
854|940|4,5,15,36,37|1
855|941|4,5,16,26,37|1
856|942|4,5,16,26,38|1
857|943|4,5,16,37,38|1
858|944|4,5,26,36,37|1
859|945|4,5,26,36,38|1
860|946|4,5,26,37,38|1
861|947|4,5,36,37,38|1
862|948|4,5,36,37,39|1
863|949|4,5,36,38,39|1
864|950|4,5,37,38,39|1
865|951|4,6,7,15,16|1
866|952|4,6,7,15,18|1
867|953|4,6,7,15,41|1
868|954|4,6,7,16,18|1
869|955|4,6,7,16,38|1
870|956|4,6,7,18,39|1
871|957|4,6,7,38,39|1
872|958|4,6,7,38,41|1
873|959|4,6,7,39,41|1
874|960|4,6,12,14,15|1
875|961|4,6,12,15,18|1
876|962|4,6,12,15,41|1
877|963|4,6,12,38,41|1
878|964|4,6,14,15,16|1
879|965|4,6,15,16,18|1
880|966|4,6,15,16,37|1
881|967|4,6,16,37,38|1
882|968|4,6,35,37,38|1
883|969|4,6,35,38,41|1
884|970|4,6,37,38,39|1
885|971|4,6,38,39,41|1
886|972|4,7,10,13,16|1
887|973|4,7,10,13,21|1
888|974|4,7,10,13,39|1
889|975|4,7,10,16,18|1
890|976|4,7,10,18,21|1
891|977|4,7,10,18,39|1
892|978|4,7,10,36,39|1
893|979|4,7,10,39,41|1
894|980|4,7,13,15,16|1
895|981|4,7,13,15,21|1
896|982|4,7,15,16,18|1
897|983|4,7,15,18,21|1
898|984|4,7,33,36,39|1
899|985|4,7,33,39,41|1
900|986|4,7,36,38,39|1
901|987|4,7,38,39,41|1
902|988|4,9,15,22,28|0
903|989|4,9,15,28,34|0
904|990|4,9,22,28,41|0
905|991|4,9,28,34,41|0
906|992|4,10,12,13,21|1
907|993|4,10,12,18,21|1
908|994|4,10,15,28,34|0
909|995|4,10,15,34,40|0
910|996|4,10,17,23,28|0
911|997|4,10,17,23,42|0
912|998|4,10,23,28,34|0
913|999|4,10,23,29,34|0
914|1000|4,10,23,29,42|0
915|1001|4,10,29,34,40|0
916|1002|4,11,17,22,41|0
917|1003|4,11,17,36,41|0
918|1004|4,12,13,14,15|1
919|1005|4,12,13,15,21|1
920|1006|4,12,14,15,26|1
921|1007|4,12,15,18,21|1
922|1008|4,12,15,18,26|1
923|1009|4,13,14,15,16|1
924|1010|4,13,14,15,25|1
925|1011|4,13,14,16,25|1
926|1012|4,13,14,25,35|1
927|1013|4,13,15,16,25|1
928|1014|4,14,15,16,25|1
929|1015|4,14,15,16,26|1
930|1016|4,14,15,25,26|1
931|1017|4,14,15,25,36|1
932|1018|4,14,15,26,36|1
933|1019|4,14,16,25,26|1
934|1020|4,14,25,26,35|1
935|1021|4,14,25,26,36|1
936|1022|4,14,25,35,36|1
937|1023|4,14,26,35,36|1
938|1024|4,15,16,18,26|1
939|1025|4,15,16,25,26|1
940|1026|4,15,16,25,37|1
941|1027|4,15,16,26,37|1
942|1028|4,15,25,26,36|1
943|1029|4,15,25,26,37|1
944|1030|4,15,25,36,37|1
945|1031|4,15,26,36,37|1
946|1032|4,16,25,26,37|1
947|1033|4,16,26,37,38|1
948|1034|4,17,22,28,41|0
949|1035|4,17,23,28,41|0
950|1036|4,17,23,36,41|0
951|1037|4,17,23,36,42|0
952|1038|4,23,28,34,41|0
953|1039|4,23,29,36,42|0
954|1040|4,25,26,35,36|1
955|1041|4,25,26,35,37|1
956|1042|4,25,26,36,37|1
957|1043|4,25,33,35,36|1
958|1044|4,25,33,36,39|1
959|1045|4,25,35,36,37|1
960|1046|4,25,36,37,39|1
961|1047|4,26,35,36,37|1
962|1048|4,26,35,36,38|1
963|1049|4,26,35,37,38|1
964|1050|4,26,36,37,38|1
965|1051|4,30,33,36,39|1
966|1052|4,30,33,39,41|1
967|1053|4,30,36,38,39|1
968|1054|4,30,38,39,41|1
969|1055|4,35,36,37,38|1
970|1056|4,36,37,38,39|1
971|1057|5,6,7,8,16|1
972|1058|5,6,7,8,17|1
973|1059|5,6,7,8,39|1
974|1060|5,6,7,8,40|1
975|1061|5,6,7,15,16|1
976|1062|5,6,7,15,17|1
977|1063|5,6,7,16,17|1
978|1064|5,6,7,16,38|1
979|1065|5,6,7,17,38|1
980|1066|5,6,7,17,39|1
981|1067|5,6,7,38,39|1
982|1068|5,6,7,38,40|1
983|1069|5,6,7,39,40|1
984|1070|5,6,8,14,16|1
985|1071|5,6,8,14,17|1
986|1072|5,6,8,14,40|1
987|1073|5,6,8,16,17|1
988|1074|5,6,8,16,37|1
989|1075|5,6,8,17,39|1
990|1076|5,6,8,37,39|1
991|1077|5,6,8,37,40|1
992|1078|5,6,8,39,40|1
993|1079|5,6,14,15,16|1
994|1080|5,6,14,15,17|1
995|1081|5,6,14,16,17|1
996|1082|5,6,15,16,17|1
997|1083|5,6,15,16,27|1
998|1084|5,6,15,16,37|1
999|1085|5,6,15,17,27|1
1000|1086|5,6,15,27,37|1
1001|1087|5,6,16,17,27|1
1002|1088|5,6,16,17,38|1
1003|1089|5,6,16,27,37|1
1004|1090|5,6,16,27,38|1
1005|1091|5,6,16,37,38|1
1006|1092|5,6,17,27,38|1
1007|1093|5,6,17,27,39|1
1008|1094|5,6,17,38,39|1
1009|1095|5,6,27,37,38|1
1010|1096|5,6,27,37,39|1
1011|1097|5,6,27,38,39|1
1012|1098|5,6,37,38,39|1
1013|1099|5,6,37,38,40|1
1014|1100|5,6,37,39,40|1
1015|1101|5,6,38,39,40|1
1016|1102|5,7,8,16,17|1
1017|1103|5,7,8,16,19|1
1018|1104|5,7,8,16,42|1
1019|1105|5,7,8,17,19|1
1020|1106|5,7,8,17,39|1
1021|1107|5,7,8,19,40|1
1022|1108|5,7,8,39,40|1
1023|1109|5,7,8,39,42|1
1024|1110|5,7,8,40,42|1
1025|1111|5,7,13,15,16|1
1026|1112|5,7,13,16,19|1
1027|1113|5,7,13,16,42|1
1028|1114|5,7,13,39,42|1
1029|1115|5,7,15,16,17|1
1030|1116|5,7,16,17,19|1
1031|1117|5,7,16,17,38|1
1032|1118|5,7,17,38,39|1
1033|1119|5,7,36,38,39|1
1034|1120|5,7,36,39,42|1
1035|1121|5,7,38,39,40|1
1036|1122|5,7,39,40,42|1
1037|1123|5,8,11,14,17|1
1038|1124|5,8,11,14,22|1
1039|1125|5,8,11,14,40|1
1040|1126|5,8,11,17,19|1
1041|1127|5,8,11,19,22|1
1042|1128|5,8,11,19,40|1
1043|1129|5,8,11,37,40|1
1044|1130|5,8,11,40,42|1
1045|1131|5,8,14,16,17|1
1046|1132|5,8,14,16,22|1
1047|1133|5,8,16,17,19|1
1048|1134|5,8,16,19,22|1
1049|1135|5,8,34,37,40|1
1050|1136|5,8,34,40,42|1
1051|1137|5,8,37,39,40|1
1052|1138|5,8,39,40,42|1
1053|1139|5,10,16,23,29|0
1054|1140|5,10,16,29,35|0
1055|1141|5,10,23,29,42|0
1056|1142|5,10,29,35,42|0
1057|1143|5,11,13,14,22|1
1058|1144|5,11,13,19,22|1
1059|1145|5,11,16,29,35|0
1060|1146|5,11,16,35,41|0
1061|1147|5,11,18,24,29|0
1062|1148|5,11,24,29,35|0
1063|1149|5,11,24,30,35|0
1064|1150|5,11,30,35,41|0
1065|1151|5,12,18,23,42|0
1066|1152|5,12,18,37,42|0
1067|1153|5,13,14,15,16|1
1068|1154|5,13,14,16,22|1
1069|1155|5,13,15,16,27|1
1070|1156|5,13,16,19,22|1
1071|1157|5,13,16,19,27|1
1072|1158|5,14,15,16,17|1
1073|1159|5,14,15,16,26|1
1074|1160|5,14,15,17,26|1
1075|1161|5,14,15,26,36|1
1076|1162|5,14,16,17,26|1
1077|1163|5,15,16,17,26|1
1078|1164|5,15,16,17,27|1
1079|1165|5,15,16,26,27|1
1080|1166|5,15,16,26,37|1
1081|1167|5,15,16,27,37|1
1082|1168|5,15,17,26,27|1
1083|1169|5,15,26,27,36|1
1084|1170|5,15,26,27,37|1
1085|1171|5,15,26,36,37|1
1086|1172|5,15,27,36,37|1
1087|1173|5,16,17,19,27|1
1088|1174|5,16,17,26,27|1
1089|1175|5,16,17,26,38|1
1090|1176|5,16,17,27,38|1
1091|1177|5,16,26,27,37|1
1092|1178|5,16,26,27,38|1
1093|1179|5,16,26,37,38|1
1094|1180|5,16,27,37,38|1
1095|1181|5,17,26,27,38|1
1096|1182|5,17,27,38,39|1
1097|1183|5,18,23,29,42|0
1098|1184|5,18,24,29,42|0
1099|1185|5,18,24,37,42|0
1100|1186|5,24,29,35,42|0
1101|1187|5,26,27,36,37|1
1102|1188|5,26,27,36,38|1
1103|1189|5,26,27,37,38|1
1104|1190|5,26,34,36,37|1
1105|1191|5,26,34,37,40|1
1106|1192|5,26,36,37,38|1
1107|1193|5,26,37,38,40|1
1108|1194|5,27,36,37,38|1
1109|1195|5,27,36,37,39|1
1110|1196|5,27,36,38,39|1
1111|1197|5,27,37,38,39|1
1112|1198|5,31,34,37,40|1
1113|1199|5,31,34,40,42|1
1114|1200|5,31,37,39,40|1
1115|1201|5,31,39,40,42|1
1116|1202|5,36,37,38,39|1
1117|1203|5,37,38,39,40|1
1118|1204|6,7,8,9,17|1
1119|1205|6,7,8,9,18|1
1120|1206|6,7,8,9,40|1
1121|1207|6,7,8,9,41|1
1122|1208|6,7,8,16,17|1
1123|1209|6,7,8,16,18|1
1124|1210|6,7,8,17,18|1
1125|1211|6,7,8,17,39|1
1126|1212|6,7,8,18,39|1
1127|1213|6,7,8,18,40|1
1128|1214|6,7,8,39,40|1
1129|1215|6,7,8,39,41|1
1130|1216|6,7,8,40,41|1
1131|1217|6,7,9,15,17|1
1132|1218|6,7,9,15,18|1
1133|1219|6,7,9,15,41|1
1134|1220|6,7,9,17,18|1
1135|1221|6,7,9,17,38|1
1136|1222|6,7,9,18,40|1
1137|1223|6,7,9,38,40|1
1138|1224|6,7,9,38,41|1
1139|1225|6,7,9,40,41|1
1140|1226|6,7,15,16,17|1
1141|1227|6,7,15,16,18|1
1142|1228|6,7,15,17,18|1
1143|1229|6,7,16,17,18|1
1144|1230|6,7,16,17,28|1
1145|1231|6,7,16,17,38|1
1146|1232|6,7,16,18,28|1
1147|1233|6,7,16,28,38|1
1148|1234|6,7,17,18,28|1
1149|1235|6,7,17,18,39|1
1150|1236|6,7,17,28,38|1
1151|1237|6,7,17,28,39|1
1152|1238|6,7,17,38,39|1
1153|1239|6,7,18,28,39|1
1154|1240|6,7,18,28,40|1
1155|1241|6,7,18,39,40|1
1156|1242|6,7,28,38,39|1
1157|1243|6,7,28,38,40|1
1158|1244|6,7,28,39,40|1
1159|1245|6,7,38,39,40|1
1160|1246|6,7,38,39,41|1
1161|1247|6,7,38,40,41|1
1162|1248|6,7,39,40,41|1
1163|1249|6,8,9,17,18|1
1164|1250|6,8,9,17,20|1
1165|1251|6,8,9,18,20|1
1166|1252|6,8,9,18,40|1
1167|1253|6,8,9,20,41|1
1168|1254|6,8,9,40,41|1
1169|1255|6,8,14,16,17|1
1170|1256|6,8,14,17,20|1
1171|1257|6,8,16,17,18|1
1172|1258|6,8,17,18,20|1
1173|1259|6,8,17,18,39|1
1174|1260|6,8,18,39,40|1
1175|1261|6,8,37,39,40|1
1176|1262|6,8,39,40,41|1
1177|1263|6,9,12,15,18|1
1178|1264|6,9,12,15,23|1
1179|1265|6,9,12,15,41|1
1180|1266|6,9,12,18,20|1
1181|1267|6,9,12,20,23|1
1182|1268|6,9,12,20,41|1
1183|1269|6,9,12,38,41|1
1184|1270|6,9,15,17,18|1
1185|1271|6,9,15,17,23|1
1186|1272|6,9,17,18,20|1
1187|1273|6,9,17,20,23|1
1188|1274|6,9,35,38,41|1
1189|1275|6,9,38,40,41|1
1190|1276|6,11,17,24,30|0
1191|1277|6,11,17,30,36|0
1192|1278|6,12,14,15,23|1
1193|1279|6,12,14,20,23|1
1194|1280|6,12,17,30,36|0
1195|1281|6,12,17,36,42|0
1196|1282|6,12,19,25,30|0
1197|1283|6,12,25,30,36|0
1198|1284|6,12,25,31,36|0
1199|1285|6,12,31,36,42|0
1200|1286|6,14,15,16,17|1
1201|1287|6,14,15,17,23|1
1202|1288|6,14,16,17,28|1
1203|1289|6,14,17,20,23|1
1204|1290|6,14,17,20,28|1
1205|1291|6,15,16,17,18|1
1206|1292|6,15,16,17,27|1
1207|1293|6,15,16,18,27|1
1208|1294|6,15,16,27,37|1
1209|1295|6,15,17,18,27|1
1210|1296|6,16,17,18,27|1
1211|1297|6,16,17,18,28|1
1212|1298|6,16,17,27,28|1
1213|1299|6,16,17,27,38|1
1214|1300|6,16,17,28,38|1
1215|1301|6,16,18,27,28|1
1216|1302|6,16,27,28,37|1
1217|1303|6,16,27,28,38|1
1218|1304|6,16,27,37,38|1
1219|1305|6,16,28,37,38|1
1220|1306|6,17,18,20,28|1
1221|1307|6,17,18,27,28|1
1222|1308|6,17,18,27,39|1
1223|1309|6,17,18,28,39|1
1224|1310|6,17,27,28,38|1
1225|1311|6,17,27,28,39|1
1226|1312|6,17,27,38,39|1
1227|1313|6,17,28,38,39|1
1228|1314|6,18,27,28,39|1
1229|1315|6,18,28,39,40|1
1230|1316|6,27,28,37,38|1
1231|1317|6,27,28,37,39|1
1232|1318|6,27,28,38,39|1
1233|1319|6,27,35,37,38|1
1234|1320|6,27,35,38,41|1
1235|1321|6,27,37,38,39|1
1236|1322|6,27,38,39,41|1
1237|1323|6,28,37,38,39|1
1238|1324|6,28,37,38,40|1
1239|1325|6,28,37,39,40|1
1240|1326|6,28,38,39,40|1
1241|1327|6,32,35,38,41|1
1242|1328|6,32,38,40,41|1
1243|1329|6,37,38,39,40|1
1244|1330|6,38,39,40,41|1
1245|1331|7,8,9,10,18|1
1246|1332|7,8,9,10,19|1
1247|1333|7,8,9,10,41|1
1248|1334|7,8,9,10,42|1
1249|1335|7,8,9,17,18|1
1250|1336|7,8,9,17,19|1
1251|1337|7,8,9,18,19|1
1252|1338|7,8,9,18,40|1
1253|1339|7,8,9,19,40|1
1254|1340|7,8,9,19,41|1
1255|1341|7,8,9,40,41|1
1256|1342|7,8,9,40,42|1
1257|1343|7,8,9,41,42|1
1258|1344|7,8,10,16,18|1
1259|1345|7,8,10,16,19|1
1260|1346|7,8,10,16,42|1
1261|1347|7,8,10,18,19|1
1262|1348|7,8,10,18,39|1
1263|1349|7,8,10,19,41|1
1264|1350|7,8,10,39,41|1
1265|1351|7,8,10,39,42|1
1266|1352|7,8,10,41,42|1
1267|1353|7,8,16,17,18|1
1268|1354|7,8,16,17,19|1
1269|1355|7,8,16,18,19|1
1270|1356|7,8,17,18,19|1
1271|1357|7,8,17,18,29|1
1272|1358|7,8,17,18,39|1
1273|1359|7,8,17,19,29|1
1274|1360|7,8,17,29,39|1
1275|1361|7,8,18,19,29|1
1276|1362|7,8,18,19,40|1
1277|1363|7,8,18,29,39|1
1278|1364|7,8,18,29,40|1
1279|1365|7,8,18,39,40|1
1280|1366|7,8,19,29,40|1
1281|1367|7,8,19,29,41|1
1282|1368|7,8,19,40,41|1
1283|1369|7,8,29,39,40|1
1284|1370|7,8,29,39,41|1
1285|1371|7,8,29,40,41|1
1286|1372|7,8,39,40,41|1
1287|1373|7,8,39,40,42|1
1288|1374|7,8,39,41,42|1
1289|1375|7,8,40,41,42|1
1290|1376|7,9,10,18,19|1
1291|1377|7,9,10,18,21|1
1292|1378|7,9,10,19,21|1
1293|1379|7,9,10,19,41|1
1294|1380|7,9,10,21,42|1
1295|1381|7,9,10,41,42|1
1296|1382|7,9,15,17,18|1
1297|1383|7,9,15,18,21|1
1298|1384|7,9,17,18,19|1
1299|1385|7,9,18,19,21|1
1300|1386|7,9,18,19,40|1
1301|1387|7,9,19,40,41|1
1302|1388|7,9,38,40,41|1
1303|1389|7,9,40,41,42|1
1304|1390|7,10,13,16,19|1
1305|1391|7,10,13,16,24|1
1306|1392|7,10,13,16,42|1
1307|1393|7,10,13,19,21|1
1308|1394|7,10,13,21,24|1
1309|1395|7,10,13,21,42|1
1310|1396|7,10,13,39,42|1
1311|1397|7,10,16,18,19|1
1312|1398|7,10,16,18,24|1
1313|1399|7,10,18,19,21|1
1314|1400|7,10,18,21,24|1
1315|1401|7,10,36,39,42|1
1316|1402|7,10,39,41,42|1
1317|1403|7,12,18,25,31|0
1318|1404|7,12,18,31,37|0
1319|1405|7,13,15,16,24|1
1320|1406|7,13,15,21,24|1
1321|1407|7,13,18,31,37|0
1322|1408|7,13,20,26,31|0
1323|1409|7,13,26,31,37|0
1324|1410|7,13,26,32,37|0
1325|1411|7,15,16,17,18|1
1326|1412|7,15,16,18,24|1
1327|1413|7,15,17,18,29|1
1328|1414|7,15,18,21,24|1
1329|1415|7,15,18,21,29|1
1330|1416|7,16,17,18,19|1
1331|1417|7,16,17,18,28|1
1332|1418|7,16,17,19,28|1
1333|1419|7,16,17,28,38|1
1334|1420|7,16,18,19,28|1
1335|1421|7,17,18,19,28|1
1336|1422|7,17,18,19,29|1
1337|1423|7,17,18,28,29|1
1338|1424|7,17,18,28,39|1
1339|1425|7,17,18,29,39|1
1340|1426|7,17,19,28,29|1
1341|1427|7,17,28,29,38|1
1342|1428|7,17,28,29,39|1
1343|1429|7,17,28,38,39|1
1344|1430|7,17,29,38,39|1
1345|1431|7,18,19,21,29|1
1346|1432|7,18,19,28,29|1
1347|1433|7,18,19,28,40|1
1348|1434|7,18,19,29,40|1
1349|1435|7,18,28,29,39|1
1350|1436|7,18,28,29,40|1
1351|1437|7,18,28,39,40|1
1352|1438|7,18,29,39,40|1
1353|1439|7,19,28,29,40|1
1354|1440|7,19,29,40,41|1
1355|1441|7,28,29,38,39|1
1356|1442|7,28,29,38,40|1
1357|1443|7,28,29,39,40|1
1358|1444|7,28,36,38,39|1
1359|1445|7,28,36,39,42|1
1360|1446|7,28,38,39,40|1
1361|1447|7,28,39,40,42|1
1362|1448|7,29,38,39,40|1
1363|1449|7,29,38,39,41|1
1364|1450|7,29,38,40,41|1
1365|1451|7,29,39,40,41|1
1366|1452|7,33,36,39,42|1
1367|1453|7,33,39,41,42|1
1368|1454|7,38,39,40,41|1
1369|1455|7,39,40,41,42|1
1370|1456|8,9,10,11,19|1
1371|1457|8,9,10,11,20|1
1372|1458|8,9,10,11,42|1
1373|1459|8,9,10,18,19|1
1374|1460|8,9,10,18,20|1
1375|1461|8,9,10,19,20|1
1376|1462|8,9,10,19,41|1
1377|1463|8,9,10,20,41|1
1378|1464|8,9,10,20,42|1
1379|1465|8,9,10,41,42|1
1380|1466|8,9,11,17,19|1
1381|1467|8,9,11,17,20|1
1382|1468|8,9,11,19,20|1
1383|1469|8,9,11,19,40|1
1384|1470|8,9,11,20,42|1
1385|1471|8,9,11,40,42|1
1386|1472|8,9,17,18,19|1
1387|1473|8,9,17,18,20|1
1388|1474|8,9,17,19,20|1
1389|1475|8,9,18,19,20|1
1390|1476|8,9,18,19,30|1
1391|1477|8,9,18,19,40|1
1392|1478|8,9,18,20,30|1
1393|1479|8,9,18,30,40|1
1394|1480|8,9,19,20,30|1
1395|1481|8,9,19,20,41|1
1396|1482|8,9,19,30,40|1
1397|1483|8,9,19,30,41|1
1398|1484|8,9,19,40,41|1
1399|1485|8,9,20,30,41|1
1400|1486|8,9,20,30,42|1
1401|1487|8,9,20,41,42|1
1402|1488|8,9,30,40,41|1
1403|1489|8,9,30,40,42|1
1404|1490|8,9,30,41,42|1
1405|1491|8,9,40,41,42|1
1406|1492|8,10,11,19,20|1
1407|1493|8,10,11,19,22|1
1408|1494|8,10,11,20,22|1
1409|1495|8,10,11,20,42|1
1410|1496|8,10,16,18,19|1
1411|1497|8,10,16,19,22|1
1412|1498|8,10,18,19,20|1
1413|1499|8,10,19,20,22|1
1414|1500|8,10,19,20,41|1
1415|1501|8,10,20,41,42|1
1416|1502|8,10,39,41,42|1
1417|1503|8,11,14,17,20|1
1418|1504|8,11,14,17,25|1
1419|1505|8,11,14,20,22|1
1420|1506|8,11,14,22,25|1
1421|1507|8,11,17,19,20|1
1422|1508|8,11,17,19,25|1
1423|1509|8,11,19,20,22|1
1424|1510|8,11,19,22,25|1
1425|1511|8,13,19,26,32|0
1426|1512|8,13,19,32,38|0
1427|1513|8,14,16,17,25|1
1428|1514|8,14,16,22,25|1
1429|1515|8,14,19,32,38|0
1430|1516|8,14,21,27,32|0
1431|1517|8,14,27,32,38|0
1432|1518|8,14,27,33,38|0
1433|1519|8,16,17,18,19|1
1434|1520|8,16,17,19,25|1
1435|1521|8,16,18,19,30|1
1436|1522|8,16,19,22,25|1
1437|1523|8,16,19,22,30|1
1438|1524|8,17,18,19,20|1
1439|1525|8,17,18,19,29|1
1440|1526|8,17,18,20,29|1
1441|1527|8,17,18,29,39|1
1442|1528|8,17,19,20,29|1
1443|1529|8,18,19,20,29|1
1444|1530|8,18,19,20,30|1
1445|1531|8,18,19,29,30|1
1446|1532|8,18,19,29,40|1
1447|1533|8,18,19,30,40|1
1448|1534|8,18,20,29,30|1
1449|1535|8,18,29,30,39|1
1450|1536|8,18,29,30,40|1
1451|1537|8,18,29,39,40|1
1452|1538|8,18,30,39,40|1
1453|1539|8,19,20,22,30|1
1454|1540|8,19,20,29,30|1
1455|1541|8,19,20,29,41|1
1456|1542|8,19,20,30,41|1
1457|1543|8,19,29,30,40|1
1458|1544|8,19,29,30,41|1
1459|1545|8,19,29,40,41|1
1460|1546|8,19,30,40,41|1
1461|1547|8,20,29,30,41|1
1462|1548|8,20,30,41,42|1
1463|1549|8,29,30,39,40|1
1464|1550|8,29,30,39,41|1
1465|1551|8,29,30,40,41|1
1466|1552|8,29,37,39,40|1
1467|1553|8,29,39,40,41|1
1468|1554|8,30,39,40,41|1
1469|1555|8,30,39,40,42|1
1470|1556|8,30,39,41,42|1
1471|1557|8,30,40,41,42|1
1472|1558|8,39,40,41,42|1
1473|1559|9,10,11,12,20|1
1474|1560|9,10,11,12,21|1
1475|1561|9,10,11,19,20|1
1476|1562|9,10,11,19,21|1
1477|1563|9,10,11,20,21|1
1478|1564|9,10,11,20,42|1
1479|1565|9,10,11,21,42|1
1480|1566|9,10,12,18,20|1
1481|1567|9,10,12,18,21|1
1482|1568|9,10,12,20,21|1
1483|1569|9,10,12,20,41|1
1484|1570|9,10,18,19,20|1
1485|1571|9,10,18,19,21|1
1486|1572|9,10,18,20,21|1
1487|1573|9,10,19,20,21|1
1488|1574|9,10,19,20,31|1
1489|1575|9,10,19,20,41|1
1490|1576|9,10,19,21,31|1
1491|1577|9,10,19,31,41|1
1492|1578|9,10,20,21,31|1
1493|1579|9,10,20,21,42|1
1494|1580|9,10,20,31,41|1
1495|1581|9,10,20,31,42|1
1496|1582|9,10,20,41,42|1
1497|1583|9,10,21,31,42|1
1498|1584|9,10,31,41,42|1
1499|1585|9,11,12,20,21|1
1500|1586|9,11,12,20,23|1
1501|1587|9,11,12,21,23|1
1502|1588|9,11,17,19,20|1
1503|1589|9,11,17,20,23|1
1504|1590|9,11,19,20,21|1
1505|1591|9,11,20,21,23|1
1506|1592|9,11,20,21,42|1
1507|1593|9,12,15,18,21|1
1508|1594|9,12,15,18,26|1
1509|1595|9,12,15,21,23|1
1510|1596|9,12,15,23,26|1
1511|1597|9,12,18,20,21|1
1512|1598|9,12,18,20,26|1
1513|1599|9,12,20,21,23|1
1514|1600|9,12,20,23,26|1
1515|1601|9,14,20,27,33|0
1516|1602|9,14,20,33,39|0
1517|1603|9,15,17,18,26|1
1518|1604|9,15,17,23,26|1
1519|1605|9,15,20,33,39|0
1520|1606|9,15,22,28,33|0
1521|1607|9,15,28,33,39|0
1522|1608|9,15,28,34,39|0
1523|1609|9,17,18,19,20|1
1524|1610|9,17,18,20,26|1
1525|1611|9,17,19,20,31|1
1526|1612|9,17,20,23,26|1
1527|1613|9,17,20,23,31|1
1528|1614|9,18,19,20,21|1
1529|1615|9,18,19,20,30|1
1530|1616|9,18,19,21,30|1
1531|1617|9,18,19,30,40|1
1532|1618|9,18,20,21,30|1
1533|1619|9,19,20,21,30|1
1534|1620|9,19,20,21,31|1
1535|1621|9,19,20,30,31|1
1536|1622|9,19,20,30,41|1
1537|1623|9,19,20,31,41|1
1538|1624|9,19,21,30,31|1
1539|1625|9,19,30,31,40|1
1540|1626|9,19,30,31,41|1
1541|1627|9,19,30,40,41|1
1542|1628|9,19,31,40,41|1
1543|1629|9,20,21,23,31|1
1544|1630|9,20,21,30,31|1
1545|1631|9,20,21,30,42|1
1546|1632|9,20,21,31,42|1
1547|1633|9,20,30,31,41|1
1548|1634|9,20,30,31,42|1
1549|1635|9,20,30,41,42|1
1550|1636|9,20,31,41,42|1
1551|1637|9,21,30,31,42|1
1552|1638|9,30,31,40,41|1
1553|1639|9,30,31,40,42|1
1554|1640|9,30,31,41,42|1
1555|1641|9,30,38,40,41|1
1556|1642|9,30,40,41,42|1
1557|1643|9,31,40,41,42|1
1558|1644|10,11,12,13,21|1
1559|1645|10,11,12,13,22|1
1560|1646|10,11,12,20,21|1
1561|1647|10,11,12,20,22|1
1562|1648|10,11,12,21,22|1
1563|1649|10,11,13,19,21|1
1564|1650|10,11,13,19,22|1
1565|1651|10,11,13,21,22|1
1566|1652|10,11,13,21,42|1
1567|1653|10,11,19,20,21|1
1568|1654|10,11,19,20,22|1
1569|1655|10,11,19,21,22|1
1570|1656|10,11,20,21,22|1
1571|1657|10,11,20,21,32|1
1572|1658|10,11,20,21,42|1
1573|1659|10,11,20,22,32|1
1574|1660|10,11,20,32,42|1
1575|1661|10,11,21,22,32|1
1576|1662|10,11,21,32,42|1
1577|1663|10,12,13,21,22|1
1578|1664|10,12,13,21,24|1
1579|1665|10,12,13,22,24|1
1580|1666|10,12,18,20,21|1
1581|1667|10,12,18,21,24|1
1582|1668|10,12,20,21,22|1
1583|1669|10,12,21,22,24|1
1584|1670|10,13,16,19,22|1
1585|1671|10,13,16,19,27|1
1586|1672|10,13,16,22,24|1
1587|1673|10,13,16,24,27|1
1588|1674|10,13,19,21,22|1
1589|1675|10,13,19,21,27|1
1590|1676|10,13,21,22,24|1
1591|1677|10,13,21,24,27|1
1592|1678|10,15,21,28,34|0
1593|1679|10,15,21,34,40|0
1594|1680|10,16,18,19,27|1
1595|1681|10,16,18,24,27|1
1596|1682|10,16,21,34,40|0
1597|1683|10,16,23,29,34|0
1598|1684|10,16,29,34,40|0
1599|1685|10,16,29,35,40|0
1600|1686|10,18,19,20,21|1
1601|1687|10,18,19,21,27|1
1602|1688|10,18,20,21,32|1
1603|1689|10,18,21,24,27|1
1604|1690|10,18,21,24,32|1
1605|1691|10,19,20,21,22|1
1606|1692|10,19,20,21,31|1
1607|1693|10,19,20,22,31|1
1608|1694|10,19,20,31,41|1
1609|1695|10,19,21,22,31|1
1610|1696|10,20,21,22,31|1
1611|1697|10,20,21,22,32|1
1612|1698|10,20,21,31,32|1
1613|1699|10,20,21,31,42|1
1614|1700|10,20,21,32,42|1
1615|1701|10,20,22,31,32|1
1616|1702|10,20,31,32,41|1
1617|1703|10,20,31,32,42|1
1618|1704|10,20,31,41,42|1
1619|1705|10,20,32,41,42|1
1620|1706|10,21,22,24,32|1
1621|1707|10,21,22,31,32|1
1622|1708|10,21,31,32,42|1
1623|1709|10,31,32,41,42|1
1624|1710|10,31,39,41,42|1
1625|1711|11,12,13,14,22|1
1626|1712|11,12,13,14,23|1
1627|1713|11,12,13,21,22|1
1628|1714|11,12,13,21,23|1
1629|1715|11,12,13,22,23|1
1630|1716|11,12,14,20,22|1
1631|1717|11,12,14,20,23|1
1632|1718|11,12,14,22,23|1
1633|1719|11,12,20,21,22|1
1634|1720|11,12,20,21,23|1
1635|1721|11,12,20,22,23|1
1636|1722|11,12,21,22,23|1
1637|1723|11,12,21,22,33|1
1638|1724|11,12,21,23,33|1
1639|1725|11,12,22,23,33|1
1640|1726|11,13,14,22,23|1
1641|1727|11,13,14,22,25|1
1642|1728|11,13,14,23,25|1
1643|1729|11,13,19,21,22|1
1644|1730|11,13,19,22,25|1
1645|1731|11,13,21,22,23|1
1646|1732|11,13,22,23,25|1
1647|1733|11,14,17,20,23|1
1648|1734|11,14,17,20,28|1
1649|1735|11,14,17,23,25|1
1650|1736|11,14,17,25,28|1
1651|1737|11,14,20,22,23|1
1652|1738|11,14,20,22,28|1
1653|1739|11,14,22,23,25|1
1654|1740|11,14,22,25,28|1
1655|1741|11,16,22,29,35|0
1656|1742|11,16,22,35,41|0
1657|1743|11,17,19,20,28|1
1658|1744|11,17,19,25,28|1
1659|1745|11,17,22,35,41|0
1660|1746|11,17,24,30,35|0
1661|1747|11,17,30,35,41|0
1662|1748|11,17,30,36,41|0
1663|1749|11,19,20,21,22|1
1664|1750|11,19,20,22,28|1
1665|1751|11,19,21,22,33|1
1666|1752|11,19,22,25,28|1
1667|1753|11,19,22,25,33|1
1668|1754|11,20,21,22,23|1
1669|1755|11,20,21,22,32|1
1670|1756|11,20,21,23,32|1
1671|1757|11,20,21,32,42|1
1672|1758|11,20,22,23,32|1
1673|1759|11,21,22,23,32|1
1674|1760|11,21,22,23,33|1
1675|1761|11,21,22,32,33|1
1676|1762|11,21,23,32,33|1
1677|1763|11,21,32,33,42|1
1678|1764|11,22,23,25,33|1
1679|1765|11,22,23,32,33|1
1680|1766|12,13,14,15,23|1
1681|1767|12,13,14,15,24|1
1682|1768|12,13,14,22,23|1
1683|1769|12,13,14,22,24|1
1684|1770|12,13,14,23,24|1
1685|1771|12,13,15,21,23|1
1686|1772|12,13,15,21,24|1
1687|1773|12,13,15,23,24|1
1688|1774|12,13,21,22,23|1
1689|1775|12,13,21,22,24|1
1690|1776|12,13,21,23,24|1
1691|1777|12,13,22,23,24|1
1692|1778|12,13,22,23,34|1
1693|1779|12,13,22,24,34|1
1694|1780|12,13,23,24,34|1
1695|1781|12,14,15,23,24|1
1696|1782|12,14,15,23,26|1
1697|1783|12,14,15,24,26|1
1698|1784|12,14,20,22,23|1
1699|1785|12,14,20,23,26|1
1700|1786|12,14,22,23,24|1
1701|1787|12,14,23,24,26|1
1702|1788|12,15,18,21,24|1
1703|1789|12,15,18,21,29|1
1704|1790|12,15,18,24,26|1
1705|1791|12,15,18,26,29|1
1706|1792|12,15,21,23,24|1
1707|1793|12,15,21,23,29|1
1708|1794|12,15,23,24,26|1
1709|1795|12,15,23,26,29|1
1710|1796|12,17,23,30,36|0
1711|1797|12,17,23,36,42|0
1712|1798|12,18,20,21,29|1
1713|1799|12,18,20,26,29|1
1714|1800|12,18,23,36,42|0
1715|1801|12,18,25,31,36|0
1716|1802|12,18,31,36,42|0
1717|1803|12,18,31,37,42|0
1718|1804|12,20,21,22,23|1
1719|1805|12,20,21,23,29|1
1720|1806|12,20,22,23,34|1
1721|1807|12,20,23,26,29|1
1722|1808|12,20,23,26,34|1
1723|1809|12,21,22,23,24|1
1724|1810|12,21,22,23,33|1
1725|1811|12,21,22,24,33|1
1726|1812|12,21,23,24,33|1
1727|1813|12,22,23,24,33|1
1728|1814|12,22,23,24,34|1
1729|1815|12,22,23,33,34|1
1730|1816|12,22,24,33,34|1
1731|1817|12,23,24,26,34|1
1732|1818|12,23,24,33,34|1
1733|1819|13,14,15,16,24|1
1734|1820|13,14,15,16,25|1
1735|1821|13,14,15,23,24|1
1736|1822|13,14,15,23,25|1
1737|1823|13,14,15,24,25|1
1738|1824|13,14,16,22,24|1
1739|1825|13,14,16,22,25|1
1740|1826|13,14,16,24,25|1
1741|1827|13,14,22,23,24|1
1742|1828|13,14,22,23,25|1
1743|1829|13,14,22,24,25|1
1744|1830|13,14,23,24,25|1
1745|1831|13,14,23,24,35|1
1746|1832|13,14,23,25,35|1
1747|1833|13,14,24,25,35|1
1748|1834|13,15,16,24,25|1
1749|1835|13,15,16,24,27|1
1750|1836|13,15,16,25,27|1
1751|1837|13,15,21,23,24|1
1752|1838|13,15,21,24,27|1
1753|1839|13,15,23,24,25|1
1754|1840|13,15,24,25,27|1
1755|1841|13,16,19,22,25|1
1756|1842|13,16,19,22,30|1
1757|1843|13,16,19,25,27|1
1758|1844|13,16,19,27,30|1
1759|1845|13,16,22,24,25|1
1760|1846|13,16,22,24,30|1
1761|1847|13,16,24,25,27|1
1762|1848|13,16,24,27,30|1
1763|1849|13,18,24,31,37|0
1764|1850|13,19,21,22,30|1
1765|1851|13,19,21,27,30|1
1766|1852|13,19,26,32,37|0
1767|1853|13,21,22,23,24|1
1768|1854|13,21,22,24,30|1
1769|1855|13,21,23,24,35|1
1770|1856|13,21,24,27,30|1
1771|1857|13,21,24,27,35|1
1772|1858|13,22,23,24,25|1
1773|1859|13,22,23,24,34|1
1774|1860|13,22,23,25,34|1
1775|1861|13,22,24,25,34|1
1776|1862|13,23,24,25,34|1
1777|1863|13,23,24,25,35|1
1778|1864|13,23,24,34,35|1
1779|1865|13,23,25,34,35|1
1780|1866|13,24,25,27,35|1
1781|1867|13,24,25,34,35|1
1782|1868|14,15,16,17,25|1
1783|1869|14,15,16,17,26|1
1784|1870|14,15,16,24,25|1
1785|1871|14,15,16,24,26|1
1786|1872|14,15,16,25,26|1
1787|1873|14,15,17,23,25|1
1788|1874|14,15,17,23,26|1
1789|1875|14,15,17,25,26|1
1790|1876|14,15,23,24,25|1
1791|1877|14,15,23,24,26|1
1792|1878|14,15,23,25,26|1
1793|1879|14,15,24,25,26|1
1794|1880|14,15,24,25,36|1
1795|1881|14,15,24,26,36|1
1796|1882|14,15,25,26,36|1
1797|1883|14,16,17,25,26|1
1798|1884|14,16,17,25,28|1
1799|1885|14,16,17,26,28|1
1800|1886|14,16,22,24,25|1
1801|1887|14,16,22,25,28|1
1802|1888|14,16,24,25,26|1
1803|1889|14,16,25,26,28|1
1804|1890|14,17,20,23,26|1
1805|1891|14,17,20,23,31|1
1806|1892|14,17,20,26,28|1
1807|1893|14,17,20,28,31|1
1808|1894|14,17,23,25,26|1
1809|1895|14,17,23,25,31|1
1810|1896|14,17,25,26,28|1
1811|1897|14,17,25,28,31|1
1812|1898|14,19,25,32,38|0
1813|1899|14,20,22,23,31|1
1814|1900|14,20,22,28,31|1
1815|1901|14,20,27,33,38|0
1816|1902|14,22,23,24,25|1
1817|1903|14,22,23,25,31|1
1818|1904|14,22,24,25,36|1
1819|1905|14,22,25,28,31|1
1820|1906|14,22,25,28,36|1
1821|1907|14,23,24,25,26|1
1822|1908|14,23,24,25,35|1
1823|1909|14,23,24,26,35|1
1824|1910|14,23,25,26,35|1
1825|1911|14,24,25,26,35|1
1826|1912|14,24,25,26,36|1
1827|1913|14,24,25,35,36|1
1828|1914|14,24,26,35,36|1
1829|1915|14,25,26,28,36|1
1830|1916|14,25,26,35,36|1
1831|1917|15,16,17,18,26|1
1832|1918|15,16,17,18,27|1
1833|1919|15,16,17,25,26|1
1834|1920|15,16,17,25,27|1
1835|1921|15,16,17,26,27|1
1836|1922|15,16,18,24,26|1
1837|1923|15,16,18,24,27|1
1838|1924|15,16,18,26,27|1
1839|1925|15,16,24,25,26|1
1840|1926|15,16,24,25,27|1
1841|1927|15,16,24,26,27|1
1842|1928|15,16,25,26,27|1
1843|1929|15,16,25,26,37|1
1844|1930|15,16,25,27,37|1
1845|1931|15,16,26,27,37|1
1846|1932|15,17,18,26,27|1
1847|1933|15,17,18,26,29|1
1848|1934|15,17,18,27,29|1
1849|1935|15,17,23,25,26|1
1850|1936|15,17,23,26,29|1
1851|1937|15,17,25,26,27|1
1852|1938|15,17,26,27,29|1
1853|1939|15,18,21,24,27|1
1854|1940|15,18,21,24,32|1
1855|1941|15,18,21,27,29|1
1856|1942|15,18,21,29,32|1
1857|1943|15,18,24,26,27|1
1858|1944|15,18,24,26,32|1
1859|1945|15,18,26,27,29|1
1860|1946|15,18,26,29,32|1
1861|1947|15,20,26,33,39|0
1862|1948|15,21,23,24,32|1
1863|1949|15,21,23,29,32|1
1864|1950|15,21,28,34,39|0
1865|1951|15,23,24,25,26|1
1866|1952|15,23,24,26,32|1
1867|1953|15,23,25,26,37|1
1868|1954|15,23,26,29,32|1
1869|1955|15,23,26,29,37|1
1870|1956|15,24,25,26,27|1
1871|1957|15,24,25,26,36|1
1872|1958|15,24,25,27,36|1
1873|1959|15,24,26,27,36|1
1874|1960|15,25,26,27,36|1
1875|1961|15,25,26,27,37|1
1876|1962|15,25,26,36,37|1
1877|1963|15,25,27,36,37|1
1878|1964|15,26,27,29,37|1
1879|1965|15,26,27,36,37|1
1880|1966|16,17,18,19,27|1
1881|1967|16,17,18,19,28|1
1882|1968|16,17,18,26,27|1
1883|1969|16,17,18,26,28|1
1884|1970|16,17,18,27,28|1
1885|1971|16,17,19,25,27|1
1886|1972|16,17,19,25,28|1
1887|1973|16,17,19,27,28|1
1888|1974|16,17,25,26,27|1
1889|1975|16,17,25,26,28|1
1890|1976|16,17,25,27,28|1
1891|1977|16,17,26,27,28|1
1892|1978|16,17,26,27,38|1
1893|1979|16,17,26,28,38|1
1894|1980|16,17,27,28,38|1
1895|1981|16,18,19,27,28|1
1896|1982|16,18,19,27,30|1
1897|1983|16,18,19,28,30|1
1898|1984|16,18,24,26,27|1
1899|1985|16,18,24,27,30|1
1900|1986|16,18,26,27,28|1
1901|1987|16,18,27,28,30|1
1902|1988|16,19,22,25,28|1
1903|1989|16,19,22,25,33|1
1904|1990|16,19,22,28,30|1
1905|1991|16,19,22,30,33|1
1906|1992|16,19,25,27,28|1
1907|1993|16,19,25,27,33|1
1908|1994|16,19,27,28,30|1
1909|1995|16,19,27,30,33|1
1910|1996|16,21,27,34,40|0
1911|1997|16,22,24,25,33|1
1912|1998|16,22,24,30,33|1
1913|1999|16,22,29,35,40|0
1914|2000|16,24,25,26,27|1
1915|2001|16,24,25,27,33|1
1916|2002|16,24,26,27,38|1
1917|2003|16,24,27,30,33|1
1918|2004|16,24,27,30,38|1
1919|2005|16,25,26,27,28|1
1920|2006|16,25,26,27,37|1
1921|2007|16,25,26,28,37|1
1922|2008|16,25,27,28,37|1
1923|2009|16,26,27,28,37|1
1924|2010|16,26,27,28,38|1
1925|2011|16,26,27,37,38|1
1926|2012|16,26,28,37,38|1
1927|2013|16,27,28,30,38|1
1928|2014|16,27,28,37,38|1
1929|2015|17,18,19,20,28|1
1930|2016|17,18,19,20,29|1
1931|2017|17,18,19,27,28|1
1932|2018|17,18,19,27,29|1
1933|2019|17,18,19,28,29|1
1934|2020|17,18,20,26,28|1
1935|2021|17,18,20,26,29|1
1936|2022|17,18,20,28,29|1
1937|2023|17,18,26,27,28|1
1938|2024|17,18,26,27,29|1
1939|2025|17,18,26,28,29|1
1940|2026|17,18,27,28,29|1
1941|2027|17,18,27,28,39|1
1942|2028|17,18,27,29,39|1
1943|2029|17,18,28,29,39|1
1944|2030|17,19,20,28,29|1
1945|2031|17,19,20,28,31|1
1946|2032|17,19,20,29,31|1
1947|2033|17,19,25,27,28|1
1948|2034|17,19,25,28,31|1
1949|2035|17,19,27,28,29|1
1950|2036|17,19,28,29,31|1
1951|2037|17,20,23,26,29|1
1952|2038|17,20,23,26,34|1
1953|2039|17,20,23,29,31|1
1954|2040|17,20,23,31,34|1
1955|2041|17,20,26,28,29|1
1956|2042|17,20,26,28,34|1
1957|2043|17,20,28,29,31|1
1958|2044|17,20,28,31,34|1
1959|2045|17,22,28,35,41|0
1960|2046|17,23,25,26,34|1
1961|2047|17,23,25,31,34|1
1962|2048|17,23,30,36,41|0
1963|2049|17,25,26,27,28|1
1964|2050|17,25,26,28,34|1
1965|2051|17,25,27,28,39|1
1966|2052|17,25,28,31,34|1
1967|2053|17,25,28,31,39|1
1968|2054|17,26,27,28,29|1
1969|2055|17,26,27,28,38|1
1970|2056|17,26,27,29,38|1
1971|2057|17,26,28,29,38|1
1972|2058|17,27,28,29,38|1
1973|2059|17,27,28,29,39|1
1974|2060|17,27,28,38,39|1
1975|2061|17,27,29,38,39|1
1976|2062|17,28,29,31,39|1
1977|2063|17,28,29,38,39|1
1978|2064|18,19,20,21,29|1
1979|2065|18,19,20,21,30|1
1980|2066|18,19,20,28,29|1
1981|2067|18,19,20,28,30|1
1982|2068|18,19,20,29,30|1
1983|2069|18,19,21,27,29|1
1984|2070|18,19,21,27,30|1
1985|2071|18,19,21,29,30|1
1986|2072|18,19,27,28,29|1
1987|2073|18,19,27,28,30|1
1988|2074|18,19,27,29,30|1
1989|2075|18,19,28,29,30|1
1990|2076|18,19,28,29,40|1
1991|2077|18,19,28,30,40|1
1992|2078|18,19,29,30,40|1
1993|2079|18,20,21,29,30|1
1994|2080|18,20,21,29,32|1
1995|2081|18,20,21,30,32|1
1996|2082|18,20,26,28,29|1
1997|2083|18,20,26,29,32|1
1998|2084|18,20,28,29,30|1
1999|2085|18,20,29,30,32|1
2000|2086|18,21,24,27,30|1
2001|2087|18,21,24,27,35|1
2002|2088|18,21,24,30,32|1
2003|2089|18,21,24,32,35|1
2004|2090|18,21,27,29,30|1
2005|2091|18,21,27,29,35|1
2006|2092|18,21,29,30,32|1
2007|2093|18,21,29,32,35|1
2008|2094|18,23,29,36,42|0
2009|2095|18,24,26,27,35|1
2010|2096|18,24,26,32,35|1
2011|2097|18,24,31,37,42|0
2012|2098|18,26,27,28,29|1
2013|2099|18,26,27,29,35|1
2014|2100|18,26,28,29,40|1
2015|2101|18,26,29,32,35|1
2016|2102|18,26,29,32,40|1
2017|2103|18,27,28,29,30|1
2018|2104|18,27,28,29,39|1
2019|2105|18,27,28,30,39|1
2020|2106|18,27,29,30,39|1
2021|2107|18,28,29,30,39|1
2022|2108|18,28,29,30,40|1
2023|2109|18,28,29,39,40|1
2024|2110|18,28,30,39,40|1
2025|2111|18,29,30,32,40|1
2026|2112|18,29,30,39,40|1
2027|2113|19,20,21,22,30|1
2028|2114|19,20,21,22,31|1
2029|2115|19,20,21,29,30|1
2030|2116|19,20,21,29,31|1
2031|2117|19,20,21,30,31|1
2032|2118|19,20,22,28,30|1
2033|2119|19,20,22,28,31|1
2034|2120|19,20,22,30,31|1
2035|2121|19,20,28,29,30|1
2036|2122|19,20,28,29,31|1
2037|2123|19,20,28,30,31|1
2038|2124|19,20,29,30,31|1
2039|2125|19,20,29,30,41|1
2040|2126|19,20,29,31,41|1
2041|2127|19,20,30,31,41|1
2042|2128|19,21,22,30,31|1
2043|2129|19,21,22,30,33|1
2044|2130|19,21,22,31,33|1
2045|2131|19,21,27,29,30|1
2046|2132|19,21,27,30,33|1
2047|2133|19,21,29,30,31|1
2048|2134|19,21,30,31,33|1
2049|2135|19,22,25,28,31|1
2050|2136|19,22,25,28,36|1
2051|2137|19,22,25,31,33|1
2052|2138|19,22,25,33,36|1
2053|2139|19,22,28,30,31|1
2054|2140|19,22,28,30,36|1
2055|2141|19,22,30,31,33|1
2056|2142|19,22,30,33,36|1
2057|2143|19,25,27,28,36|1
2058|2144|19,25,27,33,36|1
2059|2145|19,27,28,29,30|1
2060|2146|19,27,28,30,36|1
2061|2147|19,27,29,30,41|1
2062|2148|19,27,30,33,36|1
2063|2149|19,27,30,33,41|1
2064|2150|19,28,29,30,31|1
2065|2151|19,28,29,30,40|1
2066|2152|19,28,29,31,40|1
2067|2153|19,28,30,31,40|1
2068|2154|19,29,30,31,40|1
2069|2155|19,29,30,31,41|1
2070|2156|19,29,30,40,41|1
2071|2157|19,29,31,40,41|1
2072|2158|19,30,31,33,41|1
2073|2159|19,30,31,40,41|1
2074|2160|20,21,22,23,31|1
2075|2161|20,21,22,23,32|1
2076|2162|20,21,22,30,31|1
2077|2163|20,21,22,30,32|1
2078|2164|20,21,22,31,32|1
2079|2165|20,21,23,29,31|1
2080|2166|20,21,23,29,32|1
2081|2167|20,21,23,31,32|1
2082|2168|20,21,29,30,31|1
2083|2169|20,21,29,30,32|1
2084|2170|20,21,29,31,32|1
2085|2171|20,21,30,31,32|1
2086|2172|20,21,30,31,42|1
2087|2173|20,21,30,32,42|1
2088|2174|20,21,31,32,42|1
2089|2175|20,22,23,31,32|1
2090|2176|20,22,23,31,34|1
2091|2177|20,22,23,32,34|1
2092|2178|20,22,28,30,31|1
2093|2179|20,22,28,31,34|1
2094|2180|20,22,30,31,32|1
2095|2181|20,22,31,32,34|1
2096|2182|20,23,26,29,32|1
2097|2183|20,23,26,29,37|1
2098|2184|20,23,26,32,34|1
2099|2185|20,23,26,34,37|1
2100|2186|20,23,29,31,32|1
2101|2187|20,23,29,31,37|1
2102|2188|20,23,31,32,34|1
2103|2189|20,23,31,34,37|1
2104|2190|20,26,28,29,37|1
2105|2191|20,26,28,34,37|1
2106|2192|20,28,29,30,31|1
2107|2193|20,28,29,31,37|1
2108|2194|20,28,30,31,42|1
2109|2195|20,28,31,34,37|1
2110|2196|20,28,31,34,42|1
2111|2197|20,29,30,31,32|1
2112|2198|20,29,30,31,41|1
2113|2199|20,29,30,32,41|1
2114|2200|20,29,31,32,41|1
2115|2201|20,30,31,32,41|1
2116|2202|20,30,31,32,42|1
2117|2203|20,30,31,41,42|1
2118|2204|20,30,32,41,42|1
2119|2205|20,31,32,34,42|1
2120|2206|20,31,32,41,42|1
2121|2207|21,22,23,24,32|1
2122|2208|21,22,23,24,33|1
2123|2209|21,22,23,31,32|1
2124|2210|21,22,23,31,33|1
2125|2211|21,22,23,32,33|1
2126|2212|21,22,24,30,32|1
2127|2213|21,22,24,30,33|1
2128|2214|21,22,24,32,33|1
2129|2215|21,22,30,31,32|1
2130|2216|21,22,30,31,33|1
2131|2217|21,22,30,32,33|1
2132|2218|21,22,31,32,33|1
2133|2219|21,23,24,32,33|1
2134|2220|21,23,24,32,35|1
2135|2221|21,23,24,33,35|1
2136|2222|21,23,29,31,32|1
2137|2223|21,23,29,32,35|1
2138|2224|21,23,31,32,33|1
2139|2225|21,23,32,33,35|1
2140|2226|21,24,27,30,33|1
2141|2227|21,24,27,30,38|1
2142|2228|21,24,27,33,35|1
2143|2229|21,24,27,35,38|1
2144|2230|21,24,30,32,33|1
2145|2231|21,24,30,32,38|1
2146|2232|21,24,32,33,35|1
2147|2233|21,24,32,35,38|1
2148|2234|21,27,29,30,38|1
2149|2235|21,27,29,35,38|1
2150|2236|21,29,30,31,32|1
2151|2237|21,29,30,32,38|1
2152|2238|21,29,32,35,38|1
2153|2239|21,30,31,32,33|1
2154|2240|21,30,31,32,42|1
2155|2241|21,30,31,33,42|1
2156|2242|21,30,32,33,42|1
2157|2243|21,31,32,33,42|1
2158|2244|22,23,24,25,33|1
2159|2245|22,23,24,25,34|1
2160|2246|22,23,24,32,33|1
2161|2247|22,23,24,32,34|1
2162|2248|22,23,24,33,34|1
2163|2249|22,23,25,31,33|1
2164|2250|22,23,25,31,34|1
2165|2251|22,23,25,33,34|1
2166|2252|22,23,31,32,33|1
2167|2253|22,23,31,32,34|1
2168|2254|22,23,31,33,34|1
2169|2255|22,23,32,33,34|1
2170|2256|22,24,25,33,34|1
2171|2257|22,24,25,33,36|1
2172|2258|22,24,25,34,36|1
2173|2259|22,24,30,32,33|1
2174|2260|22,24,30,33,36|1
2175|2261|22,24,32,33,34|1
2176|2262|22,24,33,34,36|1
2177|2263|22,25,28,31,34|1
2178|2264|22,25,28,31,39|1
2179|2265|22,25,28,34,36|1
2180|2266|22,25,28,36,39|1
2181|2267|22,25,31,33,34|1
2182|2268|22,25,31,33,39|1
2183|2269|22,25,33,34,36|1
2184|2270|22,25,33,36,39|1
2185|2271|22,28,30,31,39|1
2186|2272|22,28,30,36,39|1
2187|2273|22,30,31,32,33|1
2188|2274|22,30,31,33,39|1
2189|2275|22,30,33,36,39|1
2190|2276|22,31,32,33,34|1
2191|2277|23,24,25,26,34|1
2192|2278|23,24,25,26,35|1
2193|2279|23,24,25,33,34|1
2194|2280|23,24,25,33,35|1
2195|2281|23,24,25,34,35|1
2196|2282|23,24,26,32,34|1
2197|2283|23,24,26,32,35|1
2198|2284|23,24,26,34,35|1
2199|2285|23,24,32,33,34|1
2200|2286|23,24,32,33,35|1
2201|2287|23,24,32,34,35|1
2202|2288|23,24,33,34,35|1
2203|2289|23,25,26,34,35|1
2204|2290|23,25,26,34,37|1
2205|2291|23,25,26,35,37|1
2206|2292|23,25,31,33,34|1
2207|2293|23,25,31,34,37|1
2208|2294|23,25,33,34,35|1
2209|2295|23,25,34,35,37|1
2210|2296|23,26,29,32,35|1
2211|2297|23,26,29,32,40|1
2212|2298|23,26,29,35,37|1
2213|2299|23,26,29,37,40|1
2214|2300|23,26,32,34,35|1
2215|2301|23,26,32,34,40|1
2216|2302|23,26,34,35,37|1
2217|2303|23,26,34,37,40|1
2218|2304|23,29,31,32,40|1
2219|2305|23,29,31,37,40|1
2220|2306|23,31,32,33,34|1
2221|2307|23,31,32,34,40|1
2222|2308|23,31,34,37,40|1
2223|2309|23,32,33,34,35|1
2224|2310|24,25,26,27,35|1
2225|2311|24,25,26,27,36|1
2226|2312|24,25,26,34,35|1
2227|2313|24,25,26,34,36|1
2228|2314|24,25,26,35,36|1
2229|2315|24,25,27,33,35|1
2230|2316|24,25,27,33,36|1
2231|2317|24,25,27,35,36|1
2232|2318|24,25,33,34,35|1
2233|2319|24,25,33,34,36|1
2234|2320|24,25,33,35,36|1
2235|2321|24,25,34,35,36|1
2236|2322|24,26,27,35,36|1
2237|2323|24,26,27,35,38|1
2238|2324|24,26,27,36,38|1
2239|2325|24,26,32,34,35|1
2240|2326|24,26,32,35,38|1
2241|2327|24,26,34,35,36|1
2242|2328|24,26,35,36,38|1
2243|2329|24,27,30,33,36|1
2244|2330|24,27,30,33,41|1
2245|2331|24,27,30,36,38|1
2246|2332|24,27,30,38,41|1
2247|2333|24,27,33,35,36|1
2248|2334|24,27,33,35,41|1
2249|2335|24,27,35,36,38|1
2250|2336|24,27,35,38,41|1
2251|2337|24,30,32,33,41|1
2252|2338|24,30,32,38,41|1
2253|2339|24,32,33,34,35|1
2254|2340|24,32,33,35,41|1
2255|2341|24,32,35,38,41|1
2256|2342|24,33,34,35,36|1
2257|2343|25,26,27,28,36|1
2258|2344|25,26,27,28,37|1
2259|2345|25,26,27,35,36|1
2260|2346|25,26,27,35,37|1
2261|2347|25,26,27,36,37|1
2262|2348|25,26,28,34,36|1
2263|2349|25,26,28,34,37|1
2264|2350|25,26,28,36,37|1
2265|2351|25,26,34,35,36|1
2266|2352|25,26,34,35,37|1
2267|2353|25,26,34,36,37|1
2268|2354|25,26,35,36,37|1
2269|2355|25,27,28,36,37|1
2270|2356|25,27,28,36,39|1
2271|2357|25,27,28,37,39|1
2272|2358|25,27,33,35,36|1
2273|2359|25,27,33,36,39|1
2274|2360|25,27,35,36,37|1
2275|2361|25,27,36,37,39|1
2276|2362|25,28,31,34,37|1
2277|2363|25,28,31,34,42|1
2278|2364|25,28,31,37,39|1
2279|2365|25,28,31,39,42|1
2280|2366|25,28,34,36,37|1
2281|2367|25,28,34,36,42|1
2282|2368|25,28,36,37,39|1
2283|2369|25,28,36,39,42|1
2284|2370|25,31,33,34,42|1
2285|2371|25,31,33,39,42|1
2286|2372|25,33,34,35,36|1
2287|2373|25,33,34,36,42|1
2288|2374|25,33,36,39,42|1
2289|2375|25,34,35,36,37|1
2290|2376|26,27,28,29,37|1
2291|2377|26,27,28,29,38|1
2292|2378|26,27,28,36,37|1
2293|2379|26,27,28,36,38|1
2294|2380|26,27,28,37,38|1
2295|2381|26,27,29,35,37|1
2296|2382|26,27,29,35,38|1
2297|2383|26,27,29,37,38|1
2298|2384|26,27,35,36,37|1
2299|2385|26,27,35,36,38|1
2300|2386|26,27,35,37,38|1
2301|2387|26,27,36,37,38|1
2302|2388|26,28,29,37,38|1
2303|2389|26,28,29,37,40|1
2304|2390|26,28,29,38,40|1
2305|2391|26,28,34,36,37|1
2306|2392|26,28,34,37,40|1
2307|2393|26,28,36,37,38|1
2308|2394|26,28,37,38,40|1
2309|2395|26,29,32,35,38|1
2310|2396|26,29,32,38,40|1
2311|2397|26,29,35,37,38|1
2312|2398|26,29,37,38,40|1
2313|2399|26,34,35,36,37|1
2314|2400|26,35,36,37,38|1
2315|2401|27,28,29,30,38|1
2316|2402|27,28,29,30,39|1
2317|2403|27,28,29,37,38|1
2318|2404|27,28,29,37,39|1
2319|2405|27,28,29,38,39|1
2320|2406|27,28,30,36,38|1
2321|2407|27,28,30,36,39|1
2322|2408|27,28,30,38,39|1
2323|2409|27,28,36,37,38|1
2324|2410|27,28,36,37,39|1
2325|2411|27,28,36,38,39|1
2326|2412|27,28,37,38,39|1
2327|2413|27,29,30,38,39|1
2328|2414|27,29,30,38,41|1
2329|2415|27,29,30,39,41|1
2330|2416|27,29,35,37,38|1
2331|2417|27,29,35,38,41|1
2332|2418|27,29,37,38,39|1
2333|2419|27,29,38,39,41|1
2334|2420|27,30,33,36,39|1
2335|2421|27,30,33,39,41|1
2336|2422|27,30,36,38,39|1
2337|2423|27,30,38,39,41|1
2338|2424|27,35,36,37,38|1
2339|2425|27,36,37,38,39|1
2340|2426|28,29,30,31,39|1
2341|2427|28,29,30,31,40|1
2342|2428|28,29,30,38,39|1
2343|2429|28,29,30,38,40|1
2344|2430|28,29,30,39,40|1
2345|2431|28,29,31,37,39|1
2346|2432|28,29,31,37,40|1
2347|2433|28,29,31,39,40|1
2348|2434|28,29,37,38,39|1
2349|2435|28,29,37,38,40|1
2350|2436|28,29,37,39,40|1
2351|2437|28,29,38,39,40|1
2352|2438|28,30,31,39,40|1
2353|2439|28,30,31,39,42|1
2354|2440|28,30,31,40,42|1
2355|2441|28,30,36,38,39|1
2356|2442|28,30,36,39,42|1
2357|2443|28,30,38,39,40|1
2358|2444|28,30,39,40,42|1
2359|2445|28,31,34,37,40|1
2360|2446|28,31,34,40,42|1
2361|2447|28,31,37,39,40|1
2362|2448|28,31,39,40,42|1
2363|2449|28,36,37,38,39|1
2364|2450|28,37,38,39,40|1
2365|2451|29,30,31,32,40|1
2366|2452|29,30,31,32,41|1
2367|2453|29,30,31,39,40|1
2368|2454|29,30,31,39,41|1
2369|2455|29,30,31,40,41|1
2370|2456|29,30,32,38,40|1
2371|2457|29,30,32,38,41|1
2372|2458|29,30,32,40,41|1
2373|2459|29,30,38,39,40|1
2374|2460|29,30,38,39,41|1
2375|2461|29,30,38,40,41|1
2376|2462|29,30,39,40,41|1
2377|2463|29,31,32,40,41|1
2378|2464|29,31,37,39,40|1
2379|2465|29,31,39,40,41|1
2380|2466|29,32,35,38,41|1
2381|2467|29,32,38,40,41|1
2382|2468|29,37,38,39,40|1
2383|2469|29,38,39,40,41|1
2384|2470|30,31,32,33,41|1
2385|2471|30,31,32,33,42|1
2386|2472|30,31,32,40,41|1
2387|2473|30,31,32,40,42|1
2388|2474|30,31,32,41,42|1
2389|2475|30,31,33,39,41|1
2390|2476|30,31,33,39,42|1
2391|2477|30,31,33,41,42|1
2392|2478|30,31,39,40,41|1
2393|2479|30,31,39,40,42|1
2394|2480|30,31,39,41,42|1
2395|2481|30,31,40,41,42|1
2396|2482|30,32,33,41,42|1
2397|2483|30,32,38,40,41|1
2398|2484|30,32,40,41,42|1
2399|2485|30,33,36,39,42|1
2400|2486|30,33,39,41,42|1
2401|2487|30,38,39,40,41|1
2402|2488|30,39,40,41,42|1
2403|2489|31,32,33,34,42|1
2404|2490|31,32,33,41,42|1
2405|2491|31,32,34,40,42|1
2406|2492|31,32,40,41,42|1
2407|2493|31,33,39,41,42|1
2408|2494|31,39,40,41,42|1
