0,1,3,9,17|1|-45,-4|0-1=1,0-3=1,0-9=1,0-17=1,1-3=1,1-9=1,3-17=1,9-17=1
0,1,3,17,34|1|-45|0-1=1,0-3=1,0-17=1,0-34=1,1-3=1,1-34=1,3-17=1,3-34=1,17-34=1
0,1,10,27,41|1|-71|0-1=1,0-10=1,0-41=1,1-10=1,1-27=1,1-41=1,10-27=1,10-41=1,27-41=1
0,1,27,35,41|1|-71,-36|0-1=1,0-35=1,0-41=1,1-27=1,1-35=1,1-41=1,27-35=1,27-41=1
0,2,3,12,29|1|-73|0-2=1,0-3=1,0-12=1,0-29=1,2-3=1,2-12=1,3-12=1,3-29=1,12-29=1
0,2,3,29,37|1|-73,-38|0-2=1,0-3=1,0-29=1,2-3=1,2-37=1,3-29=1,3-37=1,29-37=1
0,2,8,10,16|1|-44,-11,-3|0-2=1,0-8=1,0-10=1,2-10=1,2-16=1,8-10=1,8-16=1
0,2,8,10,37|1|-81,-38,-3|0-2=1,0-8=1,0-10=1,2-10=1,2-37=1,8-10=1,8-37=1
0,2,8,14,16|1|-44,-9,-3|0-2=1,0-8=1,0-14=1,2-14=1,2-16=1,8-16=1,14-16=1
0,2,8,14,35|1|-79,-9,-3|0-2=1,0-8=1,0-14=1,0-35=1,2-14=1,2-35=1,14-35=1
0,2,8,16,37|1|-44,-38,-3|0-2=1,0-8=1,2-16=1,2-37=1,8-16=1,8-37=1,16-37=1
0,2,8,16,42|1|-44,-3|0-2=1,0-8=1,0-42=1,2-16=1,2-42=1,8-16=1,8-42=1,16-42=1
0,2,8,29,35|1|-79,-73,-30,-3|0-2=1,0-8=1,0-29=1,0-35=1,2-35=1,8-29=1
0,2,8,29,37|1|-73,-38,-3|0-2=1,0-8=1,0-29=1,2-37=1,8-29=1,8-37=1,29-37=1
0,2,8,35,37|1|-79,-38,-3|0-2=1,0-8=1,0-35=1,2-35=1,2-37=1,8-37=1,35-37=1
0,2,10,16,37|1|-81,-44,-38,-11|0-2=1,0-10=1,2-10=1,2-16=1,2-37=1,16-37=1
0,2,10,31,37|1|-81,-38,-32|0-2=1,0-10=1,0-31=1,2-10=1,2-31=1,2-37=1,10-31=1
0,2,16,33,42|1|-44|0-2=1,0-33=1,0-42=1,2-16=1,2-33=1,2-42=1,16-33=1,16-42=1,33-42=1
0,2,29,31,37|1|-73,-38,-32|0-2=1,0-29=1,0-31=1,2-31=1,2-37=1,29-31=1,29-37=1
0,2,29,35,37|1|-73,-38,-30|0-2=1,0-29=1,0-35=1,2-35=1,2-37=1,29-37=1,35-37=1
0,3,6,9,12|1|-7,-4,-1|0-3=1,0-9=1,0-12=1,3-6=1,3-12=1,6-9=1,9-12=1
0,3,6,9,40|1|-41,-4,-1|0-3=1,0-9=1,0-40=1,3-6=1,6-9=1,6-40=1,9-40=1
0,3,6,37,40|1|-41,-38,-1|0-3=1,0-40=1,3-6=1,3-37=1,6-37=1,6-40=1,37-40=1
0,3,34,37,40|1|-41,-38,-35|0-3=1,0-34=1,0-40=1,3-34=1,3-37=1,34-37=1,37-40=1
0,5,11,18,24|0|6,19|0-5=0,0-11=0,0-18=0,0-24=0,5-18=0,5-24=0,11-18=0,11-24=0
0,5,11,24,30|0|6,25|0-5=0,0-11=0,0-24=0,0-30=0,5-24=0,5-30=0,11-24=0,11-30=0
0,5,18,24,37|0|19,38|0-5=0,0-18=0,0-24=0,5-18=0,5-24=0,5-37=0,18-37=0,24-37=0
0,5,24,30,37|0|25,38|0-5=0,0-24=0,0-30=0,5-24=0,5-30=0,5-37=0,24-37=0,30-37=0
0,6,8,9,35|1|-79,-1|0-8=1,0-9=1,0-35=1,6-8=1,6-9=1,6-35=1,8-9=1,9-35=1
0,6,8,14,16|1|-44,-9,-1|0-8=1,0-14=1,6-8=1,6-14=1,6-16=1,8-16=1,14-16=1
0,6,8,14,22|1|-50,-9,-1|0-8=1,0-14=1,0-22=1,6-8=1,6-14=1,8-22=1,14-22=1
0,6,8,14,35|1|-79,-9,-1|0-8=1,0-14=1,0-35=1,6-8=1,6-14=1,6-35=1,14-35=1
0,6,8,14,41|1|-85,-9,-1|0-8=1,0-14=1,0-41=1,6-8=1,6-14=1,6-41=1,8-41=1
0,6,8,16,22|1|-50,-44,-17,-1|0-8=1,0-22=1,6-8=1,6-16=1,8-16=1,8-22=1
0,6,8,16,37|1|-44,-38,-1|0-8=1,6-8=1,6-16=1,6-37=1,8-16=1,8-37=1,16-37=1
0,6,8,35,37|1|-79,-38,-1|0-8=1,0-35=1,6-8=1,6-35=1,6-37=1,8-37=1,35-37=1
0,6,8,35,41|1|-79,-36,-1|0-8=1,0-35=1,0-41=1,6-8=1,6-35=1,6-41=1,8-41=1
0,6,11,24,30|0|1,25|0-11=0,0-24=0,0-30=0,6-11=0,6-24=0,6-30=0,11-24=0,11-30=0
0,6,11,30,36|0|1,31|0-11=0,0-30=0,0-36=0,6-11=0,6-30=0,6-36=0,11-30=0,11-36=0
0,6,12,14,22|1|-50,-7,-1|0-12=1,0-14=1,0-22=1,6-14=1,12-14=1,12-22=1,14-22=1
0,6,12,14,41|1|-85,-7,-1|0-12=1,0-14=1,0-41=1,6-14=1,6-41=1,12-14=1,12-41=1
0,6,12,33,41|1|-77,-7,-1|0-12=1,0-33=1,0-41=1,6-41=1,12-33=1,12-41=1,33-41=1
0,6,13,19,24|0|1,14|0-13=0,0-19=0,0-24=0,6-13=0,6-19=0,6-24=0,13-24=0,19-24=0
0,6,13,19,38|0|1,14|0-13=0,0-19=0,0-38=0,6-13=0,6-19=0,6-38=0,13-38=0,19-38=0
0,6,14,16,22|1|-50,-44,-17,-1|0-14=1,0-22=1,6-14=1,6-16=1,14-16=1,14-22=1
0,6,14,35,41|1|-85,-36,-1|0-14=1,0-35=1,0-41=1,6-14=1,6-35=1,6-41=1,14-35=1
0,6,14,40,41|1|-85,-1|0-14=1,0-40=1,0-41=1,6-14=1,6-40=1,6-41=1,14-40=1,40-41=1
0,6,19,24,30|0|1,25|0-19=0,0-24=0,0-30=0,6-19=0,6-24=0,6-30=0,19-24=0,19-30=0
0,6,19,25,30|0|1,20|0-19=0,0-25=0,0-30=0,6-19=0,6-25=0,6-30=0,19-30=0,25-30=0
0,6,19,25,38|0|1,20|0-19=0,0-25=0,0-38=0,6-19=0,6-25=0,6-38=0,19-38=0,25-38=0
0,6,25,30,36|0|1,31|0-25=0,0-30=0,0-36=0,6-25=0,6-30=0,6-36=0,25-30=0,25-36=0
0,6,27,33,35|1|-77,-71,-28,-1|0-33=1,0-35=1,6-27=1,6-35=1,27-35=1,33-35=1
0,6,27,33,41|1|-77,-71,-28,-1|0-33=1,0-41=1,6-27=1,6-41=1,27-41=1,33-41=1
0,6,27,35,37|1|-71,-38,-1|0-35=1,6-27=1,6-35=1,6-37=1,27-35=1,27-37=1,35-37=1
0,6,27,35,41|1|-71,-36,-1|0-35=1,0-41=1,6-27=1,6-35=1,6-41=1,27-35=1,27-41=1
0,6,33,35,41|1|-77,-36,-1|0-33=1,0-35=1,0-41=1,6-35=1,6-41=1,33-35=1,33-41=1
0,7,13,18,37|0|8,38|0-7=0,0-13=0,0-18=0,7-18=0,7-37=0,13-18=0,13-37=0,18-37=0
0,7,13,32,37|0|8,38|0-7=0,0-13=0,0-32=0,7-32=0,7-37=0,13-32=0,13-37=0,32-37=0
0,8,10,16,22|1|-44,-17,-11|0-8=1,0-10=1,0-22=1,8-10=1,8-16=1,8-22=1,10-22=1
0,8,10,16,37|1|-81,-44,-38,-11|0-8=1,0-10=1,8-10=1,8-16=1,8-37=1,16-37=1
0,8,14,16,17|1|-44,-9|0-8=1,0-14=1,0-17=1,8-16=1,8-17=1,14-16=1,14-17=1,16-17=1
0,8,14,16,22|1|-44,-17,-9|0-8=1,0-14=1,0-22=1,8-16=1,8-22=1,14-16=1,14-22=1
0,8,14,35,41|1|-85,-79,-36,-9|0-8=1,0-14=1,0-35=1,0-41=1,8-41=1,14-35=1
0,8,29,35,37|1|-79,-38,-30|0-8=1,0-29=1,0-35=1,8-29=1,8-37=1,29-37=1,35-37=1
0,8,29,35,41|1|-79,-36,-30|0-8=1,0-29=1,0-35=1,0-41=1,8-29=1,8-41=1,29-41=1
0,8,34,35,37|1|-79,-38|0-8=1,0-34=1,0-35=1,8-34=1,8-37=1,34-35=1,34-37=1,35-37=1
0,9,10,12,26|1|-54|0-9=1,0-10=1,0-12=1,0-26=1,9-10=1,9-12=1,9-26=1,10-12=1,12-26=1
0,9,26,40,42|1|-70|0-9=1,0-26=1,0-40=1,0-42=1,9-26=1,9-40=1,9-42=1,26-40=1,40-42=1
0,13,18,24,37|0|19,38|0-13=0,0-18=0,0-24=0,13-18=0,13-24=0,13-37=0,18-37=0,24-37=0
0,13,19,24,37|0|14,38|0-13=0,0-19=0,0-24=0,13-24=0,13-37=0,19-24=0,19-37=0,24-37=0
0,13,19,32,37|0|14,38|0-13=0,0-19=0,0-32=0,13-32=0,13-37=0,19-32=0,19-37=0,32-37=0
0,13,19,32,38|0|14,33|0-13=0,0-19=0,0-32=0,0-38=0,13-32=0,13-38=0,19-32=0,19-38=0
0,14,16,17,26|1|-44|0-14=1,0-17=1,0-26=1,14-16=1,14-17=1,14-26=1,16-17=1,16-26=1,17-26=1
0,14,31,40,41|1|-85|0-14=1,0-31=1,0-40=1,0-41=1,14-31=1,14-40=1,31-40=1,31-41=1,40-41=1
0,17,26,27,29|1|-71|0-17=1,0-26=1,0-29=1,17-26=1,17-27=1,17-29=1,26-27=1,26-29=1,27-29=1
0,17,31,33,34|1|-61|0-17=1,0-31=1,0-33=1,0-34=1,17-31=1,17-34=1,31-33=1,31-34=1,33-34=1
0,19,24,30,37|0|25,38|0-19=0,0-24=0,0-30=0,19-24=0,19-30=0,19-37=0,24-37=0,30-37=0
0,19,25,32,38|0|20,33|0-19=0,0-25=0,0-32=0,0-38=0,19-32=0,19-38=0,25-32=0,25-38=0
0,21,27,29,35|1|-71,-30,-22|0-21=1,0-29=1,0-35=1,21-29=1,21-35=1,27-29=1,27-35=1
0,21,27,29,37|1|-71,-65,-38,-22|0-21=1,0-29=1,21-29=1,27-29=1,27-37=1,29-37=1
0,21,27,33,35|1|-71,-28,-22|0-21=1,0-33=1,0-35=1,21-33=1,21-35=1,27-35=1,33-35=1
0,21,27,35,37|1|-71,-65,-38,-22|0-21=1,0-35=1,21-35=1,27-35=1,27-37=1,35-37=1
0,21,29,31,37|1|-65,-38,-32|0-21=1,0-29=1,0-31=1,21-29=1,21-31=1,29-31=1,29-37=1
0,21,29,35,37|1|-65,-38,-30|0-21=1,0-29=1,0-35=1,21-29=1,21-35=1,29-37=1,35-37=1
0,26,27,29,35|1|-71,-30|0-26=1,0-29=1,0-35=1,26-27=1,26-29=1,26-35=1,27-29=1,27-35=1
0,26,34,40,42|1|-70,-35|0-26=1,0-34=1,0-40=1,0-42=1,26-34=1,26-40=1,34-42=1,40-42=1
0,27,29,35,37|1|-71,-38,-30|0-29=1,0-35=1,27-29=1,27-35=1,27-37=1,29-37=1,35-37=1
0,27,29,35,41|1|-71,-36,-30|0-29=1,0-35=1,0-41=1,27-29=1,27-35=1,27-41=1,29-41=1
0,27,33,35,41|1|-71,-36,-28|0-33=1,0-35=1,0-41=1,27-35=1,27-41=1,33-35=1,33-41=1
0,31,34,37,40|1|-38,-35,-32|0-31=1,0-34=1,0-40=1,31-34=1,31-40=1,34-37=1,37-40=1
1,2,4,10,18|1|-46,-5|1-2=1,1-4=1,1-10=1,1-18=1,2-4=1,2-10=1,4-18=1,10-18=1
1,2,4,18,35|1|-46|1-2=1,1-4=1,1-18=1,1-35=1,2-4=1,2-35=1,4-18=1,4-35=1,18-35=1
1,2,11,28,42|1|-72|1-2=1,1-11=1,1-42=1,2-11=1,2-28=1,2-42=1,11-28=1,11-42=1,28-42=1
1,2,28,36,42|1|-72,-37|1-2=1,1-36=1,1-42=1,2-28=1,2-36=1,2-42=1,28-36=1,28-42=1
1,3,4,13,30|1|-74|1-3=1,1-4=1,1-13=1,1-30=1,3-4=1,3-13=1,4-13=1,4-30=1,13-30=1
1,3,4,30,38|1|-74,-39|1-3=1,1-4=1,1-30=1,3-4=1,3-38=1,4-30=1,4-38=1,30-38=1
1,3,9,11,17|1|-45,-12,-4|1-3=1,1-9=1,1-11=1,3-11=1,3-17=1,9-11=1,9-17=1
1,3,9,11,38|1|-82,-39,-4|1-3=1,1-9=1,1-11=1,3-11=1,3-38=1,9-11=1,9-38=1
1,3,9,15,17|1|-45,-10,-4|1-3=1,1-9=1,1-15=1,3-15=1,3-17=1,9-17=1,15-17=1
1,3,9,15,36|1|-80,-10,-4|1-3=1,1-9=1,1-15=1,1-36=1,3-15=1,3-36=1,15-36=1
1,3,9,17,38|1|-45,-39,-4|1-3=1,1-9=1,3-17=1,3-38=1,9-17=1,9-38=1,17-38=1
1,3,9,30,36|1|-80,-74,-31,-4|1-3=1,1-9=1,1-30=1,1-36=1,3-36=1,9-30=1
1,3,9,30,38|1|-74,-39,-4|1-3=1,1-9=1,1-30=1,3-38=1,9-30=1,9-38=1,30-38=1
1,3,9,36,38|1|-80,-39,-4|1-3=1,1-9=1,1-36=1,3-36=1,3-38=1,9-38=1,36-38=1
1,3,11,17,38|1|-82,-45,-39,-12|1-3=1,1-11=1,3-11=1,3-17=1,3-38=1,17-38=1
1,3,11,32,38|1|-82,-39,-33|1-3=1,1-11=1,1-32=1,3-11=1,3-32=1,3-38=1,11-32=1
1,3,30,32,38|1|-74,-39,-33|1-3=1,1-30=1,1-32=1,3-32=1,3-38=1,30-32=1,30-38=1
1,3,30,36,38|1|-74,-39,-31|1-3=1,1-30=1,1-36=1,3-36=1,3-38=1,30-38=1,36-38=1
1,4,7,10,13|1|-8,-5,-2|1-4=1,1-10=1,1-13=1,4-7=1,4-13=1,7-10=1,10-13=1
1,4,7,10,41|1|-42,-5,-2|1-4=1,1-10=1,1-41=1,4-7=1,7-10=1,7-41=1,10-41=1
1,4,7,38,41|1|-42,-39,-2|1-4=1,1-41=1,4-7=1,4-38=1,7-38=1,7-41=1,38-41=1
1,4,35,38,41|1|-42,-39,-36|1-4=1,1-35=1,1-41=1,4-35=1,4-38=1,35-38=1,38-41=1
1,6,12,19,25|0|7,20|1-6=0,1-12=0,1-19=0,1-25=0,6-19=0,6-25=0,12-19=0,12-25=0
1,6,12,25,31|0|7,26|1-6=0,1-12=0,1-25=0,1-31=0,6-25=0,6-31=0,12-25=0,12-31=0
1,6,19,25,38|0|20,39|1-6=0,1-19=0,1-25=0,6-19=0,6-25=0,6-38=0,19-38=0,25-38=0
1,6,25,31,38|0|26,39|1-6=0,1-25=0,1-31=0,6-25=0,6-31=0,6-38=0,25-38=0,31-38=0
1,7,9,10,36|1|-80,-2|1-9=1,1-10=1,1-36=1,7-9=1,7-10=1,7-36=1,9-10=1,10-36=1
1,7,9,15,17|1|-45,-10,-2|1-9=1,1-15=1,7-9=1,7-15=1,7-17=1,9-17=1,15-17=1
1,7,9,15,23|1|-51,-10,-2|1-9=1,1-15=1,1-23=1,7-9=1,7-15=1,9-23=1,15-23=1
1,7,9,15,36|1|-80,-10,-2|1-9=1,1-15=1,1-36=1,7-9=1,7-15=1,7-36=1,15-36=1
1,7,9,15,42|1|-86,-10,-2|1-9=1,1-15=1,1-42=1,7-9=1,7-15=1,7-42=1,9-42=1
1,7,9,17,23|1|-51,-45,-18,-2|1-9=1,1-23=1,7-9=1,7-17=1,9-17=1,9-23=1
1,7,9,17,38|1|-45,-39,-2|1-9=1,7-9=1,7-17=1,7-38=1,9-17=1,9-38=1,17-38=1
1,7,9,36,38|1|-80,-39,-2|1-9=1,1-36=1,7-9=1,7-36=1,7-38=1,9-38=1,36-38=1
1,7,9,36,42|1|-80,-37,-2|1-9=1,1-36=1,1-42=1,7-9=1,7-36=1,7-42=1,9-42=1
1,7,12,25,31|0|2,26|1-12=0,1-25=0,1-31=0,7-12=0,7-25=0,7-31=0,12-25=0,12-31=0
1,7,12,31,37|0|2,32|1-12=0,1-31=0,1-37=0,7-12=0,7-31=0,7-37=0,12-31=0,12-37=0
1,7,13,15,23|1|-51,-8,-2|1-13=1,1-15=1,1-23=1,7-15=1,13-15=1,13-23=1,15-23=1
1,7,13,15,42|1|-86,-8,-2|1-13=1,1-15=1,1-42=1,7-15=1,7-42=1,13-15=1,13-42=1
1,7,13,34,42|1|-78,-8,-2|1-13=1,1-34=1,1-42=1,7-42=1,13-34=1,13-42=1,34-42=1
1,7,14,20,25|0|2,15|1-14=0,1-20=0,1-25=0,7-14=0,7-20=0,7-25=0,14-25=0,20-25=0
1,7,14,20,39|0|2,15|1-14=0,1-20=0,1-39=0,7-14=0,7-20=0,7-39=0,14-39=0,20-39=0
1,7,15,17,23|1|-51,-45,-18,-2|1-15=1,1-23=1,7-15=1,7-17=1,15-17=1,15-23=1
1,7,15,36,42|1|-86,-37,-2|1-15=1,1-36=1,1-42=1,7-15=1,7-36=1,7-42=1,15-36=1
1,7,15,41,42|1|-86,-2|1-15=1,1-41=1,1-42=1,7-15=1,7-41=1,7-42=1,15-41=1,41-42=1
1,7,20,25,31|0|2,26|1-20=0,1-25=0,1-31=0,7-20=0,7-25=0,7-31=0,20-25=0,20-31=0
1,7,20,26,31|0|2,21|1-20=0,1-26=0,1-31=0,7-20=0,7-26=0,7-31=0,20-31=0,26-31=0
1,7,20,26,39|0|2,21|1-20=0,1-26=0,1-39=0,7-20=0,7-26=0,7-39=0,20-39=0,26-39=0
1,7,26,31,37|0|2,32|1-26=0,1-31=0,1-37=0,7-26=0,7-31=0,7-37=0,26-31=0,26-37=0
1,7,28,34,36|1|-78,-72,-29,-2|1-34=1,1-36=1,7-28=1,7-36=1,28-36=1,34-36=1
1,7,28,34,42|1|-78,-72,-29,-2|1-34=1,1-42=1,7-28=1,7-42=1,28-42=1,34-42=1
1,7,28,36,38|1|-72,-39,-2|1-36=1,7-28=1,7-36=1,7-38=1,28-36=1,28-38=1,36-38=1
1,7,28,36,42|1|-72,-37,-2|1-36=1,1-42=1,7-28=1,7-36=1,7-42=1,28-36=1,28-42=1
1,7,34,36,42|1|-78,-37,-2|1-34=1,1-36=1,1-42=1,7-36=1,7-42=1,34-36=1,34-42=1
1,8,14,19,38|0|9,39|1-8=0,1-14=0,1-19=0,8-19=0,8-38=0,14-19=0,14-38=0,19-38=0
1,8,14,33,38|0|9,39|1-8=0,1-14=0,1-33=0,8-33=0,8-38=0,14-33=0,14-38=0,33-38=0
1,9,11,17,23|1|-45,-18,-12|1-9=1,1-11=1,1-23=1,9-11=1,9-17=1,9-23=1,11-23=1
1,9,11,17,38|1|-82,-45,-39,-12|1-9=1,1-11=1,9-11=1,9-17=1,9-38=1,17-38=1
1,9,15,17,18|1|-45,-10|1-9=1,1-15=1,1-18=1,9-17=1,9-18=1,15-17=1,15-18=1,17-18=1
1,9,15,17,23|1|-45,-18,-10|1-9=1,1-15=1,1-23=1,9-17=1,9-23=1,15-17=1,15-23=1
1,9,15,36,42|1|-86,-80,-37,-10|1-9=1,1-15=1,1-36=1,1-42=1,9-42=1,15-36=1
1,9,30,36,38|1|-80,-39,-31|1-9=1,1-30=1,1-36=1,9-30=1,9-38=1,30-38=1,36-38=1
1,9,30,36,42|1|-80,-37,-31|1-9=1,1-30=1,1-36=1,1-42=1,9-30=1,9-42=1,30-42=1
1,9,35,36,38|1|-80,-39|1-9=1,1-35=1,1-36=1,9-35=1,9-38=1,35-36=1,35-38=1,36-38=1
1,10,11,13,27|1|-55|1-10=1,1-11=1,1-13=1,1-27=1,10-11=1,10-13=1,10-27=1,11-13=1,13-27=1
1,14,19,25,38|0|20,39|1-14=0,1-19=0,1-25=0,14-19=0,14-25=0,14-38=0,19-38=0,25-38=0
1,14,20,25,38|0|15,39|1-14=0,1-20=0,1-25=0,14-25=0,14-38=0,20-25=0,20-38=0,25-38=0
1,14,20,33,38|0|15,39|1-14=0,1-20=0,1-33=0,14-33=0,14-38=0,20-33=0,20-38=0,33-38=0
1,14,20,33,39|0|15,34|1-14=0,1-20=0,1-33=0,1-39=0,14-33=0,14-39=0,20-33=0,20-39=0
1,15,17,18,27|1|-45|1-15=1,1-18=1,1-27=1,15-17=1,15-18=1,15-27=1,17-18=1,17-27=1,18-27=1
1,15,32,41,42|1|-86|1-15=1,1-32=1,1-41=1,1-42=1,15-32=1,15-41=1,32-41=1,32-42=1,41-42=1
1,18,27,28,30|1|-72|1-18=1,1-27=1,1-30=1,18-27=1,18-28=1,18-30=1,27-28=1,27-30=1,28-30=1
1,18,32,34,35|1|-62|1-18=1,1-32=1,1-34=1,1-35=1,18-32=1,18-35=1,32-34=1,32-35=1,34-35=1
1,20,25,31,38|0|26,39|1-20=0,1-25=0,1-31=0,20-25=0,20-31=0,20-38=0,25-38=0,31-38=0
1,20,26,33,39|0|21,34|1-20=0,1-26=0,1-33=0,1-39=0,20-33=0,20-39=0,26-33=0,26-39=0
1,22,28,30,36|1|-72,-31,-23|1-22=1,1-30=1,1-36=1,22-30=1,22-36=1,28-30=1,28-36=1
1,22,28,30,38|1|-72,-66,-39,-23|1-22=1,1-30=1,22-30=1,28-30=1,28-38=1,30-38=1
1,22,28,34,36|1|-72,-29,-23|1-22=1,1-34=1,1-36=1,22-34=1,22-36=1,28-36=1,34-36=1
1,22,28,36,38|1|-72,-66,-39,-23|1-22=1,1-36=1,22-36=1,28-36=1,28-38=1,36-38=1
1,22,30,32,38|1|-66,-39,-33|1-22=1,1-30=1,1-32=1,22-30=1,22-32=1,30-32=1,30-38=1
1,22,30,36,38|1|-66,-39,-31|1-22=1,1-30=1,1-36=1,22-30=1,22-36=1,30-38=1,36-38=1
1,27,28,30,36|1|-72,-31|1-27=1,1-30=1,1-36=1,27-28=1,27-30=1,27-36=1,28-30=1,28-36=1
1,28,30,36,38|1|-72,-39,-31|1-30=1,1-36=1,28-30=1,28-36=1,28-38=1,30-38=1,36-38=1
1,28,30,36,42|1|-72,-37,-31|1-30=1,1-36=1,1-42=1,28-30=1,28-36=1,28-42=1,30-42=1
1,28,34,36,42|1|-72,-37,-29|1-34=1,1-36=1,1-42=1,28-36=1,28-42=1,34-36=1,34-42=1
1,32,35,38,41|1|-39,-36,-33|1-32=1,1-35=1,1-41=1,32-35=1,32-41=1,35-38=1,38-41=1
2,3,5,11,19|1|-47,-6|2-3=1,2-5=1,2-11=1,2-19=1,3-5=1,3-11=1,5-19=1,11-19=1
2,3,5,19,36|1|-47|2-3=1,2-5=1,2-19=1,2-36=1,3-5=1,3-36=1,5-19=1,5-36=1,19-36=1
2,4,5,14,31|1|-75|2-4=1,2-5=1,2-14=1,2-31=1,4-5=1,4-14=1,5-14=1,5-31=1,14-31=1
2,4,5,31,39|1|-75,-40|2-4=1,2-5=1,2-31=1,4-5=1,4-39=1,5-31=1,5-39=1,31-39=1
2,4,10,12,18|1|-46,-13,-5|2-4=1,2-10=1,2-12=1,4-12=1,4-18=1,10-12=1,10-18=1
2,4,10,12,39|1|-83,-40,-5|2-4=1,2-10=1,2-12=1,4-12=1,4-39=1,10-12=1,10-39=1
2,4,10,16,18|1|-46,-11,-5|2-4=1,2-10=1,2-16=1,4-16=1,4-18=1,10-18=1,16-18=1
2,4,10,16,37|1|-81,-11,-5|2-4=1,2-10=1,2-16=1,2-37=1,4-16=1,4-37=1,16-37=1
2,4,10,18,39|1|-46,-40,-5|2-4=1,2-10=1,4-18=1,4-39=1,10-18=1,10-39=1,18-39=1
2,4,10,31,37|1|-81,-75,-32,-5|2-4=1,2-10=1,2-31=1,2-37=1,4-37=1,10-31=1
2,4,10,31,39|1|-75,-40,-5|2-4=1,2-10=1,2-31=1,4-39=1,10-31=1,10-39=1,31-39=1
2,4,10,37,39|1|-81,-40,-5|2-4=1,2-10=1,2-37=1,4-37=1,4-39=1,10-39=1,37-39=1
2,4,12,18,39|1|-83,-46,-40,-13|2-4=1,2-12=1,4-12=1,4-18=1,4-39=1,18-39=1
2,4,12,33,39|1|-83,-40,-34|2-4=1,2-12=1,2-33=1,4-12=1,4-33=1,4-39=1,12-33=1
2,4,31,33,39|1|-75,-40,-34|2-4=1,2-31=1,2-33=1,4-33=1,4-39=1,31-33=1,31-39=1
2,4,31,37,39|1|-75,-40,-32|2-4=1,2-31=1,2-37=1,4-37=1,4-39=1,31-39=1,37-39=1
2,5,8,11,14|1|-9,-6,-3|2-5=1,2-11=1,2-14=1,5-8=1,5-14=1,8-11=1,11-14=1
2,5,8,11,42|1|-43,-6,-3|2-5=1,2-11=1,2-42=1,5-8=1,8-11=1,8-42=1,11-42=1
2,5,8,39,42|1|-43,-40,-3|2-5=1,2-42=1,5-8=1,5-39=1,8-39=1,8-42=1,39-42=1
2,5,36,39,42|1|-43,-40,-37|2-5=1,2-36=1,2-42=1,5-36=1,5-39=1,36-39=1,39-42=1
2,7,13,20,26|0|8,21|2-7=0,2-13=0,2-20=0,2-26=0,7-20=0,7-26=0,13-20=0,13-26=0
2,7,13,26,32|0|8,27|2-7=0,2-13=0,2-26=0,2-32=0,7-26=0,7-32=0,13-26=0,13-32=0
2,7,20,26,39|0|21,40|2-7=0,2-20=0,2-26=0,7-20=0,7-26=0,7-39=0,20-39=0,26-39=0
2,7,26,32,39|0|27,40|2-7=0,2-26=0,2-32=0,7-26=0,7-32=0,7-39=0,26-39=0,32-39=0
2,8,10,11,37|1|-81,-3|2-10=1,2-11=1,2-37=1,8-10=1,8-11=1,8-37=1,10-11=1,11-37=1
2,8,10,16,18|1|-46,-11,-3|2-10=1,2-16=1,8-10=1,8-16=1,8-18=1,10-18=1,16-18=1
2,8,10,16,24|1|-52,-11,-3|2-10=1,2-16=1,2-24=1,8-10=1,8-16=1,10-24=1,16-24=1
2,8,10,16,37|1|-81,-11,-3|2-10=1,2-16=1,2-37=1,8-10=1,8-16=1,8-37=1,16-37=1
2,8,10,18,24|1|-52,-46,-19,-3|2-10=1,2-24=1,8-10=1,8-18=1,10-18=1,10-24=1
2,8,10,18,39|1|-46,-40,-3|2-10=1,8-10=1,8-18=1,8-39=1,10-18=1,10-39=1,18-39=1
2,8,10,37,39|1|-81,-40,-3|2-10=1,2-37=1,8-10=1,8-37=1,8-39=1,10-39=1,37-39=1
2,8,13,26,32|0|3,27|2-13=0,2-26=0,2-32=0,8-13=0,8-26=0,8-32=0,13-26=0,13-32=0
2,8,13,32,38|0|3,33|2-13=0,2-32=0,2-38=0,8-13=0,8-32=0,8-38=0,13-32=0,13-38=0
2,8,14,16,24|1|-52,-9,-3|2-14=1,2-16=1,2-24=1,8-16=1,14-16=1,14-24=1,16-24=1
2,8,15,21,26|0|3,16|2-15=0,2-21=0,2-26=0,8-15=0,8-21=0,8-26=0,15-26=0,21-26=0
2,8,15,21,40|0|3,16|2-15=0,2-21=0,2-40=0,8-15=0,8-21=0,8-40=0,15-40=0,21-40=0
2,8,16,18,24|1|-52,-46,-19,-3|2-16=1,2-24=1,8-16=1,8-18=1,16-18=1,16-24=1
2,8,21,26,32|0|3,27|2-21=0,2-26=0,2-32=0,8-21=0,8-26=0,8-32=0,21-26=0,21-32=0
2,8,21,27,32|0|3,22|2-21=0,2-27=0,2-32=0,8-21=0,8-27=0,8-32=0,21-32=0,27-32=0
2,8,21,27,40|0|3,22|2-21=0,2-27=0,2-40=0,8-21=0,8-27=0,8-40=0,21-40=0,27-40=0
2,8,27,32,38|0|3,33|2-27=0,2-32=0,2-38=0,8-27=0,8-32=0,8-38=0,27-32=0,27-38=0
2,8,29,35,37|1|-79,-73,-30,-3|2-35=1,2-37=1,8-29=1,8-37=1,29-37=1,35-37=1
2,8,29,37,39|1|-73,-40,-3|2-37=1,8-29=1,8-37=1,8-39=1,29-37=1,29-39=1,37-39=1
2,9,15,20,39|0|10,40|2-9=0,2-15=0,2-20=0,9-20=0,9-39=0,15-20=0,15-39=0,20-39=0
2,9,15,34,39|0|10,40|2-9=0,2-15=0,2-34=0,9-34=0,9-39=0,15-34=0,15-39=0,34-39=0
2,10,12,18,24|1|-46,-19,-13|2-10=1,2-12=1,2-24=1,10-12=1,10-18=1,10-24=1,12-24=1
2,10,12,18,39|1|-83,-46,-40,-13|2-10=1,2-12=1,10-12=1,10-18=1,10-39=1,18-39=1
2,10,16,18,19|1|-46,-11|2-10=1,2-16=1,2-19=1,10-18=1,10-19=1,16-18=1,16-19=1,18-19=1
2,10,16,18,24|1|-46,-19,-11|2-10=1,2-16=1,2-24=1,10-18=1,10-24=1,16-18=1,16-24=1
2,10,31,37,39|1|-81,-40,-32|2-10=1,2-31=1,2-37=1,10-31=1,10-39=1,31-39=1,37-39=1
2,10,36,37,39|1|-81,-40|2-10=1,2-36=1,2-37=1,10-36=1,10-39=1,36-37=1,36-39=1,37-39=1
2,11,12,14,28|1|-56|2-11=1,2-12=1,2-14=1,2-28=1,11-12=1,11-14=1,11-28=1,12-14=1,14-28=1
2,15,20,26,39|0|21,40|2-15=0,2-20=0,2-26=0,15-20=0,15-26=0,15-39=0,20-39=0,26-39=0
2,15,21,26,39|0|16,40|2-15=0,2-21=0,2-26=0,15-26=0,15-39=0,21-26=0,21-39=0,26-39=0
2,15,21,34,39|0|16,40|2-15=0,2-21=0,2-34=0,15-34=0,15-39=0,21-34=0,21-39=0,34-39=0
2,15,21,34,40|0|16,35|2-15=0,2-21=0,2-34=0,2-40=0,15-34=0,15-40=0,21-34=0,21-40=0
2,16,18,19,28|1|-46|2-16=1,2-19=1,2-28=1,16-18=1,16-19=1,16-28=1,18-19=1,18-28=1,19-28=1
2,19,28,29,31|1|-73|2-19=1,2-28=1,2-31=1,19-28=1,19-29=1,19-31=1,28-29=1,28-31=1,29-31=1
2,19,33,35,36|1|-63|2-19=1,2-33=1,2-35=1,2-36=1,19-33=1,19-36=1,33-35=1,33-36=1,35-36=1
2,21,26,32,39|0|27,40|2-21=0,2-26=0,2-32=0,21-26=0,21-32=0,21-39=0,26-39=0,32-39=0
2,21,27,34,40|0|22,35|2-21=0,2-27=0,2-34=0,2-40=0,21-34=0,21-40=0,27-34=0,27-40=0
2,23,29,31,37|1|-73,-32,-24|2-23=1,2-31=1,2-37=1,23-31=1,23-37=1,29-31=1,29-37=1
2,23,29,31,39|1|-73,-67,-40,-24|2-23=1,2-31=1,23-31=1,29-31=1,29-39=1,31-39=1
2,23,29,35,37|1|-73,-30,-24|2-23=1,2-35=1,2-37=1,23-35=1,23-37=1,29-37=1,35-37=1
2,23,29,37,39|1|-73,-67,-40,-24|2-23=1,2-37=1,23-37=1,29-37=1,29-39=1,37-39=1
2,23,31,33,39|1|-67,-40,-34|2-23=1,2-31=1,2-33=1,23-31=1,23-33=1,31-33=1,31-39=1
2,23,31,37,39|1|-67,-40,-32|2-23=1,2-31=1,2-37=1,23-31=1,23-37=1,31-39=1,37-39=1
2,28,29,31,37|1|-73,-32|2-28=1,2-31=1,2-37=1,28-29=1,28-31=1,28-37=1,29-31=1,29-37=1
2,29,31,37,39|1|-73,-40,-32|2-31=1,2-37=1,29-31=1,29-37=1,29-39=1,31-39=1,37-39=1
2,33,36,39,42|1|-40,-37,-34|2-33=1,2-36=1,2-42=1,33-36=1,33-42=1,36-39=1,39-42=1
3,4,6,12,20|1|-48,-7|3-4=1,3-6=1,3-12=1,3-20=1,4-6=1,4-12=1,6-20=1,12-20=1
3,4,6,20,37|1|-48|3-4=1,3-6=1,3-20=1,3-37=1,4-6=1,4-37=1,6-20=1,6-37=1,20-37=1
3,5,6,15,32|1|-76|3-5=1,3-6=1,3-15=1,3-32=1,5-6=1,5-15=1,6-15=1,6-32=1,15-32=1
3,5,6,32,40|1|-76,-41|3-5=1,3-6=1,3-32=1,5-6=1,5-40=1,6-32=1,6-40=1,32-40=1
3,5,11,13,19|1|-47,-14,-6|3-5=1,3-11=1,3-13=1,5-13=1,5-19=1,11-13=1,11-19=1
3,5,11,13,40|1|-84,-41,-6|3-5=1,3-11=1,3-13=1,5-13=1,5-40=1,11-13=1,11-40=1
3,5,11,17,19|1|-47,-12,-6|3-5=1,3-11=1,3-17=1,5-17=1,5-19=1,11-19=1,17-19=1
3,5,11,17,38|1|-82,-12,-6|3-5=1,3-11=1,3-17=1,3-38=1,5-17=1,5-38=1,17-38=1
3,5,11,19,40|1|-47,-41,-6|3-5=1,3-11=1,5-19=1,5-40=1,11-19=1,11-40=1,19-40=1
3,5,11,32,38|1|-82,-76,-33,-6|3-5=1,3-11=1,3-32=1,3-38=1,5-38=1,11-32=1
3,5,11,32,40|1|-76,-41,-6|3-5=1,3-11=1,3-32=1,5-40=1,11-32=1,11-40=1,32-40=1
3,5,11,38,40|1|-82,-41,-6|3-5=1,3-11=1,3-38=1,5-38=1,5-40=1,11-40=1,38-40=1
3,5,13,19,40|1|-84,-47,-41,-14|3-5=1,3-13=1,5-13=1,5-19=1,5-40=1,19-40=1
3,5,13,34,40|1|-84,-41,-35|3-5=1,3-13=1,3-34=1,5-13=1,5-34=1,5-40=1,13-34=1
3,5,32,34,40|1|-76,-41,-35|3-5=1,3-32=1,3-34=1,5-34=1,5-40=1,32-34=1,32-40=1
3,5,32,38,40|1|-76,-41,-33|3-5=1,3-32=1,3-38=1,5-38=1,5-40=1,32-40=1,38-40=1
3,6,9,12,15|1|-10,-7,-4|3-6=1,3-12=1,3-15=1,6-9=1,6-15=1,9-12=1,12-15=1
3,8,14,21,27|0|9,22|3-8=0,3-14=0,3-21=0,3-27=0,8-21=0,8-27=0,14-21=0,14-27=0
3,8,14,27,33|0|9,28|3-8=0,3-14=0,3-27=0,3-33=0,8-27=0,8-33=0,14-27=0,14-33=0
3,8,21,27,40|0|22,41|3-8=0,3-21=0,3-27=0,8-21=0,8-27=0,8-40=0,21-40=0,27-40=0
3,8,27,33,40|0|28,41|3-8=0,3-27=0,3-33=0,8-27=0,8-33=0,8-40=0,27-40=0,33-40=0
3,9,11,12,38|1|-82,-4|3-11=1,3-12=1,3-38=1,9-11=1,9-12=1,9-38=1,11-12=1,12-38=1
3,9,11,17,19|1|-47,-12,-4|3-11=1,3-17=1,9-11=1,9-17=1,9-19=1,11-19=1,17-19=1
3,9,11,17,25|1|-53,-12,-4|3-11=1,3-17=1,3-25=1,9-11=1,9-17=1,11-25=1,17-25=1
3,9,11,17,38|1|-82,-12,-4|3-11=1,3-17=1,3-38=1,9-11=1,9-17=1,9-38=1,17-38=1
3,9,11,19,25|1|-53,-47,-20,-4|3-11=1,3-25=1,9-11=1,9-19=1,11-19=1,11-25=1
3,9,11,19,40|1|-47,-41,-4|3-11=1,9-11=1,9-19=1,9-40=1,11-19=1,11-40=1,19-40=1
3,9,11,38,40|1|-82,-41,-4|3-11=1,3-38=1,9-11=1,9-38=1,9-40=1,11-40=1,38-40=1
3,9,14,27,33|0|4,28|3-14=0,3-27=0,3-33=0,9-14=0,9-27=0,9-33=0,14-27=0,14-33=0
3,9,14,33,39|0|4,34|3-14=0,3-33=0,3-39=0,9-14=0,9-33=0,9-39=0,14-33=0,14-39=0
3,9,15,17,25|1|-53,-10,-4|3-15=1,3-17=1,3-25=1,9-17=1,15-17=1,15-25=1,17-25=1
3,9,16,22,27|0|4,17|3-16=0,3-22=0,3-27=0,9-16=0,9-22=0,9-27=0,16-27=0,22-27=0
3,9,16,22,41|0|4,17|3-16=0,3-22=0,3-41=0,9-16=0,9-22=0,9-41=0,16-41=0,22-41=0
3,9,17,19,25|1|-53,-47,-20,-4|3-17=1,3-25=1,9-17=1,9-19=1,17-19=1,17-25=1
3,9,22,27,33|0|4,28|3-22=0,3-27=0,3-33=0,9-22=0,9-27=0,9-33=0,22-27=0,22-33=0
3,9,22,28,33|0|4,23|3-22=0,3-28=0,3-33=0,9-22=0,9-28=0,9-33=0,22-33=0,28-33=0
3,9,22,28,41|0|4,23|3-22=0,3-28=0,3-41=0,9-22=0,9-28=0,9-41=0,22-41=0,28-41=0
3,9,28,33,39|0|4,34|3-28=0,3-33=0,3-39=0,9-28=0,9-33=0,9-39=0,28-33=0,28-39=0
3,9,30,36,38|1|-80,-74,-31,-4|3-36=1,3-38=1,9-30=1,9-38=1,30-38=1,36-38=1
3,9,30,38,40|1|-74,-41,-4|3-38=1,9-30=1,9-38=1,9-40=1,30-38=1,30-40=1,38-40=1
3,10,16,21,40|0|11,41|3-10=0,3-16=0,3-21=0,10-21=0,10-40=0,16-21=0,16-40=0,21-40=0
3,10,16,35,40|0|11,41|3-10=0,3-16=0,3-35=0,10-35=0,10-40=0,16-35=0,16-40=0,35-40=0
3,11,13,19,25|1|-47,-20,-14|3-11=1,3-13=1,3-25=1,11-13=1,11-19=1,11-25=1,13-25=1
3,11,13,19,40|1|-84,-47,-41,-14|3-11=1,3-13=1,11-13=1,11-19=1,11-40=1,19-40=1
3,11,17,19,20|1|-47,-12|3-11=1,3-17=1,3-20=1,11-19=1,11-20=1,17-19=1,17-20=1,19-20=1
3,11,17,19,25|1|-47,-20,-12|3-11=1,3-17=1,3-25=1,11-19=1,11-25=1,17-19=1,17-25=1
3,11,32,38,40|1|-82,-41,-33|3-11=1,3-32=1,3-38=1,11-32=1,11-40=1,32-40=1,38-40=1
3,11,37,38,40|1|-82,-41|3-11=1,3-37=1,3-38=1,11-37=1,11-40=1,37-38=1,37-40=1,38-40=1
3,12,13,15,29|1|-57|3-12=1,3-13=1,3-15=1,3-29=1,12-13=1,12-15=1,12-29=1,13-15=1,15-29=1
3,16,21,27,40|0|22,41|3-16=0,3-21=0,3-27=0,16-21=0,16-27=0,16-40=0,21-40=0,27-40=0
3,16,22,27,40|0|17,41|3-16=0,3-22=0,3-27=0,16-27=0,16-40=0,22-27=0,22-40=0,27-40=0
3,16,22,35,40|0|17,41|3-16=0,3-22=0,3-35=0,16-35=0,16-40=0,22-35=0,22-40=0,35-40=0
3,16,22,35,41|0|17,36|3-16=0,3-22=0,3-35=0,3-41=0,16-35=0,16-41=0,22-35=0,22-41=0
3,17,19,20,29|1|-47|3-17=1,3-20=1,3-29=1,17-19=1,17-20=1,17-29=1,19-20=1,19-29=1,20-29=1
3,20,29,30,32|1|-74|3-20=1,3-29=1,3-32=1,20-29=1,20-30=1,20-32=1,29-30=1,29-32=1,30-32=1
3,20,34,36,37|1|-64|3-20=1,3-34=1,3-36=1,3-37=1,20-34=1,20-37=1,34-36=1,34-37=1,36-37=1
3,22,27,33,40|0|28,41|3-22=0,3-27=0,3-33=0,22-27=0,22-33=0,22-40=0,27-40=0,33-40=0
3,22,28,35,41|0|23,36|3-22=0,3-28=0,3-35=0,3-41=0,22-35=0,22-41=0,28-35=0,28-41=0
3,24,30,32,38|1|-74,-33,-25|3-24=1,3-32=1,3-38=1,24-32=1,24-38=1,30-32=1,30-38=1
3,24,30,32,40|1|-74,-68,-41,-25|3-24=1,3-32=1,24-32=1,30-32=1,30-40=1,32-40=1
3,24,30,36,38|1|-74,-31,-25|3-24=1,3-36=1,3-38=1,24-36=1,24-38=1,30-38=1,36-38=1
3,24,30,38,40|1|-74,-68,-41,-25|3-24=1,3-38=1,24-38=1,30-38=1,30-40=1,38-40=1
3,24,32,34,40|1|-68,-41,-35|3-24=1,3-32=1,3-34=1,24-32=1,24-34=1,32-34=1,32-40=1
3,24,32,38,40|1|-68,-41,-33|3-24=1,3-32=1,3-38=1,24-32=1,24-38=1,32-40=1,38-40=1
3,29,30,32,38|1|-74,-33|3-29=1,3-32=1,3-38=1,29-30=1,29-32=1,29-38=1,30-32=1,30-38=1
3,30,32,38,40|1|-74,-41,-33|3-32=1,3-38=1,30-32=1,30-38=1,30-40=1,32-40=1,38-40=1
4,5,7,13,21|1|-49,-8|4-5=1,4-7=1,4-13=1,4-21=1,5-7=1,5-13=1,7-21=1,13-21=1
4,5,7,21,38|1|-49|4-5=1,4-7=1,4-21=1,4-38=1,5-7=1,5-38=1,7-21=1,7-38=1,21-38=1
4,6,7,16,33|1|-77|4-6=1,4-7=1,4-16=1,4-33=1,6-7=1,6-16=1,7-16=1,7-33=1,16-33=1
4,6,7,33,41|1|-77,-42|4-6=1,4-7=1,4-33=1,6-7=1,6-41=1,7-33=1,7-41=1,33-41=1
4,6,12,14,20|1|-48,-15,-7|4-6=1,4-12=1,4-14=1,6-14=1,6-20=1,12-14=1,12-20=1
4,6,12,14,41|1|-85,-42,-7|4-6=1,4-12=1,4-14=1,6-14=1,6-41=1,12-14=1,12-41=1
4,6,12,18,20|1|-48,-13,-7|4-6=1,4-12=1,4-18=1,6-18=1,6-20=1,12-20=1,18-20=1
4,6,12,18,39|1|-83,-13,-7|4-6=1,4-12=1,4-18=1,4-39=1,6-18=1,6-39=1,18-39=1
4,6,12,20,41|1|-48,-42,-7|4-6=1,4-12=1,6-20=1,6-41=1,12-20=1,12-41=1,20-41=1
4,6,12,33,39|1|-83,-77,-34,-7|4-6=1,4-12=1,4-33=1,4-39=1,6-39=1,12-33=1
4,6,12,33,41|1|-77,-42,-7|4-6=1,4-12=1,4-33=1,6-41=1,12-33=1,12-41=1,33-41=1
4,6,12,39,41|1|-83,-42,-7|4-6=1,4-12=1,4-39=1,6-39=1,6-41=1,12-41=1,39-41=1
4,6,14,20,41|1|-85,-48,-42,-15|4-6=1,4-14=1,6-14=1,6-20=1,6-41=1,20-41=1
4,6,14,35,41|1|-85,-42,-36|4-6=1,4-14=1,4-35=1,6-14=1,6-35=1,6-41=1,14-35=1
4,6,33,35,41|1|-77,-42,-36|4-6=1,4-33=1,4-35=1,6-35=1,6-41=1,33-35=1,33-41=1
4,6,33,39,41|1|-77,-42,-34|4-6=1,4-33=1,4-39=1,6-39=1,6-41=1,33-41=1,39-41=1
4,7,10,13,16|1|-11,-8,-5|4-7=1,4-13=1,4-16=1,7-10=1,7-16=1,10-13=1,13-16=1
4,9,15,22,28|0|10,23|4-9=0,4-15=0,4-22=0,4-28=0,9-22=0,9-28=0,15-22=0,15-28=0
4,9,15,28,34|0|10,29|4-9=0,4-15=0,4-28=0,4-34=0,9-28=0,9-34=0,15-28=0,15-34=0
4,9,22,28,41|0|23,42|4-9=0,4-22=0,4-28=0,9-22=0,9-28=0,9-41=0,22-41=0,28-41=0
4,9,28,34,41|0|29,42|4-9=0,4-28=0,4-34=0,9-28=0,9-34=0,9-41=0,28-41=0,34-41=0
4,10,12,13,39|1|-83,-5|4-12=1,4-13=1,4-39=1,10-12=1,10-13=1,10-39=1,12-13=1,13-39=1
4,10,12,18,20|1|-48,-13,-5|4-12=1,4-18=1,10-12=1,10-18=1,10-20=1,12-20=1,18-20=1
4,10,12,18,26|1|-54,-13,-5|4-12=1,4-18=1,4-26=1,10-12=1,10-18=1,12-26=1,18-26=1
4,10,12,18,39|1|-83,-13,-5|4-12=1,4-18=1,4-39=1,10-12=1,10-18=1,10-39=1,18-39=1
4,10,12,20,26|1|-54,-48,-21,-5|4-12=1,4-26=1,10-12=1,10-20=1,12-20=1,12-26=1
4,10,12,20,41|1|-48,-42,-5|4-12=1,10-12=1,10-20=1,10-41=1,12-20=1,12-41=1,20-41=1
4,10,12,39,41|1|-83,-42,-5|4-12=1,4-39=1,10-12=1,10-39=1,10-41=1,12-41=1,39-41=1
4,10,15,28,34|0|5,29|4-15=0,4-28=0,4-34=0,10-15=0,10-28=0,10-34=0,15-28=0,15-34=0
4,10,15,34,40|0|5,35|4-15=0,4-34=0,4-40=0,10-15=0,10-34=0,10-40=0,15-34=0,15-40=0
4,10,16,18,26|1|-54,-11,-5|4-16=1,4-18=1,4-26=1,10-18=1,16-18=1,16-26=1,18-26=1
4,10,17,23,28|0|5,18|4-17=0,4-23=0,4-28=0,10-17=0,10-23=0,10-28=0,17-28=0,23-28=0
4,10,17,23,42|0|5,18|4-17=0,4-23=0,4-42=0,10-17=0,10-23=0,10-42=0,17-42=0,23-42=0
4,10,18,20,26|1|-54,-48,-21,-5|4-18=1,4-26=1,10-18=1,10-20=1,18-20=1,18-26=1
4,10,23,28,34|0|5,29|4-23=0,4-28=0,4-34=0,10-23=0,10-28=0,10-34=0,23-28=0,23-34=0
4,10,23,29,34|0|5,24|4-23=0,4-29=0,4-34=0,10-23=0,10-29=0,10-34=0,23-34=0,29-34=0
4,10,23,29,42|0|5,24|4-23=0,4-29=0,4-42=0,10-23=0,10-29=0,10-42=0,23-42=0,29-42=0
4,10,29,34,40|0|5,35|4-29=0,4-34=0,4-40=0,10-29=0,10-34=0,10-40=0,29-34=0,29-40=0
4,10,31,37,39|1|-81,-75,-32,-5|4-37=1,4-39=1,10-31=1,10-39=1,31-39=1,37-39=1
4,10,31,39,41|1|-75,-42,-5|4-39=1,10-31=1,10-39=1,10-41=1,31-39=1,31-41=1,39-41=1
4,11,17,22,41|0|12,42|4-11=0,4-17=0,4-22=0,11-22=0,11-41=0,17-22=0,17-41=0,22-41=0
4,11,17,36,41|0|12,42|4-11=0,4-17=0,4-36=0,11-36=0,11-41=0,17-36=0,17-41=0,36-41=0
4,12,14,20,26|1|-48,-21,-15|4-12=1,4-14=1,4-26=1,12-14=1,12-20=1,12-26=1,14-26=1
4,12,14,20,41|1|-85,-48,-42,-15|4-12=1,4-14=1,12-14=1,12-20=1,12-41=1,20-41=1
4,12,18,20,21|1|-48,-13|4-12=1,4-18=1,4-21=1,12-20=1,12-21=1,18-20=1,18-21=1,20-21=1
4,12,18,20,26|1|-48,-21,-13|4-12=1,4-18=1,4-26=1,12-20=1,12-26=1,18-20=1,18-26=1
4,12,33,39,41|1|-83,-42,-34|4-12=1,4-33=1,4-39=1,12-33=1,12-41=1,33-41=1,39-41=1
4,12,38,39,41|1|-83,-42|4-12=1,4-38=1,4-39=1,12-38=1,12-41=1,38-39=1,38-41=1,39-41=1
4,13,14,16,30|1|-58|4-13=1,4-14=1,4-16=1,4-30=1,13-14=1,13-16=1,13-30=1,14-16=1,16-30=1
4,17,22,28,41|0|23,42|4-17=0,4-22=0,4-28=0,17-22=0,17-28=0,17-41=0,22-41=0,28-41=0
4,17,23,28,41|0|18,42|4-17=0,4-23=0,4-28=0,17-28=0,17-41=0,23-28=0,23-41=0,28-41=0
4,17,23,36,41|0|18,42|4-17=0,4-23=0,4-36=0,17-36=0,17-41=0,23-36=0,23-41=0,36-41=0
4,17,23,36,42|0|18,37|4-17=0,4-23=0,4-36=0,4-42=0,17-36=0,17-42=0,23-36=0,23-42=0
4,18,20,21,30|1|-48|4-18=1,4-21=1,4-30=1,18-20=1,18-21=1,18-30=1,20-21=1,20-30=1,21-30=1
4,21,30,31,33|1|-75|4-21=1,4-30=1,4-33=1,21-30=1,21-31=1,21-33=1,30-31=1,30-33=1,31-33=1
4,21,35,37,38|1|-65|4-21=1,4-35=1,4-37=1,4-38=1,21-35=1,21-38=1,35-37=1,35-38=1,37-38=1
4,23,28,34,41|0|29,42|4-23=0,4-28=0,4-34=0,23-28=0,23-34=0,23-41=0,28-41=0,34-41=0
4,23,29,36,42|0|24,37|4-23=0,4-29=0,4-36=0,4-42=0,23-36=0,23-42=0,29-36=0,29-42=0
4,25,31,33,39|1|-75,-34,-26|4-25=1,4-33=1,4-39=1,25-33=1,25-39=1,31-33=1,31-39=1
4,25,31,33,41|1|-75,-69,-42,-26|4-25=1,4-33=1,25-33=1,31-33=1,31-41=1,33-41=1
4,25,31,37,39|1|-75,-32,-26|4-25=1,4-37=1,4-39=1,25-37=1,25-39=1,31-39=1,37-39=1
4,25,31,39,41|1|-75,-69,-42,-26|4-25=1,4-39=1,25-39=1,31-39=1,31-41=1,39-41=1
4,25,33,35,41|1|-69,-42,-36|4-25=1,4-33=1,4-35=1,25-33=1,25-35=1,33-35=1,33-41=1
4,25,33,39,41|1|-69,-42,-34|4-25=1,4-33=1,4-39=1,25-33=1,25-39=1,33-41=1,39-41=1
4,30,31,33,39|1|-75,-34|4-30=1,4-33=1,4-39=1,30-31=1,30-33=1,30-39=1,31-33=1,31-39=1
4,31,33,39,41|1|-75,-42,-34|4-33=1,4-39=1,31-33=1,31-39=1,31-41=1,33-41=1,39-41=1
5,6,8,14,22|1|-50,-9|5-6=1,5-8=1,5-14=1,5-22=1,6-8=1,6-14=1,8-22=1,14-22=1
5,6,8,22,39|1|-50|5-6=1,5-8=1,5-22=1,5-39=1,6-8=1,6-39=1,8-22=1,8-39=1,22-39=1
5,7,8,17,34|1|-78|5-7=1,5-8=1,5-17=1,5-34=1,7-8=1,7-17=1,8-17=1,8-34=1,17-34=1
5,7,8,34,42|1|-78,-43|5-7=1,5-8=1,5-34=1,7-8=1,7-42=1,8-34=1,8-42=1,34-42=1
5,7,13,15,21|1|-49,-16,-8|5-7=1,5-13=1,5-15=1,7-15=1,7-21=1,13-15=1,13-21=1
5,7,13,15,42|1|-86,-43,-8|5-7=1,5-13=1,5-15=1,7-15=1,7-42=1,13-15=1,13-42=1
5,7,13,19,21|1|-49,-14,-8|5-7=1,5-13=1,5-19=1,7-19=1,7-21=1,13-21=1,19-21=1
5,7,13,19,40|1|-84,-14,-8|5-7=1,5-13=1,5-19=1,5-40=1,7-19=1,7-40=1,19-40=1
5,7,13,21,42|1|-49,-43,-8|5-7=1,5-13=1,7-21=1,7-42=1,13-21=1,13-42=1,21-42=1
5,7,13,34,40|1|-84,-78,-35,-8|5-7=1,5-13=1,5-34=1,5-40=1,7-40=1,13-34=1
5,7,13,34,42|1|-78,-43,-8|5-7=1,5-13=1,5-34=1,7-42=1,13-34=1,13-42=1,34-42=1
5,7,13,40,42|1|-84,-43,-8|5-7=1,5-13=1,5-40=1,7-40=1,7-42=1,13-42=1,40-42=1
5,7,15,21,42|1|-86,-49,-43,-16|5-7=1,5-15=1,7-15=1,7-21=1,7-42=1,21-42=1
5,7,15,36,42|1|-86,-43,-37|5-7=1,5-15=1,5-36=1,7-15=1,7-36=1,7-42=1,15-36=1
5,7,34,36,42|1|-78,-43,-37|5-7=1,5-34=1,5-36=1,7-36=1,7-42=1,34-36=1,34-42=1
5,7,34,40,42|1|-78,-43,-35|5-7=1,5-34=1,5-40=1,7-40=1,7-42=1,34-42=1,40-42=1
5,8,11,14,17|1|-12,-9,-6|5-8=1,5-14=1,5-17=1,8-11=1,8-17=1,11-14=1,14-17=1
5,10,16,23,29|0|11,24|5-10=0,5-16=0,5-23=0,5-29=0,10-23=0,10-29=0,16-23=0,16-29=0
5,10,16,29,35|0|11,30|5-10=0,5-16=0,5-29=0,5-35=0,10-29=0,10-35=0,16-29=0,16-35=0
5,10,23,29,42|0|24,43|5-10=0,5-23=0,5-29=0,10-23=0,10-29=0,10-42=0,23-42=0,29-42=0
5,10,29,35,42|0|30,43|5-10=0,5-29=0,5-35=0,10-29=0,10-35=0,10-42=0,29-42=0,35-42=0
5,11,13,14,40|1|-84,-6|5-13=1,5-14=1,5-40=1,11-13=1,11-14=1,11-40=1,13-14=1,14-40=1
5,11,13,19,21|1|-49,-14,-6|5-13=1,5-19=1,11-13=1,11-19=1,11-21=1,13-21=1,19-21=1
5,11,13,19,27|1|-55,-14,-6|5-13=1,5-19=1,5-27=1,11-13=1,11-19=1,13-27=1,19-27=1
5,11,13,19,40|1|-84,-14,-6|5-13=1,5-19=1,5-40=1,11-13=1,11-19=1,11-40=1,19-40=1
5,11,13,21,27|1|-55,-49,-22,-6|5-13=1,5-27=1,11-13=1,11-21=1,13-21=1,13-27=1
5,11,13,21,42|1|-49,-43,-6|5-13=1,11-13=1,11-21=1,11-42=1,13-21=1,13-42=1,21-42=1
5,11,13,40,42|1|-84,-43,-6|5-13=1,5-40=1,11-13=1,11-40=1,11-42=1,13-42=1,40-42=1
5,11,16,29,35|0|6,30|5-16=0,5-29=0,5-35=0,11-16=0,11-29=0,11-35=0,16-29=0,16-35=0
5,11,16,35,41|0|6,36|5-16=0,5-35=0,5-41=0,11-16=0,11-35=0,11-41=0,16-35=0,16-41=0
5,11,17,19,27|1|-55,-12,-6|5-17=1,5-19=1,5-27=1,11-19=1,17-19=1,17-27=1,19-27=1
5,11,18,24,29|0|6,19|5-18=0,5-24=0,5-29=0,11-18=0,11-24=0,11-29=0,18-29=0,24-29=0
5,11,19,21,27|1|-55,-49,-22,-6|5-19=1,5-27=1,11-19=1,11-21=1,19-21=1,19-27=1
5,11,24,29,35|0|6,30|5-24=0,5-29=0,5-35=0,11-24=0,11-29=0,11-35=0,24-29=0,24-35=0
5,11,24,30,35|0|6,25|5-24=0,5-30=0,5-35=0,11-24=0,11-30=0,11-35=0,24-35=0,30-35=0
5,11,30,35,41|0|6,36|5-30=0,5-35=0,5-41=0,11-30=0,11-35=0,11-41=0,30-35=0,30-41=0
5,11,32,38,40|1|-82,-76,-33,-6|5-38=1,5-40=1,11-32=1,11-40=1,32-40=1,38-40=1
5,11,32,40,42|1|-76,-43,-6|5-40=1,11-32=1,11-40=1,11-42=1,32-40=1,32-42=1,40-42=1
5,12,18,23,42|0|13,43|5-12=0,5-18=0,5-23=0,12-23=0,12-42=0,18-23=0,18-42=0,23-42=0
5,12,18,37,42|0|13,43|5-12=0,5-18=0,5-37=0,12-37=0,12-42=0,18-37=0,18-42=0,37-42=0
5,13,15,21,27|1|-49,-22,-16|5-13=1,5-15=1,5-27=1,13-15=1,13-21=1,13-27=1,15-27=1
5,13,15,21,42|1|-86,-49,-43,-16|5-13=1,5-15=1,13-15=1,13-21=1,13-42=1,21-42=1
5,13,19,21,22|1|-49,-14|5-13=1,5-19=1,5-22=1,13-21=1,13-22=1,19-21=1,19-22=1,21-22=1
5,13,19,21,27|1|-49,-22,-14|5-13=1,5-19=1,5-27=1,13-21=1,13-27=1,19-21=1,19-27=1
5,13,34,40,42|1|-84,-43,-35|5-13=1,5-34=1,5-40=1,13-34=1,13-42=1,34-42=1,40-42=1
5,13,39,40,42|1|-84,-43|5-13=1,5-39=1,5-40=1,13-39=1,13-42=1,39-40=1,39-42=1,40-42=1
5,14,15,17,31|1|-59|5-14=1,5-15=1,5-17=1,5-31=1,14-15=1,14-17=1,14-31=1,15-17=1,17-31=1
5,18,23,29,42|0|24,43|5-18=0,5-23=0,5-29=0,18-23=0,18-29=0,18-42=0,23-42=0,29-42=0
5,18,24,29,42|0|19,43|5-18=0,5-24=0,5-29=0,18-29=0,18-42=0,24-29=0,24-42=0,29-42=0
5,18,24,37,42|0|19,43|5-18=0,5-24=0,5-37=0,18-37=0,18-42=0,24-37=0,24-42=0,37-42=0
5,19,21,22,31|1|-49|5-19=1,5-22=1,5-31=1,19-21=1,19-22=1,19-31=1,21-22=1,21-31=1,22-31=1
5,22,31,32,34|1|-76|5-22=1,5-31=1,5-34=1,22-31=1,22-32=1,22-34=1,31-32=1,31-34=1,32-34=1
5,22,36,38,39|1|-66|5-22=1,5-36=1,5-38=1,5-39=1,22-36=1,22-39=1,36-38=1,36-39=1,38-39=1
5,24,29,35,42|0|30,43|5-24=0,5-29=0,5-35=0,24-29=0,24-35=0,24-42=0,29-42=0,35-42=0
5,26,32,34,40|1|-76,-35,-27|5-26=1,5-34=1,5-40=1,26-34=1,26-40=1,32-34=1,32-40=1
5,26,32,34,42|1|-76,-70,-43,-27|5-26=1,5-34=1,26-34=1,32-34=1,32-42=1,34-42=1
5,26,32,38,40|1|-76,-33,-27|5-26=1,5-38=1,5-40=1,26-38=1,26-40=1,32-40=1,38-40=1
5,26,32,40,42|1|-76,-70,-43,-27|5-26=1,5-40=1,26-40=1,32-40=1,32-42=1,40-42=1
5,26,34,36,42|1|-70,-43,-37|5-26=1,5-34=1,5-36=1,26-34=1,26-36=1,34-36=1,34-42=1
5,26,34,40,42|1|-70,-43,-35|5-26=1,5-34=1,5-40=1,26-34=1,26-40=1,34-42=1,40-42=1
5,31,32,34,40|1|-76,-35|5-31=1,5-34=1,5-40=1,31-32=1,31-34=1,31-40=1,32-34=1,32-40=1
5,32,34,40,42|1|-76,-43,-35|5-34=1,5-40=1,32-34=1,32-40=1,32-42=1,34-42=1,40-42=1
6,7,9,15,23|1|-51,-10|6-7=1,6-9=1,6-15=1,6-23=1,7-9=1,7-15=1,9-23=1,15-23=1
6,7,9,23,40|1|-51|6-7=1,6-9=1,6-23=1,6-40=1,7-9=1,7-40=1,9-23=1,9-40=1,23-40=1
6,8,9,18,35|1|-79|6-8=1,6-9=1,6-18=1,6-35=1,8-9=1,8-18=1,9-18=1,9-35=1,18-35=1
6,8,14,16,22|1|-50,-17,-9|6-8=1,6-14=1,6-16=1,8-16=1,8-22=1,14-16=1,14-22=1
6,8,14,20,22|1|-50,-15,-9|6-8=1,6-14=1,6-20=1,8-20=1,8-22=1,14-22=1,20-22=1
6,8,14,20,41|1|-85,-15,-9|6-8=1,6-14=1,6-20=1,6-41=1,8-20=1,8-41=1,20-41=1
6,8,14,35,41|1|-85,-79,-36,-9|6-8=1,6-14=1,6-35=1,6-41=1,8-41=1,14-35=1
6,9,12,15,18|1|-13,-10,-7|6-9=1,6-15=1,6-18=1,9-12=1,9-18=1,12-15=1,15-18=1
6,11,17,24,30|0|12,25|6-11=0,6-17=0,6-24=0,6-30=0,11-24=0,11-30=0,17-24=0,17-30=0
6,11,17,30,36|0|12,31|6-11=0,6-17=0,6-30=0,6-36=0,11-30=0,11-36=0,17-30=0,17-36=0
6,12,14,15,41|1|-85,-7|6-14=1,6-15=1,6-41=1,12-14=1,12-15=1,12-41=1,14-15=1,15-41=1
6,12,14,20,22|1|-50,-15,-7|6-14=1,6-20=1,12-14=1,12-20=1,12-22=1,14-22=1,20-22=1
6,12,14,20,28|1|-56,-15,-7|6-14=1,6-20=1,6-28=1,12-14=1,12-20=1,14-28=1,20-28=1
6,12,14,20,41|1|-85,-15,-7|6-14=1,6-20=1,6-41=1,12-14=1,12-20=1,12-41=1,20-41=1
6,12,14,22,28|1|-56,-50,-23,-7|6-14=1,6-28=1,12-14=1,12-22=1,14-22=1,14-28=1
6,12,17,30,36|0|7,31|6-17=0,6-30=0,6-36=0,12-17=0,12-30=0,12-36=0,17-30=0,17-36=0
6,12,17,36,42|0|7,37|6-17=0,6-36=0,6-42=0,12-17=0,12-36=0,12-42=0,17-36=0,17-42=0
6,12,18,20,28|1|-56,-13,-7|6-18=1,6-20=1,6-28=1,12-20=1,18-20=1,18-28=1,20-28=1
6,12,19,25,30|0|7,20|6-19=0,6-25=0,6-30=0,12-19=0,12-25=0,12-30=0,19-30=0,25-30=0
6,12,20,22,28|1|-56,-50,-23,-7|6-20=1,6-28=1,12-20=1,12-22=1,20-22=1,20-28=1
6,12,25,30,36|0|7,31|6-25=0,6-30=0,6-36=0,12-25=0,12-30=0,12-36=0,25-30=0,25-36=0
6,12,25,31,36|0|7,26|6-25=0,6-31=0,6-36=0,12-25=0,12-31=0,12-36=0,25-36=0,31-36=0
6,12,31,36,42|0|7,37|6-31=0,6-36=0,6-42=0,12-31=0,12-36=0,12-42=0,31-36=0,31-42=0
6,12,33,39,41|1|-83,-77,-34,-7|6-39=1,6-41=1,12-33=1,12-41=1,33-41=1,39-41=1
6,14,16,22,28|1|-50,-23,-17|6-14=1,6-16=1,6-28=1,14-16=1,14-22=1,14-28=1,16-28=1
6,14,20,22,23|1|-50,-15|6-14=1,6-20=1,6-23=1,14-22=1,14-23=1,20-22=1,20-23=1,22-23=1
6,14,20,22,28|1|-50,-23,-15|6-14=1,6-20=1,6-28=1,14-22=1,14-28=1,20-22=1,20-28=1
6,15,16,18,32|1|-60|6-15=1,6-16=1,6-18=1,6-32=1,15-16=1,15-18=1,15-32=1,16-18=1,18-32=1
6,20,22,23,32|1|-50|6-20=1,6-23=1,6-32=1,20-22=1,20-23=1,20-32=1,22-23=1,22-32=1,23-32=1
6,23,32,33,35|1|-77|6-23=1,6-32=1,6-35=1,23-32=1,23-33=1,23-35=1,32-33=1,32-35=1,33-35=1
6,23,37,39,40|1|-67|6-23=1,6-37=1,6-39=1,6-40=1,23-37=1,23-40=1,37-39=1,37-40=1,39-40=1
6,27,33,35,41|1|-77,-36,-28|6-27=1,6-35=1,6-41=1,27-35=1,27-41=1,33-35=1,33-41=1
6,27,33,39,41|1|-77,-34,-28|6-27=1,6-39=1,6-41=1,27-39=1,27-41=1,33-41=1,39-41=1
6,32,33,35,41|1|-77,-36|6-32=1,6-35=1,6-41=1,32-33=1,32-35=1,32-41=1,33-35=1,33-41=1
7,8,10,16,24|1|-52,-11|7-8=1,7-10=1,7-16=1,7-24=1,8-10=1,8-16=1,10-24=1,16-24=1
7,8,10,24,41|1|-52|7-8=1,7-10=1,7-24=1,7-41=1,8-10=1,8-41=1,10-24=1,10-41=1,24-41=1
7,9,10,19,36|1|-80|7-9=1,7-10=1,7-19=1,7-36=1,9-10=1,9-19=1,10-19=1,10-36=1,19-36=1
7,9,15,17,23|1|-51,-18,-10|7-9=1,7-15=1,7-17=1,9-17=1,9-23=1,15-17=1,15-23=1
7,9,15,21,23|1|-51,-16,-10|7-9=1,7-15=1,7-21=1,9-21=1,9-23=1,15-23=1,21-23=1
7,9,15,21,42|1|-86,-16,-10|7-9=1,7-15=1,7-21=1,7-42=1,9-21=1,9-42=1,21-42=1
7,9,15,36,42|1|-86,-80,-37,-10|7-9=1,7-15=1,7-36=1,7-42=1,9-42=1,15-36=1
7,10,13,16,19|1|-14,-11,-8|7-10=1,7-16=1,7-19=1,10-13=1,10-19=1,13-16=1,16-19=1
7,12,18,25,31|0|13,26|7-12=0,7-18=0,7-25=0,7-31=0,12-25=0,12-31=0,18-25=0,18-31=0
7,12,18,31,37|0|13,32|7-12=0,7-18=0,7-31=0,7-37=0,12-31=0,12-37=0,18-31=0,18-37=0
7,13,15,16,42|1|-86,-8|7-15=1,7-16=1,7-42=1,13-15=1,13-16=1,13-42=1,15-16=1,16-42=1
7,13,15,21,23|1|-51,-16,-8|7-15=1,7-21=1,13-15=1,13-21=1,13-23=1,15-23=1,21-23=1
7,13,15,21,29|1|-57,-16,-8|7-15=1,7-21=1,7-29=1,13-15=1,13-21=1,15-29=1,21-29=1
7,13,15,21,42|1|-86,-16,-8|7-15=1,7-21=1,7-42=1,13-15=1,13-21=1,13-42=1,21-42=1
7,13,15,23,29|1|-57,-51,-24,-8|7-15=1,7-29=1,13-15=1,13-23=1,15-23=1,15-29=1
7,13,18,31,37|0|8,32|7-18=0,7-31=0,7-37=0,13-18=0,13-31=0,13-37=0,18-31=0,18-37=0
7,13,19,21,29|1|-57,-14,-8|7-19=1,7-21=1,7-29=1,13-21=1,19-21=1,19-29=1,21-29=1
7,13,20,26,31|0|8,21|7-20=0,7-26=0,7-31=0,13-20=0,13-26=0,13-31=0,20-31=0,26-31=0
7,13,21,23,29|1|-57,-51,-24,-8|7-21=1,7-29=1,13-21=1,13-23=1,21-23=1,21-29=1
7,13,26,31,37|0|8,32|7-26=0,7-31=0,7-37=0,13-26=0,13-31=0,13-37=0,26-31=0,26-37=0
7,13,26,32,37|0|8,27|7-26=0,7-32=0,7-37=0,13-26=0,13-32=0,13-37=0,26-37=0,32-37=0
7,13,34,40,42|1|-84,-78,-35,-8|7-40=1,7-42=1,13-34=1,13-42=1,34-42=1,40-42=1
7,15,17,23,29|1|-51,-24,-18|7-15=1,7-17=1,7-29=1,15-17=1,15-23=1,15-29=1,17-29=1
7,15,21,23,24|1|-51,-16|7-15=1,7-21=1,7-24=1,15-23=1,15-24=1,21-23=1,21-24=1,23-24=1
7,15,21,23,29|1|-51,-24,-16|7-15=1,7-21=1,7-29=1,15-23=1,15-29=1,21-23=1,21-29=1
7,16,17,19,33|1|-61|7-16=1,7-17=1,7-19=1,7-33=1,16-17=1,16-19=1,16-33=1,17-19=1,19-33=1
7,21,23,24,33|1|-51|7-21=1,7-24=1,7-33=1,21-23=1,21-24=1,21-33=1,23-24=1,23-33=1,24-33=1
7,24,33,34,36|1|-78|7-24=1,7-33=1,7-36=1,24-33=1,24-34=1,24-36=1,33-34=1,33-36=1,34-36=1
7,24,38,40,41|1|-68|7-24=1,7-38=1,7-40=1,7-41=1,24-38=1,24-41=1,38-40=1,38-41=1,40-41=1
7,28,34,36,42|1|-78,-37,-29|7-28=1,7-36=1,7-42=1,28-36=1,28-42=1,34-36=1,34-42=1
7,28,34,40,42|1|-78,-35,-29|7-28=1,7-40=1,7-42=1,28-40=1,28-42=1,34-42=1,40-42=1
7,33,34,36,42|1|-78,-37|7-33=1,7-36=1,7-42=1,33-34=1,33-36=1,33-42=1,34-36=1,34-42=1
8,9,11,17,25|1|-53,-12|8-9=1,8-11=1,8-17=1,8-25=1,9-11=1,9-17=1,11-25=1,17-25=1
8,9,11,25,42|1|-53|8-9=1,8-11=1,8-25=1,8-42=1,9-11=1,9-42=1,11-25=1,11-42=1,25-42=1
8,10,11,20,37|1|-81|8-10=1,8-11=1,8-20=1,8-37=1,10-11=1,10-20=1,11-20=1,11-37=1,20-37=1
8,10,16,18,24|1|-52,-19,-11|8-10=1,8-16=1,8-18=1,10-18=1,10-24=1,16-18=1,16-24=1
8,10,16,22,24|1|-52,-17,-11|8-10=1,8-16=1,8-22=1,10-22=1,10-24=1,16-24=1,22-24=1
8,11,14,17,20|1|-15,-12,-9|8-11=1,8-17=1,8-20=1,11-14=1,11-20=1,14-17=1,17-20=1
8,13,19,26,32|0|14,27|8-13=0,8-19=0,8-26=0,8-32=0,13-26=0,13-32=0,19-26=0,19-32=0
8,13,19,32,38|0|14,33|8-13=0,8-19=0,8-32=0,8-38=0,13-32=0,13-38=0,19-32=0,19-38=0
8,14,16,22,24|1|-52,-17,-9|8-16=1,8-22=1,14-16=1,14-22=1,14-24=1,16-24=1,22-24=1
8,14,16,22,30|1|-58,-17,-9|8-16=1,8-22=1,8-30=1,14-16=1,14-22=1,16-30=1,22-30=1
8,14,16,24,30|1|-58,-52,-25,-9|8-16=1,8-30=1,14-16=1,14-24=1,16-24=1,16-30=1
8,14,19,32,38|0|9,33|8-19=0,8-32=0,8-38=0,14-19=0,14-32=0,14-38=0,19-32=0,19-38=0
8,14,20,22,30|1|-58,-15,-9|8-20=1,8-22=1,8-30=1,14-22=1,20-22=1,20-30=1,22-30=1
8,14,21,27,32|0|9,22|8-21=0,8-27=0,8-32=0,14-21=0,14-27=0,14-32=0,21-32=0,27-32=0
8,14,22,24,30|1|-58,-52,-25,-9|8-22=1,8-30=1,14-22=1,14-24=1,22-24=1,22-30=1
8,14,27,32,38|0|9,33|8-27=0,8-32=0,8-38=0,14-27=0,14-32=0,14-38=0,27-32=0,27-38=0
8,14,27,33,38|0|9,28|8-27=0,8-33=0,8-38=0,14-27=0,14-33=0,14-38=0,27-38=0,33-38=0
8,16,18,24,30|1|-52,-25,-19|8-16=1,8-18=1,8-30=1,16-18=1,16-24=1,16-30=1,18-30=1
8,16,22,24,25|1|-52,-17|8-16=1,8-22=1,8-25=1,16-24=1,16-25=1,22-24=1,22-25=1,24-25=1
8,16,22,24,30|1|-52,-25,-17|8-16=1,8-22=1,8-30=1,16-24=1,16-30=1,22-24=1,22-30=1
8,17,18,20,34|1|-62|8-17=1,8-18=1,8-20=1,8-34=1,17-18=1,17-20=1,17-34=1,18-20=1,20-34=1
8,22,24,25,34|1|-52|8-22=1,8-25=1,8-34=1,22-24=1,22-25=1,22-34=1,24-25=1,24-34=1,25-34=1
8,25,34,35,37|1|-79|8-25=1,8-34=1,8-37=1,25-34=1,25-35=1,25-37=1,34-35=1,34-37=1,35-37=1
8,25,39,41,42|1|-69|8-25=1,8-39=1,8-41=1,8-42=1,25-39=1,25-42=1,39-41=1,39-42=1,41-42=1
9,10,12,18,26|1|-54,-13|9-10=1,9-12=1,9-18=1,9-26=1,10-12=1,10-18=1,12-26=1,18-26=1
9,11,12,21,38|1|-82|9-11=1,9-12=1,9-21=1,9-38=1,11-12=1,11-21=1,12-21=1,12-38=1,21-38=1
9,11,17,19,25|1|-53,-20,-12|9-11=1,9-17=1,9-19=1,11-19=1,11-25=1,17-19=1,17-25=1
9,11,17,23,25|1|-53,-18,-12|9-11=1,9-17=1,9-23=1,11-23=1,11-25=1,17-25=1,23-25=1
9,12,15,18,21|1|-16,-13,-10|9-12=1,9-18=1,9-21=1,12-15=1,12-21=1,15-18=1,18-21=1
9,14,20,27,33|0|15,28|9-14=0,9-20=0,9-27=0,9-33=0,14-27=0,14-33=0,20-27=0,20-33=0
9,14,20,33,39|0|15,34|9-14=0,9-20=0,9-33=0,9-39=0,14-33=0,14-39=0,20-33=0,20-39=0
9,15,17,23,25|1|-53,-18,-10|9-17=1,9-23=1,15-17=1,15-23=1,15-25=1,17-25=1,23-25=1
9,15,17,23,31|1|-59,-18,-10|9-17=1,9-23=1,9-31=1,15-17=1,15-23=1,17-31=1,23-31=1
9,15,17,25,31|1|-59,-53,-26,-10|9-17=1,9-31=1,15-17=1,15-25=1,17-25=1,17-31=1
9,15,20,33,39|0|10,34|9-20=0,9-33=0,9-39=0,15-20=0,15-33=0,15-39=0,20-33=0,20-39=0
9,15,21,23,31|1|-59,-16,-10|9-21=1,9-23=1,9-31=1,15-23=1,21-23=1,21-31=1,23-31=1
9,15,22,28,33|0|10,23|9-22=0,9-28=0,9-33=0,15-22=0,15-28=0,15-33=0,22-33=0,28-33=0
9,15,23,25,31|1|-59,-53,-26,-10|9-23=1,9-31=1,15-23=1,15-25=1,23-25=1,23-31=1
9,15,28,33,39|0|10,34|9-28=0,9-33=0,9-39=0,15-28=0,15-33=0,15-39=0,28-33=0,28-39=0
9,15,28,34,39|0|10,29|9-28=0,9-34=0,9-39=0,15-28=0,15-34=0,15-39=0,28-39=0,34-39=0
9,17,19,25,31|1|-53,-26,-20|9-17=1,9-19=1,9-31=1,17-19=1,17-25=1,17-31=1,19-31=1
9,17,23,25,26|1|-53,-18|9-17=1,9-23=1,9-26=1,17-25=1,17-26=1,23-25=1,23-26=1,25-26=1
9,17,23,25,31|1|-53,-26,-18|9-17=1,9-23=1,9-31=1,17-25=1,17-31=1,23-25=1,23-31=1
9,18,19,21,35|1|-63|9-18=1,9-19=1,9-21=1,9-35=1,18-19=1,18-21=1,18-35=1,19-21=1,21-35=1
9,23,25,26,35|1|-53|9-23=1,9-26=1,9-35=1,23-25=1,23-26=1,23-35=1,25-26=1,25-35=1,26-35=1
9,26,35,36,38|1|-80|9-26=1,9-35=1,9-38=1,26-35=1,26-36=1,26-38=1,35-36=1,35-38=1,36-38=1
10,11,13,19,27|1|-55,-14|10-11=1,10-13=1,10-19=1,10-27=1,11-13=1,11-19=1,13-27=1,19-27=1
10,12,13,22,39|1|-83|10-12=1,10-13=1,10-22=1,10-39=1,12-13=1,12-22=1,13-22=1,13-39=1,22-39=1
10,12,18,20,26|1|-54,-21,-13|10-12=1,10-18=1,10-20=1,12-20=1,12-26=1,18-20=1,18-26=1
10,12,18,24,26|1|-54,-19,-13|10-12=1,10-18=1,10-24=1,12-24=1,12-26=1,18-26=1,24-26=1
10,13,16,19,22|1|-17,-14,-11|10-13=1,10-19=1,10-22=1,13-16=1,13-22=1,16-19=1,19-22=1
10,15,21,28,34|0|16,29|10-15=0,10-21=0,10-28=0,10-34=0,15-28=0,15-34=0,21-28=0,21-34=0
10,15,21,34,40|0|16,35|10-15=0,10-21=0,10-34=0,10-40=0,15-34=0,15-40=0,21-34=0,21-40=0
10,16,18,24,26|1|-54,-19,-11|10-18=1,10-24=1,16-18=1,16-24=1,16-26=1,18-26=1,24-26=1
10,16,18,24,32|1|-60,-19,-11|10-18=1,10-24=1,10-32=1,16-18=1,16-24=1,18-32=1,24-32=1
10,16,18,26,32|1|-60,-54,-27,-11|10-18=1,10-32=1,16-18=1,16-26=1,18-26=1,18-32=1
10,16,21,34,40|0|11,35|10-21=0,10-34=0,10-40=0,16-21=0,16-34=0,16-40=0,21-34=0,21-40=0
10,16,22,24,32|1|-60,-17,-11|10-22=1,10-24=1,10-32=1,16-24=1,22-24=1,22-32=1,24-32=1
10,16,23,29,34|0|11,24|10-23=0,10-29=0,10-34=0,16-23=0,16-29=0,16-34=0,23-34=0,29-34=0
10,16,24,26,32|1|-60,-54,-27,-11|10-24=1,10-32=1,16-24=1,16-26=1,24-26=1,24-32=1
10,16,29,34,40|0|11,35|10-29=0,10-34=0,10-40=0,16-29=0,16-34=0,16-40=0,29-34=0,29-40=0
10,16,29,35,40|0|11,30|10-29=0,10-35=0,10-40=0,16-29=0,16-35=0,16-40=0,29-40=0,35-40=0
10,18,20,26,32|1|-54,-27,-21|10-18=1,10-20=1,10-32=1,18-20=1,18-26=1,18-32=1,20-32=1
10,18,24,26,27|1|-54,-19|10-18=1,10-24=1,10-27=1,18-26=1,18-27=1,24-26=1,24-27=1,26-27=1
10,18,24,26,32|1|-54,-27,-19|10-18=1,10-24=1,10-32=1,18-26=1,18-32=1,24-26=1,24-32=1
10,19,20,22,36|1|-64|10-19=1,10-20=1,10-22=1,10-36=1,19-20=1,19-22=1,19-36=1,20-22=1,22-36=1
10,24,26,27,36|1|-54|10-24=1,10-27=1,10-36=1,24-26=1,24-27=1,24-36=1,26-27=1,26-36=1,27-36=1
10,27,36,37,39|1|-81|10-27=1,10-36=1,10-39=1,27-36=1,27-37=1,27-39=1,36-37=1,36-39=1,37-39=1
11,12,14,20,28|1|-56,-15|11-12=1,11-14=1,11-20=1,11-28=1,12-14=1,12-20=1,14-28=1,20-28=1
11,13,14,23,40|1|-84|11-13=1,11-14=1,11-23=1,11-40=1,13-14=1,13-23=1,14-23=1,14-40=1,23-40=1
11,13,19,21,27|1|-55,-22,-14|11-13=1,11-19=1,11-21=1,13-21=1,13-27=1,19-21=1,19-27=1
11,13,19,25,27|1|-55,-20,-14|11-13=1,11-19=1,11-25=1,13-25=1,13-27=1,19-27=1,25-27=1
11,14,17,20,23|1|-18,-15,-12|11-14=1,11-20=1,11-23=1,14-17=1,14-23=1,17-20=1,20-23=1
11,16,22,29,35|0|17,30|11-16=0,11-22=0,11-29=0,11-35=0,16-29=0,16-35=0,22-29=0,22-35=0
11,16,22,35,41|0|17,36|11-16=0,11-22=0,11-35=0,11-41=0,16-35=0,16-41=0,22-35=0,22-41=0
11,17,19,25,27|1|-55,-20,-12|11-19=1,11-25=1,17-19=1,17-25=1,17-27=1,19-27=1,25-27=1
11,17,19,25,33|1|-61,-20,-12|11-19=1,11-25=1,11-33=1,17-19=1,17-25=1,19-33=1,25-33=1
11,17,19,27,33|1|-61,-55,-28,-12|11-19=1,11-33=1,17-19=1,17-27=1,19-27=1,19-33=1
11,17,22,35,41|0|12,36|11-22=0,11-35=0,11-41=0,17-22=0,17-35=0,17-41=0,22-35=0,22-41=0
11,17,23,25,33|1|-61,-18,-12|11-23=1,11-25=1,11-33=1,17-25=1,23-25=1,23-33=1,25-33=1
11,17,24,30,35|0|12,25|11-24=0,11-30=0,11-35=0,17-24=0,17-30=0,17-35=0,24-35=0,30-35=0
11,17,25,27,33|1|-61,-55,-28,-12|11-25=1,11-33=1,17-25=1,17-27=1,25-27=1,25-33=1
11,17,30,35,41|0|12,36|11-30=0,11-35=0,11-41=0,17-30=0,17-35=0,17-41=0,30-35=0,30-41=0
11,17,30,36,41|0|12,31|11-30=0,11-36=0,11-41=0,17-30=0,17-36=0,17-41=0,30-41=0,36-41=0
11,19,21,27,33|1|-55,-28,-22|11-19=1,11-21=1,11-33=1,19-21=1,19-27=1,19-33=1,21-33=1
11,19,25,27,28|1|-55,-20|11-19=1,11-25=1,11-28=1,19-27=1,19-28=1,25-27=1,25-28=1,27-28=1
11,19,25,27,33|1|-55,-28,-20|11-19=1,11-25=1,11-33=1,19-27=1,19-33=1,25-27=1,25-33=1
11,20,21,23,37|1|-65|11-20=1,11-21=1,11-23=1,11-37=1,20-21=1,20-23=1,20-37=1,21-23=1,23-37=1
11,25,27,28,37|1|-55|11-25=1,11-28=1,11-37=1,25-27=1,25-28=1,25-37=1,27-28=1,27-37=1,28-37=1
11,28,37,38,40|1|-82|11-28=1,11-37=1,11-40=1,28-37=1,28-38=1,28-40=1,37-38=1,37-40=1,38-40=1
12,13,15,21,29|1|-57,-16|12-13=1,12-15=1,12-21=1,12-29=1,13-15=1,13-21=1,15-29=1,21-29=1
12,14,15,24,41|1|-85|12-14=1,12-15=1,12-24=1,12-41=1,14-15=1,14-24=1,15-24=1,15-41=1,24-41=1
12,14,20,22,28|1|-56,-23,-15|12-14=1,12-20=1,12-22=1,14-22=1,14-28=1,20-22=1,20-28=1
12,14,20,26,28|1|-56,-21,-15|12-14=1,12-20=1,12-26=1,14-26=1,14-28=1,20-28=1,26-28=1
12,15,18,21,24|1|-19,-16,-13|12-15=1,12-21=1,12-24=1,15-18=1,15-24=1,18-21=1,21-24=1
12,17,23,30,36|0|18,31|12-17=0,12-23=0,12-30=0,12-36=0,17-30=0,17-36=0,23-30=0,23-36=0
12,17,23,36,42|0|18,37|12-17=0,12-23=0,12-36=0,12-42=0,17-36=0,17-42=0,23-36=0,23-42=0
12,18,20,26,28|1|-56,-21,-13|12-20=1,12-26=1,18-20=1,18-26=1,18-28=1,20-28=1,26-28=1
12,18,20,26,34|1|-62,-21,-13|12-20=1,12-26=1,12-34=1,18-20=1,18-26=1,20-34=1,26-34=1
12,18,20,28,34|1|-62,-56,-29,-13|12-20=1,12-34=1,18-20=1,18-28=1,20-28=1,20-34=1
12,18,23,36,42|0|13,37|12-23=0,12-36=0,12-42=0,18-23=0,18-36=0,18-42=0,23-36=0,23-42=0
12,18,24,26,34|1|-62,-19,-13|12-24=1,12-26=1,12-34=1,18-26=1,24-26=1,24-34=1,26-34=1
12,18,25,31,36|0|13,26|12-25=0,12-31=0,12-36=0,18-25=0,18-31=0,18-36=0,25-36=0,31-36=0
12,18,26,28,34|1|-62,-56,-29,-13|12-26=1,12-34=1,18-26=1,18-28=1,26-28=1,26-34=1
12,18,31,36,42|0|13,37|12-31=0,12-36=0,12-42=0,18-31=0,18-36=0,18-42=0,31-36=0,31-42=0
12,18,31,37,42|0|13,32|12-31=0,12-37=0,12-42=0,18-31=0,18-37=0,18-42=0,31-42=0,37-42=0
12,20,22,28,34|1|-56,-29,-23|12-20=1,12-22=1,12-34=1,20-22=1,20-28=1,20-34=1,22-34=1
12,20,26,28,29|1|-56,-21|12-20=1,12-26=1,12-29=1,20-28=1,20-29=1,26-28=1,26-29=1,28-29=1
12,20,26,28,34|1|-56,-29,-21|12-20=1,12-26=1,12-34=1,20-28=1,20-34=1,26-28=1,26-34=1
12,21,22,24,38|1|-66|12-21=1,12-22=1,12-24=1,12-38=1,21-22=1,21-24=1,21-38=1,22-24=1,24-38=1
12,26,28,29,38|1|-56|12-26=1,12-29=1,12-38=1,26-28=1,26-29=1,26-38=1,28-29=1,28-38=1,29-38=1
12,29,38,39,41|1|-83|12-29=1,12-38=1,12-41=1,29-38=1,29-39=1,29-41=1,38-39=1,38-41=1,39-41=1
13,14,16,22,30|1|-58,-17|13-14=1,13-16=1,13-22=1,13-30=1,14-16=1,14-22=1,16-30=1,22-30=1
13,15,16,25,42|1|-86|13-15=1,13-16=1,13-25=1,13-42=1,15-16=1,15-25=1,16-25=1,16-42=1,25-42=1
13,15,21,23,29|1|-57,-24,-16|13-15=1,13-21=1,13-23=1,15-23=1,15-29=1,21-23=1,21-29=1
13,15,21,27,29|1|-57,-22,-16|13-15=1,13-21=1,13-27=1,15-27=1,15-29=1,21-29=1,27-29=1
13,16,19,22,25|1|-20,-17,-14|13-16=1,13-22=1,13-25=1,16-19=1,16-25=1,19-22=1,22-25=1
13,18,24,31,37|0|19,32|13-18=0,13-24=0,13-31=0,13-37=0,18-31=0,18-37=0,24-31=0,24-37=0
13,19,21,27,29|1|-57,-22,-14|13-21=1,13-27=1,19-21=1,19-27=1,19-29=1,21-29=1,27-29=1
13,19,21,27,35|1|-63,-22,-14|13-21=1,13-27=1,13-35=1,19-21=1,19-27=1,21-35=1,27-35=1
13,19,21,29,35|1|-63,-57,-30,-14|13-21=1,13-35=1,19-21=1,19-29=1,21-29=1,21-35=1
13,19,25,27,35|1|-63,-20,-14|13-25=1,13-27=1,13-35=1,19-27=1,25-27=1,25-35=1,27-35=1
13,19,26,32,37|0|14,27|13-26=0,13-32=0,13-37=0,19-26=0,19-32=0,19-37=0,26-37=0,32-37=0
13,19,27,29,35|1|-63,-57,-30,-14|13-27=1,13-35=1,19-27=1,19-29=1,27-29=1,27-35=1
13,21,23,29,35|1|-57,-30,-24|13-21=1,13-23=1,13-35=1,21-23=1,21-29=1,21-35=1,23-35=1
13,21,27,29,30|1|-57,-22|13-21=1,13-27=1,13-30=1,21-29=1,21-30=1,27-29=1,27-30=1,29-30=1
13,21,27,29,35|1|-57,-30,-22|13-21=1,13-27=1,13-35=1,21-29=1,21-35=1,27-29=1,27-35=1
13,22,23,25,39|1|-67|13-22=1,13-23=1,13-25=1,13-39=1,22-23=1,22-25=1,22-39=1,23-25=1,25-39=1
13,27,29,30,39|1|-57|13-27=1,13-30=1,13-39=1,27-29=1,27-30=1,27-39=1,29-30=1,29-39=1,30-39=1
13,30,39,40,42|1|-84|13-30=1,13-39=1,13-42=1,30-39=1,30-40=1,30-42=1,39-40=1,39-42=1,40-42=1
14,15,17,23,31|1|-59,-18|14-15=1,14-17=1,14-23=1,14-31=1,15-17=1,15-23=1,17-31=1,23-31=1
14,16,22,24,30|1|-58,-25,-17|14-16=1,14-22=1,14-24=1,16-24=1,16-30=1,22-24=1,22-30=1
14,16,22,28,30|1|-58,-23,-17|14-16=1,14-22=1,14-28=1,16-28=1,16-30=1,22-30=1,28-30=1
14,17,20,23,26|1|-21,-18,-15|14-17=1,14-23=1,14-26=1,17-20=1,17-26=1,20-23=1,23-26=1
14,19,25,32,38|0|20,33|14-19=0,14-25=0,14-32=0,14-38=0,19-32=0,19-38=0,25-32=0,25-38=0
14,20,22,28,30|1|-58,-23,-15|14-22=1,14-28=1,20-22=1,20-28=1,20-30=1,22-30=1,28-30=1
14,20,22,28,36|1|-64,-23,-15|14-22=1,14-28=1,14-36=1,20-22=1,20-28=1,22-36=1,28-36=1
14,20,22,30,36|1|-64,-58,-31,-15|14-22=1,14-36=1,20-22=1,20-30=1,22-30=1,22-36=1
14,20,26,28,36|1|-64,-21,-15|14-26=1,14-28=1,14-36=1,20-28=1,26-28=1,26-36=1,28-36=1
14,20,27,33,38|0|15,28|14-27=0,14-33=0,14-38=0,20-27=0,20-33=0,20-38=0,27-38=0,33-38=0
14,20,28,30,36|1|-64,-58,-31,-15|14-28=1,14-36=1,20-28=1,20-30=1,28-30=1,28-36=1
14,22,24,30,36|1|-58,-31,-25|14-22=1,14-24=1,14-36=1,22-24=1,22-30=1,22-36=1,24-36=1
14,22,28,30,31|1|-58,-23|14-22=1,14-28=1,14-31=1,22-30=1,22-31=1,28-30=1,28-31=1,30-31=1
14,22,28,30,36|1|-58,-31,-23|14-22=1,14-28=1,14-36=1,22-30=1,22-36=1,28-30=1,28-36=1
14,23,24,26,40|1|-68|14-23=1,14-24=1,14-26=1,14-40=1,23-24=1,23-26=1,23-40=1,24-26=1,26-40=1
14,28,30,31,40|1|-58|14-28=1,14-31=1,14-40=1,28-30=1,28-31=1,28-40=1,30-31=1,30-40=1,31-40=1
15,16,18,24,32|1|-60,-19|15-16=1,15-18=1,15-24=1,15-32=1,16-18=1,16-24=1,18-32=1,24-32=1
15,17,23,25,31|1|-59,-26,-18|15-17=1,15-23=1,15-25=1,17-25=1,17-31=1,23-25=1,23-31=1
15,17,23,29,31|1|-59,-24,-18|15-17=1,15-23=1,15-29=1,17-29=1,17-31=1,23-31=1,29-31=1
15,18,21,24,27|1|-22,-19,-16|15-18=1,15-24=1,15-27=1,18-21=1,18-27=1,21-24=1,24-27=1
15,20,26,33,39|0|21,34|15-20=0,15-26=0,15-33=0,15-39=0,20-33=0,20-39=0,26-33=0,26-39=0
15,21,23,29,31|1|-59,-24,-16|15-23=1,15-29=1,21-23=1,21-29=1,21-31=1,23-31=1,29-31=1
15,21,23,29,37|1|-65,-24,-16|15-23=1,15-29=1,15-37=1,21-23=1,21-29=1,23-37=1,29-37=1
15,21,23,31,37|1|-65,-59,-32,-16|15-23=1,15-37=1,21-23=1,21-31=1,23-31=1,23-37=1
15,21,27,29,37|1|-65,-22,-16|15-27=1,15-29=1,15-37=1,21-29=1,27-29=1,27-37=1,29-37=1
15,21,28,34,39|0|16,29|15-28=0,15-34=0,15-39=0,21-28=0,21-34=0,21-39=0,28-39=0,34-39=0
15,21,29,31,37|1|-65,-59,-32,-16|15-29=1,15-37=1,21-29=1,21-31=1,29-31=1,29-37=1
15,23,25,31,37|1|-59,-32,-26|15-23=1,15-25=1,15-37=1,23-25=1,23-31=1,23-37=1,25-37=1
15,23,29,31,32|1|-59,-24|15-23=1,15-29=1,15-32=1,23-31=1,23-32=1,29-31=1,29-32=1,31-32=1
15,23,29,31,37|1|-59,-32,-24|15-23=1,15-29=1,15-37=1,23-31=1,23-37=1,29-31=1,29-37=1
15,24,25,27,41|1|-69|15-24=1,15-25=1,15-27=1,15-41=1,24-25=1,24-27=1,24-41=1,25-27=1,27-41=1
15,29,31,32,41|1|-59|15-29=1,15-32=1,15-41=1,29-31=1,29-32=1,29-41=1,31-32=1,31-41=1,32-41=1
16,17,19,25,33|1|-61,-20|16-17=1,16-19=1,16-25=1,16-33=1,17-19=1,17-25=1,19-33=1,25-33=1
16,18,24,26,32|1|-60,-27,-19|16-18=1,16-24=1,16-26=1,18-26=1,18-32=1,24-26=1,24-32=1
16,18,24,30,32|1|-60,-25,-19|16-18=1,16-24=1,16-30=1,18-30=1,18-32=1,24-32=1,30-32=1
16,19,22,25,28|1|-23,-20,-17|16-19=1,16-25=1,16-28=1,19-22=1,19-28=1,22-25=1,25-28=1
16,21,27,34,40|0|22,35|16-21=0,16-27=0,16-34=0,16-40=0,21-34=0,21-40=0,27-34=0,27-40=0
16,22,24,30,32|1|-60,-25,-17|16-24=1,16-30=1,22-24=1,22-30=1,22-32=1,24-32=1,30-32=1
16,22,24,30,38|1|-66,-25,-17|16-24=1,16-30=1,16-38=1,22-24=1,22-30=1,24-38=1,30-38=1
16,22,24,32,38|1|-66,-60,-33,-17|16-24=1,16-38=1,22-24=1,22-32=1,24-32=1,24-38=1
16,22,28,30,38|1|-66,-23,-17|16-28=1,16-30=1,16-38=1,22-30=1,28-30=1,28-38=1,30-38=1
16,22,29,35,40|0|17,30|16-29=0,16-35=0,16-40=0,22-29=0,22-35=0,22-40=0,29-40=0,35-40=0
16,22,30,32,38|1|-66,-60,-33,-17|16-30=1,16-38=1,22-30=1,22-32=1,30-32=1,30-38=1
16,24,26,32,38|1|-60,-33,-27|16-24=1,16-26=1,16-38=1,24-26=1,24-32=1,24-38=1,26-38=1
16,24,30,32,33|1|-60,-25|16-24=1,16-30=1,16-33=1,24-32=1,24-33=1,30-32=1,30-33=1,32-33=1
16,24,30,32,38|1|-60,-33,-25|16-24=1,16-30=1,16-38=1,24-32=1,24-38=1,30-32=1,30-38=1
16,25,26,28,42|1|-70|16-25=1,16-26=1,16-28=1,16-42=1,25-26=1,25-28=1,25-42=1,26-28=1,28-42=1
16,30,32,33,42|1|-60|16-30=1,16-33=1,16-42=1,30-32=1,30-33=1,30-42=1,32-33=1,32-42=1,33-42=1
17,18,20,26,34|1|-62,-21|17-18=1,17-20=1,17-26=1,17-34=1,18-20=1,18-26=1,20-34=1,26-34=1
17,19,25,27,33|1|-61,-28,-20|17-19=1,17-25=1,17-27=1,19-27=1,19-33=1,25-27=1,25-33=1
17,19,25,31,33|1|-61,-26,-20|17-19=1,17-25=1,17-31=1,19-31=1,19-33=1,25-33=1,31-33=1
17,20,23,26,29|1|-24,-21,-18|17-20=1,17-26=1,17-29=1,20-23=1,20-29=1,23-26=1,26-29=1
17,22,28,35,41|0|23,36|17-22=0,17-28=0,17-35=0,17-41=0,22-35=0,22-41=0,28-35=0,28-41=0
17,23,25,31,33|1|-61,-26,-18|17-25=1,17-31=1,23-25=1,23-31=1,23-33=1,25-33=1,31-33=1
17,23,25,31,39|1|-67,-26,-18|17-25=1,17-31=1,17-39=1,23-25=1,23-31=1,25-39=1,31-39=1
17,23,25,33,39|1|-67,-61,-34,-18|17-25=1,17-39=1,23-25=1,23-33=1,25-33=1,25-39=1
17,23,29,31,39|1|-67,-24,-18|17-29=1,17-31=1,17-39=1,23-31=1,29-31=1,29-39=1,31-39=1
17,23,30,36,41|0|18,31|17-30=0,17-36=0,17-41=0,23-30=0,23-36=0,23-41=0,30-41=0,36-41=0
17,23,31,33,39|1|-67,-61,-34,-18|17-31=1,17-39=1,23-31=1,23-33=1,31-33=1,31-39=1
17,25,27,33,39|1|-61,-34,-28|17-25=1,17-27=1,17-39=1,25-27=1,25-33=1,25-39=1,27-39=1
17,25,31,33,34|1|-61,-26|17-25=1,17-31=1,17-34=1,25-33=1,25-34=1,31-33=1,31-34=1,33-34=1
17,25,31,33,39|1|-61,-34,-26|17-25=1,17-31=1,17-39=1,25-33=1,25-39=1,31-33=1,31-39=1
18,19,21,27,35|1|-63,-22|18-19=1,18-21=1,18-27=1,18-35=1,19-21=1,19-27=1,21-35=1,27-35=1
18,20,26,28,34|1|-62,-29,-21|18-20=1,18-26=1,18-28=1,20-28=1,20-34=1,26-28=1,26-34=1
18,20,26,32,34|1|-62,-27,-21|18-20=1,18-26=1,18-32=1,20-32=1,20-34=1,26-34=1,32-34=1
18,21,24,27,30|1|-25,-22,-19|18-21=1,18-27=1,18-30=1,21-24=1,21-30=1,24-27=1,27-30=1
18,23,29,36,42|0|24,37|18-23=0,18-29=0,18-36=0,18-42=0,23-36=0,23-42=0,29-36=0,29-42=0
18,24,26,32,34|1|-62,-27,-19|18-26=1,18-32=1,24-26=1,24-32=1,24-34=1,26-34=1,32-34=1
18,24,26,32,40|1|-68,-27,-19|18-26=1,18-32=1,18-40=1,24-26=1,24-32=1,26-40=1,32-40=1
18,24,26,34,40|1|-68,-62,-35,-19|18-26=1,18-40=1,24-26=1,24-34=1,26-34=1,26-40=1
18,24,30,32,40|1|-68,-25,-19|18-30=1,18-32=1,18-40=1,24-32=1,30-32=1,30-40=1,32-40=1
18,24,31,37,42|0|19,32|18-31=0,18-37=0,18-42=0,24-31=0,24-37=0,24-42=0,31-42=0,37-42=0
18,24,32,34,40|1|-68,-62,-35,-19|18-32=1,18-40=1,24-32=1,24-34=1,32-34=1,32-40=1
18,26,28,34,40|1|-62,-35,-29|18-26=1,18-28=1,18-40=1,26-28=1,26-34=1,26-40=1,28-40=1
18,26,32,34,35|1|-62,-27|18-26=1,18-32=1,18-35=1,26-34=1,26-35=1,32-34=1,32-35=1,34-35=1
18,26,32,34,40|1|-62,-35,-27|18-26=1,18-32=1,18-40=1,26-34=1,26-40=1,32-34=1,32-40=1
19,20,22,28,36|1|-64,-23|19-20=1,19-22=1,19-28=1,19-36=1,20-22=1,20-28=1,22-36=1,28-36=1
19,21,27,29,35|1|-63,-30,-22|19-21=1,19-27=1,19-29=1,21-29=1,21-35=1,27-29=1,27-35=1
19,21,27,33,35|1|-63,-28,-22|19-21=1,19-27=1,19-33=1,21-33=1,21-35=1,27-35=1,33-35=1
19,22,25,28,31|1|-26,-23,-20|19-22=1,19-28=1,19-31=1,22-25=1,22-31=1,25-28=1,28-31=1
19,25,27,33,35|1|-63,-28,-20|19-27=1,19-33=1,25-27=1,25-33=1,25-35=1,27-35=1,33-35=1
19,25,27,33,41|1|-69,-28,-20|19-27=1,19-33=1,19-41=1,25-27=1,25-33=1,27-41=1,33-41=1
19,25,27,35,41|1|-69,-63,-36,-20|19-27=1,19-41=1,25-27=1,25-35=1,27-35=1,27-41=1
19,25,31,33,41|1|-69,-26,-20|19-31=1,19-33=1,19-41=1,25-33=1,31-33=1,31-41=1,33-41=1
19,25,33,35,41|1|-69,-63,-36,-20|19-33=1,19-41=1,25-33=1,25-35=1,33-35=1,33-41=1
19,27,29,35,41|1|-63,-36,-30|19-27=1,19-29=1,19-41=1,27-29=1,27-35=1,27-41=1,29-41=1
19,27,33,35,36|1|-63,-28|19-27=1,19-33=1,19-36=1,27-35=1,27-36=1,33-35=1,33-36=1,35-36=1
19,27,33,35,41|1|-63,-36,-28|19-27=1,19-33=1,19-41=1,27-35=1,27-41=1,33-35=1,33-41=1
20,21,23,29,37|1|-65,-24|20-21=1,20-23=1,20-29=1,20-37=1,21-23=1,21-29=1,23-37=1,29-37=1
20,22,28,30,36|1|-64,-31,-23|20-22=1,20-28=1,20-30=1,22-30=1,22-36=1,28-30=1,28-36=1
20,22,28,34,36|1|-64,-29,-23|20-22=1,20-28=1,20-34=1,22-34=1,22-36=1,28-36=1,34-36=1
20,23,26,29,32|1|-27,-24,-21|20-23=1,20-29=1,20-32=1,23-26=1,23-32=1,26-29=1,29-32=1
20,26,28,34,36|1|-64,-29,-21|20-28=1,20-34=1,26-28=1,26-34=1,26-36=1,28-36=1,34-36=1
20,26,28,34,42|1|-70,-29,-21|20-28=1,20-34=1,20-42=1,26-28=1,26-34=1,28-42=1,34-42=1
20,26,28,36,42|1|-70,-64,-37,-21|20-28=1,20-42=1,26-28=1,26-36=1,28-36=1,28-42=1
20,26,32,34,42|1|-70,-27,-21|20-32=1,20-34=1,20-42=1,26-34=1,32-34=1,32-42=1,34-42=1
20,26,34,36,42|1|-70,-64,-37,-21|20-34=1,20-42=1,26-34=1,26-36=1,34-36=1,34-42=1
20,28,30,36,42|1|-64,-37,-31|20-28=1,20-30=1,20-42=1,28-30=1,28-36=1,28-42=1,30-42=1
20,28,34,36,37|1|-64,-29|20-28=1,20-34=1,20-37=1,28-36=1,28-37=1,34-36=1,34-37=1,36-37=1
20,28,34,36,42|1|-64,-37,-29|20-28=1,20-34=1,20-42=1,28-36=1,28-42=1,34-36=1,34-42=1
21,22,24,30,38|1|-66,-25|21-22=1,21-24=1,21-30=1,21-38=1,22-24=1,22-30=1,24-38=1,30-38=1
21,23,29,31,37|1|-65,-32,-24|21-23=1,21-29=1,21-31=1,23-31=1,23-37=1,29-31=1,29-37=1
21,23,29,35,37|1|-65,-30,-24|21-23=1,21-29=1,21-35=1,23-35=1,23-37=1,29-37=1,35-37=1
21,24,27,30,33|1|-28,-25,-22|21-24=1,21-30=1,21-33=1,24-27=1,24-33=1,27-30=1,30-33=1
21,27,29,35,37|1|-65,-30,-22|21-29=1,21-35=1,27-29=1,27-35=1,27-37=1,29-37=1,35-37=1
21,29,35,37,38|1|-65,-30|21-29=1,21-35=1,21-38=1,29-37=1,29-38=1,35-37=1,35-38=1,37-38=1
22,23,25,31,39|1|-67,-26|22-23=1,22-25=1,22-31=1,22-39=1,23-25=1,23-31=1,25-39=1,31-39=1
22,24,30,32,38|1|-66,-33,-25|22-24=1,22-30=1,22-32=1,24-32=1,24-38=1,30-32=1,30-38=1
22,24,30,36,38|1|-66,-31,-25|22-24=1,22-30=1,22-36=1,24-36=1,24-38=1,30-38=1,36-38=1
22,25,28,31,34|1|-29,-26,-23|22-25=1,22-31=1,22-34=1,25-28=1,25-34=1,28-31=1,31-34=1
22,28,30,36,38|1|-66,-31,-23|22-30=1,22-36=1,28-30=1,28-36=1,28-38=1,30-38=1,36-38=1
22,30,36,38,39|1|-66,-31|22-30=1,22-36=1,22-39=1,30-38=1,30-39=1,36-38=1,36-39=1,38-39=1
23,24,26,32,40|1|-68,-27|23-24=1,23-26=1,23-32=1,23-40=1,24-26=1,24-32=1,26-40=1,32-40=1
23,25,31,33,39|1|-67,-34,-26|23-25=1,23-31=1,23-33=1,25-33=1,25-39=1,31-33=1,31-39=1
23,25,31,37,39|1|-67,-32,-26|23-25=1,23-31=1,23-37=1,25-37=1,25-39=1,31-39=1,37-39=1
23,26,29,32,35|1|-30,-27,-24|23-26=1,23-32=1,23-35=1,26-29=1,26-35=1,29-32=1,32-35=1
23,29,31,37,39|1|-67,-32,-24|23-31=1,23-37=1,29-31=1,29-37=1,29-39=1,31-39=1,37-39=1
23,31,37,39,40|1|-67,-32|23-31=1,23-37=1,23-40=1,31-39=1,31-40=1,37-39=1,37-40=1,39-40=1
24,25,27,33,41|1|-69,-28|24-25=1,24-27=1,24-33=1,24-41=1,25-27=1,25-33=1,27-41=1,33-41=1
24,26,32,34,40|1|-68,-35,-27|24-26=1,24-32=1,24-34=1,26-34=1,26-40=1,32-34=1,32-40=1
24,26,32,38,40|1|-68,-33,-27|24-26=1,24-32=1,24-38=1,26-38=1,26-40=1,32-40=1,38-40=1
24,27,30,33,36|1|-31,-28,-25|24-27=1,24-33=1,24-36=1,27-30=1,27-36=1,30-33=1,33-36=1
24,30,32,38,40|1|-68,-33,-25|24-32=1,24-38=1,30-32=1,30-38=1,30-40=1,32-40=1,38-40=1
24,32,38,40,41|1|-68,-33|24-32=1,24-38=1,24-41=1,32-40=1,32-41=1,38-40=1,38-41=1,40-41=1
25,26,28,34,42|1|-70,-29|25-26=1,25-28=1,25-34=1,25-42=1,26-28=1,26-34=1,28-42=1,34-42=1
25,27,33,35,41|1|-69,-36,-28|25-27=1,25-33=1,25-35=1,27-35=1,27-41=1,33-35=1,33-41=1
25,27,33,39,41|1|-69,-34,-28|25-27=1,25-33=1,25-39=1,27-39=1,27-41=1,33-41=1,39-41=1
25,28,31,34,37|1|-32,-29,-26|25-28=1,25-34=1,25-37=1,28-31=1,28-37=1,31-34=1,34-37=1
25,31,33,39,41|1|-69,-34,-26|25-33=1,25-39=1,31-33=1,31-39=1,31-41=1,33-41=1,39-41=1
25,33,39,41,42|1|-69,-34|25-33=1,25-39=1,25-42=1,33-41=1,33-42=1,39-41=1,39-42=1,41-42=1
26,28,34,36,42|1|-70,-37,-29|26-28=1,26-34=1,26-36=1,28-36=1,28-42=1,34-36=1,34-42=1
26,28,34,40,42|1|-70,-35,-29|26-28=1,26-34=1,26-40=1,28-40=1,28-42=1,34-42=1,40-42=1
26,29,32,35,38|1|-33,-30,-27|26-29=1,26-35=1,26-38=1,29-32=1,29-38=1,32-35=1,35-38=1
26,32,34,40,42|1|-70,-35,-27|26-34=1,26-40=1,32-34=1,32-40=1,32-42=1,34-42=1,40-42=1
27,30,33,36,39|1|-34,-31,-28|27-30=1,27-36=1,27-39=1,30-33=1,30-39=1,33-36=1,36-39=1
28,31,34,37,40|1|-35,-32,-29|28-31=1,28-37=1,28-40=1,31-34=1,31-40=1,34-37=1,37-40=1
29,32,35,38,41|1|-36,-33,-30|29-32=1,29-38=1,29-41=1,32-35=1,32-41=1,35-38=1,38-41=1
30,33,36,39,42|1|-37,-34,-31|30-33=1,30-39=1,30-42=1,33-36=1,33-42=1,36-39=1,39-42=1
