1|87|0,1,2,3,4|1
2|88|0,1,2,3,42|1
3|89|0,1,2,4,10|1
4|90|0,1,2,4,35|1
5|91|0,1,2,4,41|1
6|92|0,1,2,10,41|1
7|93|0,1,2,35,41|1
8|94|0,1,2,41,42|1
9|95|0,1,3,9,40|1
10|96|0,1,3,9,42|1
11|97|0,1,3,34,40|1
12|98|0,1,3,34,42|1
13|99|0,1,3,40,42|1
14|100|0,1,4,10,41|1
15|101|0,1,4,35,41|1
16|102|0,1,9,40,42|1
17|103|0,1,34,40,42|1
18|104|0,1,40,41,42|1
19|105|0,2,3,4,6|1
20|106|0,2,3,4,12|1
21|107|0,2,3,4,37|1
22|108|0,2,3,6,12|1
23|109|0,2,3,6,37|1
24|110|0,2,4,6,8|1
25|111|0,2,4,6,10|1
26|112|0,2,4,6,12|1
27|113|0,2,4,6,14|1
28|114|0,2,4,6,35|1
29|115|0,2,4,6,37|1
30|116|0,2,4,6,39|1
31|117|0,2,4,6,41|1
32|118|0,2,4,8,10|1
33|119|0,2,4,8,12|1
34|120|0,2,4,8,14|1
35|121|0,2,4,8,37|1
36|122|0,2,4,8,39|1
37|123|0,2,4,8,41|1
38|124|0,2,4,10,12|1
39|125|0,2,4,10,14|1
40|126|0,2,4,10,39|1
41|127|0,2,4,10,41|1
42|128|0,2,4,12,14|1
43|129|0,2,4,12,33|1
44|130|0,2,4,12,41|1
45|131|0,2,4,14,35|1
46|132|0,2,4,33,35|1
47|133|0,2,4,33,37|1
48|134|0,2,4,33,39|1
49|135|0,2,4,33,41|1
50|136|0,2,4,35,37|1
51|137|0,2,4,35,39|1
52|138|0,2,4,35,41|1
53|139|0,2,4,37,39|1
54|140|0,2,4,37,41|1
55|141|0,2,4,39,41|1
56|142|0,2,6,8,10|1
57|143|0,2,6,8,12|1
58|144|0,2,6,8,14|1
59|145|0,2,6,8,37|1
60|146|0,2,6,8,39|1
61|147|0,2,6,8,41|1
62|148|0,2,6,10,12|1
63|149|0,2,6,10,14|1
64|150|0,2,6,10,39|1
65|151|0,2,6,10,41|1
66|152|0,2,6,12,14|1
67|153|0,2,6,12,41|1
68|154|0,2,6,14,35|1
69|155|0,2,6,35,37|1
70|156|0,2,6,35,39|1
71|157|0,2,6,35,41|1
72|158|0,2,6,37,39|1
73|159|0,2,6,37,41|1
74|160|0,2,6,39,41|1
75|161|0,2,8,10,12|1
76|162|0,2,8,10,14|1
77|163|0,2,8,10,39|1
78|164|0,2,8,10,41|1
79|165|0,2,8,12,14|1
80|166|0,2,8,12,41|1
81|167|0,2,8,37,39|1
82|168|0,2,8,37,41|1
83|169|0,2,8,39,41|1
84|170|0,2,8,39,42|1
85|171|0,2,8,41,42|1
86|172|0,2,10,12,14|1
87|173|0,2,10,12,41|1
88|174|0,2,10,14,31|1
89|175|0,2,10,31,39|1
90|176|0,2,10,31,41|1
91|177|0,2,10,39,41|1
92|178|0,2,12,33,41|1
93|179|0,2,14,31,35|1
94|180|0,2,31,33,35|1
95|181|0,2,31,33,37|1
96|182|0,2,31,33,39|1
97|183|0,2,31,33,41|1
98|184|0,2,31,35,37|1
99|185|0,2,31,35,39|1
100|186|0,2,31,35,41|1
101|187|0,2,31,37,39|1
102|188|0,2,31,37,41|1
103|189|0,2,31,39,41|1
104|190|0,2,33,35,37|1
105|191|0,2,33,35,39|1
106|192|0,2,33,35,41|1
107|193|0,2,33,37,39|1
108|194|0,2,33,37,41|1
109|195|0,2,33,39,41|1
110|196|0,2,33,39,42|1
111|197|0,2,33,41,42|1
112|198|0,2,35,37,39|1
113|199|0,2,35,37,41|1
114|200|0,2,35,39,41|1
115|201|0,2,37,39,41|1
116|202|0,2,39,41,42|1
117|203|0,3,4,6,12|1
118|204|0,3,4,6,37|1
119|205|0,3,6,9,12|1
120|206|0,3,6,9,40|1
121|207|0,3,6,37,40|1
122|208|0,3,9,40,42|1
123|209|0,3,34,37,40|1
124|210|0,3,34,40,42|1
125|211|0,4,6,8,10|1
126|212|0,4,6,8,12|1
127|213|0,4,6,8,14|1
128|214|0,4,6,8,37|1
129|215|0,4,6,8,39|1
130|216|0,4,6,8,41|1
131|217|0,4,6,10,12|1
132|218|0,4,6,10,14|1
133|219|0,4,6,10,39|1
134|220|0,4,6,10,41|1
135|221|0,4,6,12,14|1
136|222|0,4,6,12,41|1
137|223|0,4,6,14,35|1
138|224|0,4,6,35,37|1
139|225|0,4,6,35,39|1
140|226|0,4,6,35,41|1
141|227|0,4,6,37,39|1
142|228|0,4,6,37,41|1
143|229|0,4,6,39,41|1
144|230|0,4,8,10,12|1
145|231|0,4,8,10,14|1
146|232|0,4,8,10,39|1
147|233|0,4,8,10,41|1
148|234|0,4,8,12,14|1
149|235|0,4,8,12,41|1
150|236|0,4,8,37,39|1
151|237|0,4,8,37,41|1
152|238|0,4,8,39,41|1
153|239|0,4,10,12,14|1
154|240|0,4,10,12,41|1
155|241|0,4,10,39,41|1
156|242|0,4,12,14,26|1
157|243|0,4,12,21,33|1
158|244|0,4,12,33,41|1
159|245|0,4,14,26,35|1
160|246|0,4,21,33,35|1
161|247|0,4,33,35,37|1
162|248|0,4,33,35,39|1
163|249|0,4,33,35,41|1
164|250|0,4,33,37,39|1
165|251|0,4,33,37,41|1
166|252|0,4,33,39,41|1
167|253|0,4,35,37,39|1
168|254|0,4,35,37,41|1
169|255|0,4,35,39,41|1
170|256|0,4,37,39,41|1
171|257|0,5,11,18,24|0
172|258|0,5,11,24,30|0
173|259|0,5,18,24,37|0
174|260|0,5,24,30,37|0
175|261|0,6,8,9,10|1
176|262|0,6,8,9,12|1
177|263|0,6,8,10,12|1
178|264|0,6,8,10,14|1
179|265|0,6,8,10,39|1
180|266|0,6,8,10,41|1
181|267|0,6,8,12,14|1
182|268|0,6,8,12,41|1
183|269|0,6,8,37,39|1
184|270|0,6,8,37,41|1
185|271|0,6,8,39,41|1
186|272|0,6,9,10,12|1
187|273|0,6,10,12,14|1
188|274|0,6,10,12,41|1
189|275|0,6,10,39,41|1
190|276|0,6,11,24,30|0
191|277|0,6,11,30,36|0
192|278|0,6,13,19,24|0
193|279|0,6,13,19,38|0
194|280|0,6,19,24,30|0
195|281|0,6,19,25,30|0
196|282|0,6,19,25,38|0
197|283|0,6,25,30,36|0
198|284|0,6,35,37,39|1
199|285|0,6,35,37,41|1
200|286|0,6,35,39,41|1
201|287|0,6,37,39,40|1
202|288|0,6,37,39,41|1
203|289|0,6,37,40,41|1
204|290|0,6,39,40,41|1
205|291|0,7,13,18,37|0
206|292|0,7,13,32,37|0
207|293|0,8,9,10,12|1
208|294|0,8,10,12,14|1
209|295|0,8,10,12,22|1
210|296|0,8,10,12,41|1
211|297|0,8,10,14,22|1
212|298|0,8,10,22,39|1
213|299|0,8,10,39,41|1
214|300|0,8,12,14,22|1
215|301|0,8,12,22,34|1
216|302|0,8,12,29,41|1
217|303|0,8,17,29,39|1
218|304|0,8,29,37,39|1
219|305|0,8,29,37,41|1
220|306|0,8,29,39,41|1
221|307|0,8,37,39,41|1
222|308|0,8,39,41,42|1
223|309|0,9,17,21,31|1
224|310|0,9,21,31,35|1
225|311|0,10,12,14,22|1
226|312|0,10,14,22,31|1
227|313|0,10,22,31,39|1
228|314|0,10,31,39,41|1
229|315|0,12,14,22,26|1
230|316|0,12,21,29,33|1
231|317|0,12,22,26,34|1
232|318|0,12,29,33,41|1
233|319|0,13,18,24,37|0
234|320|0,13,19,24,37|0
235|321|0,13,19,32,37|0
236|322|0,13,19,32,38|0
237|323|0,17,21,29,31|1
238|324|0,17,29,31,39|1
239|325|0,19,24,30,37|0
240|326|0,19,25,32,38|0
241|327|0,21,29,31,33|1
242|328|0,21,29,31,35|1
243|329|0,21,29,33,35|1
244|330|0,21,31,33,35|1
245|331|0,29,31,33,35|1
246|332|0,29,31,33,37|1
247|333|0,29,31,33,39|1
248|334|0,29,31,33,41|1
249|335|0,29,31,35,37|1
250|336|0,29,31,35,39|1
251|337|0,29,31,35,41|1
252|338|0,29,31,37,39|1
253|339|0,29,31,37,41|1
254|340|0,29,31,39,41|1
255|341|0,29,33,35,37|1
256|342|0,29,33,35,39|1
257|343|0,29,33,35,41|1
258|344|0,29,33,37,39|1
259|345|0,29,33,37,41|1
260|346|0,29,33,39,41|1
261|347|0,29,35,37,39|1
262|348|0,29,35,37,41|1
263|349|0,29,35,39,41|1
264|350|0,29,37,39,41|1
265|351|0,31,33,34,35|1
266|352|0,31,33,34,37|1
267|353|0,31,33,35,37|1
268|354|0,31,33,35,39|1
269|355|0,31,33,35,41|1
270|356|0,31,33,37,39|1
271|357|0,31,33,37,41|1
272|358|0,31,33,39,41|1
273|359|0,31,34,35,37|1
274|360|0,31,34,37,40|1
275|361|0,31,35,37,39|1
276|362|0,31,35,37,41|1
277|363|0,31,35,39,41|1
278|364|0,31,37,39,40|1
279|365|0,31,37,39,41|1
280|366|0,31,37,40,41|1
281|367|0,31,39,40,41|1
282|368|0,33,34,35,37|1
283|369|0,33,35,37,39|1
284|370|0,33,35,37,41|1
285|371|0,33,35,39,41|1
286|372|0,33,37,39,41|1
287|373|0,33,39,41,42|1
288|374|0,35,37,39,41|1
289|375|0,37,39,40,41|1
290|376|0,39,40,41,42|1
291|377|1,2,3,4,5|1
292|378|1,2,3,5,11|1
293|379|1,2,3,5,36|1
294|380|1,2,3,5,42|1
295|381|1,2,3,11,42|1
296|382|1,2,3,36,42|1
297|383|1,2,4,10,41|1
298|384|1,2,4,35,41|1
299|385|1,2,5,11,42|1
300|386|1,2,5,36,42|1
301|387|1,3,4,5,7|1
302|388|1,3,4,5,13|1
303|389|1,3,4,5,38|1
304|390|1,3,4,7,13|1
305|391|1,3,4,7,38|1
306|392|1,3,5,7,9|1
307|393|1,3,5,7,11|1
308|394|1,3,5,7,13|1
309|395|1,3,5,7,15|1
310|396|1,3,5,7,36|1
311|397|1,3,5,7,38|1
312|398|1,3,5,7,40|1
313|399|1,3,5,7,42|1
314|400|1,3,5,9,11|1
315|401|1,3,5,9,13|1
316|402|1,3,5,9,15|1
317|403|1,3,5,9,38|1
318|404|1,3,5,9,40|1
319|405|1,3,5,9,42|1
320|406|1,3,5,11,13|1
321|407|1,3,5,11,15|1
322|408|1,3,5,11,40|1
323|409|1,3,5,11,42|1
324|410|1,3,5,13,15|1
325|411|1,3,5,13,34|1
326|412|1,3,5,13,42|1
327|413|1,3,5,15,36|1
328|414|1,3,5,34,36|1
329|415|1,3,5,34,38|1
330|416|1,3,5,34,40|1
331|417|1,3,5,34,42|1
332|418|1,3,5,36,38|1
333|419|1,3,5,36,40|1
334|420|1,3,5,36,42|1
335|421|1,3,5,38,40|1
336|422|1,3,5,38,42|1
337|423|1,3,5,40,42|1
338|424|1,3,7,9,11|1
339|425|1,3,7,9,13|1
340|426|1,3,7,9,15|1
341|427|1,3,7,9,38|1
342|428|1,3,7,9,40|1
343|429|1,3,7,9,42|1
344|430|1,3,7,11,13|1
345|431|1,3,7,11,15|1
346|432|1,3,7,11,40|1
347|433|1,3,7,11,42|1
348|434|1,3,7,13,15|1
349|435|1,3,7,13,42|1
350|436|1,3,7,15,36|1
351|437|1,3,7,36,38|1
352|438|1,3,7,36,40|1
353|439|1,3,7,36,42|1
354|440|1,3,7,38,40|1
355|441|1,3,7,38,42|1
356|442|1,3,7,40,42|1
357|443|1,3,9,11,13|1
358|444|1,3,9,11,15|1
359|445|1,3,9,11,40|1
360|446|1,3,9,11,42|1
361|447|1,3,9,13,15|1
362|448|1,3,9,13,42|1
363|449|1,3,9,38,40|1
364|450|1,3,9,38,42|1
365|451|1,3,9,40,42|1
366|452|1,3,11,13,15|1
367|453|1,3,11,13,42|1
368|454|1,3,11,15,32|1
369|455|1,3,11,32,40|1
370|456|1,3,11,32,42|1
371|457|1,3,11,40,42|1
372|458|1,3,13,34,42|1
373|459|1,3,15,32,36|1
374|460|1,3,32,34,36|1
375|461|1,3,32,34,38|1
376|462|1,3,32,34,40|1
377|463|1,3,32,34,42|1
378|464|1,3,32,36,38|1
379|465|1,3,32,36,40|1
380|466|1,3,32,36,42|1
381|467|1,3,32,38,40|1
382|468|1,3,32,38,42|1
383|469|1,3,32,40,42|1
384|470|1,3,34,36,38|1
385|471|1,3,34,36,40|1
386|472|1,3,34,36,42|1
387|473|1,3,34,38,40|1
388|474|1,3,34,38,42|1
389|475|1,3,34,40,42|1
390|476|1,3,36,38,40|1
391|477|1,3,36,38,42|1
392|478|1,3,36,40,42|1
393|479|1,3,38,40,42|1
394|480|1,4,5,7,13|1
395|481|1,4,5,7,38|1
396|482|1,4,7,10,13|1
397|483|1,4,7,10,41|1
398|484|1,4,7,38,41|1
399|485|1,4,35,38,41|1
400|486|1,5,7,9,11|1
401|487|1,5,7,9,13|1
402|488|1,5,7,9,15|1
403|489|1,5,7,9,38|1
404|490|1,5,7,9,40|1
405|491|1,5,7,9,42|1
406|492|1,5,7,11,13|1
407|493|1,5,7,11,15|1
408|494|1,5,7,11,40|1
409|495|1,5,7,11,42|1
410|496|1,5,7,13,15|1
411|497|1,5,7,13,42|1
412|498|1,5,7,15,36|1
413|499|1,5,7,36,38|1
414|500|1,5,7,36,40|1
415|501|1,5,7,36,42|1
416|502|1,5,7,38,40|1
417|503|1,5,7,38,42|1
418|504|1,5,7,40,42|1
419|505|1,5,9,11,13|1
420|506|1,5,9,11,15|1
421|507|1,5,9,11,40|1
422|508|1,5,9,11,42|1
423|509|1,5,9,13,15|1
424|510|1,5,9,13,42|1
425|511|1,5,9,38,40|1
426|512|1,5,9,38,42|1
427|513|1,5,9,40,42|1
428|514|1,5,11,13,15|1
429|515|1,5,11,13,42|1
430|516|1,5,11,40,42|1
431|517|1,5,13,15,27|1
432|518|1,5,13,22,34|1
433|519|1,5,13,34,42|1
434|520|1,5,15,27,36|1
435|521|1,5,22,34,36|1
436|522|1,5,34,36,38|1
437|523|1,5,34,36,40|1
438|524|1,5,34,36,42|1
439|525|1,5,34,38,40|1
440|526|1,5,34,38,42|1
441|527|1,5,34,40,42|1
442|528|1,5,36,38,40|1
443|529|1,5,36,38,42|1
444|530|1,5,36,40,42|1
445|531|1,5,38,40,42|1
446|532|1,6,12,19,25|0
447|533|1,6,12,25,31|0
448|534|1,6,19,25,38|0
449|535|1,6,25,31,38|0
450|536|1,7,9,10,11|1
451|537|1,7,9,10,13|1
452|538|1,7,9,11,13|1
453|539|1,7,9,11,15|1
454|540|1,7,9,11,40|1
455|541|1,7,9,11,42|1
456|542|1,7,9,13,15|1
457|543|1,7,9,13,42|1
458|544|1,7,9,38,40|1
459|545|1,7,9,38,42|1
460|546|1,7,9,40,42|1
461|547|1,7,10,11,13|1
462|548|1,7,11,13,15|1
463|549|1,7,11,13,42|1
464|550|1,7,11,40,42|1
465|551|1,7,12,25,31|0
466|552|1,7,12,31,37|0
467|553|1,7,14,20,25|0
468|554|1,7,14,20,39|0
469|555|1,7,20,25,31|0
470|556|1,7,20,26,31|0
471|557|1,7,20,26,39|0
472|558|1,7,26,31,37|0
473|559|1,7,36,38,40|1
474|560|1,7,36,38,42|1
475|561|1,7,36,40,42|1
476|562|1,7,38,40,41|1
477|563|1,7,38,40,42|1
478|564|1,7,38,41,42|1
479|565|1,7,40,41,42|1
480|566|1,8,14,19,38|0
481|567|1,8,14,33,38|0
482|568|1,9,10,11,13|1
483|569|1,9,11,13,15|1
484|570|1,9,11,13,23|1
485|571|1,9,11,13,42|1
486|572|1,9,11,15,23|1
487|573|1,9,11,23,40|1
488|574|1,9,11,40,42|1
489|575|1,9,13,15,23|1
490|576|1,9,13,23,35|1
491|577|1,9,13,30,42|1
492|578|1,9,18,30,40|1
493|579|1,9,30,38,40|1
494|580|1,9,30,38,42|1
495|581|1,9,30,40,42|1
496|582|1,9,38,40,42|1
497|583|1,10,18,22,32|1
498|584|1,10,22,32,36|1
499|585|1,11,13,15,23|1
500|586|1,11,15,23,32|1
501|587|1,11,23,32,40|1
502|588|1,11,32,40,42|1
503|589|1,13,15,23,27|1
504|590|1,13,22,30,34|1
505|591|1,13,23,27,35|1
506|592|1,13,30,34,42|1
507|593|1,14,19,25,38|0
508|594|1,14,20,25,38|0
509|595|1,14,20,33,38|0
510|596|1,14,20,33,39|0
511|597|1,18,22,30,32|1
512|598|1,18,30,32,40|1
513|599|1,20,25,31,38|0
514|600|1,20,26,33,39|0
515|601|1,22,30,32,34|1
516|602|1,22,30,32,36|1
517|603|1,22,30,34,36|1
518|604|1,22,32,34,36|1
519|605|1,30,32,34,36|1
520|606|1,30,32,34,38|1
521|607|1,30,32,34,40|1
522|608|1,30,32,34,42|1
523|609|1,30,32,36,38|1
524|610|1,30,32,36,40|1
525|611|1,30,32,36,42|1
526|612|1,30,32,38,40|1
527|613|1,30,32,38,42|1
528|614|1,30,32,40,42|1
529|615|1,30,34,36,38|1
530|616|1,30,34,36,40|1
531|617|1,30,34,36,42|1
532|618|1,30,34,38,40|1
533|619|1,30,34,38,42|1
534|620|1,30,34,40,42|1
535|621|1,30,36,38,40|1
536|622|1,30,36,38,42|1
537|623|1,30,36,40,42|1
538|624|1,30,38,40,42|1
539|625|1,32,34,35,36|1
540|626|1,32,34,35,38|1
541|627|1,32,34,36,38|1
542|628|1,32,34,36,40|1
543|629|1,32,34,36,42|1
544|630|1,32,34,38,40|1
545|631|1,32,34,38,42|1
546|632|1,32,34,40,42|1
547|633|1,32,35,36,38|1
548|634|1,32,35,38,41|1
549|635|1,32,36,38,40|1
550|636|1,32,36,38,42|1
551|637|1,32,36,40,42|1
552|638|1,32,38,40,41|1
553|639|1,32,38,40,42|1
554|640|1,32,38,41,42|1
555|641|1,32,40,41,42|1
556|642|1,34,35,36,38|1
557|643|1,34,36,38,40|1
558|644|1,34,36,38,42|1
559|645|1,34,36,40,42|1
560|646|1,34,38,40,42|1
561|647|1,36,38,40,42|1
562|648|1,38,40,41,42|1
563|649|2,3,4,5,6|1
564|650|2,3,4,6,12|1
565|651|2,3,4,6,37|1
566|652|2,3,5,11,42|1
567|653|2,3,5,36,42|1
568|654|2,4,5,6,8|1
569|655|2,4,5,6,14|1
570|656|2,4,5,6,39|1
571|657|2,4,5,8,14|1
572|658|2,4,5,8,39|1
573|659|2,4,6,8,10|1
574|660|2,4,6,8,12|1
575|661|2,4,6,8,14|1
576|662|2,4,6,8,16|1
577|663|2,4,6,8,37|1
578|664|2,4,6,8,39|1
579|665|2,4,6,8,41|1
580|666|2,4,6,10,12|1
581|667|2,4,6,10,14|1
582|668|2,4,6,10,16|1
583|669|2,4,6,10,39|1
584|670|2,4,6,10,41|1
585|671|2,4,6,12,14|1
586|672|2,4,6,12,16|1
587|673|2,4,6,12,41|1
588|674|2,4,6,14,16|1
589|675|2,4,6,14,35|1
590|676|2,4,6,16,37|1
591|677|2,4,6,35,37|1
592|678|2,4,6,35,39|1
593|679|2,4,6,35,41|1
594|680|2,4,6,37,39|1
595|681|2,4,6,37,41|1
596|682|2,4,6,39,41|1
597|683|2,4,8,10,12|1
598|684|2,4,8,10,14|1
599|685|2,4,8,10,16|1
600|686|2,4,8,10,39|1
601|687|2,4,8,10,41|1
602|688|2,4,8,12,14|1
603|689|2,4,8,12,16|1
604|690|2,4,8,12,41|1
605|691|2,4,8,14,16|1
606|692|2,4,8,16,37|1
607|693|2,4,8,37,39|1
608|694|2,4,8,37,41|1
609|695|2,4,8,39,41|1
610|696|2,4,10,12,14|1
611|697|2,4,10,12,16|1
612|698|2,4,10,12,41|1
613|699|2,4,10,14,16|1
614|700|2,4,10,39,41|1
615|701|2,4,12,14,16|1
616|702|2,4,12,16,33|1
617|703|2,4,12,33,41|1
618|704|2,4,16,33,37|1
619|705|2,4,33,35,37|1
620|706|2,4,33,35,39|1
621|707|2,4,33,35,41|1
622|708|2,4,33,37,39|1
623|709|2,4,33,37,41|1
624|710|2,4,33,39,41|1
625|711|2,4,35,37,39|1
626|712|2,4,35,37,41|1
627|713|2,4,35,39,41|1
628|714|2,4,37,39,41|1
629|715|2,5,6,8,14|1
630|716|2,5,6,8,39|1
631|717|2,5,8,11,14|1
632|718|2,5,8,11,42|1
633|719|2,5,8,39,42|1
634|720|2,5,36,39,42|1
635|721|2,6,8,10,12|1
636|722|2,6,8,10,14|1
637|723|2,6,8,10,16|1
638|724|2,6,8,10,39|1
639|725|2,6,8,10,41|1
640|726|2,6,8,12,14|1
641|727|2,6,8,12,16|1
642|728|2,6,8,12,41|1
643|729|2,6,8,14,16|1
644|730|2,6,8,16,37|1
645|731|2,6,8,37,39|1
646|732|2,6,8,37,41|1
647|733|2,6,8,39,41|1
648|734|2,6,10,12,14|1
649|735|2,6,10,12,16|1
650|736|2,6,10,12,41|1
651|737|2,6,10,14,16|1
652|738|2,6,10,39,41|1
653|739|2,6,12,14,16|1
654|740|2,6,14,16,28|1
655|741|2,6,14,23,35|1
656|742|2,6,16,28,37|1
657|743|2,6,23,35,37|1
658|744|2,6,35,37,39|1
659|745|2,6,35,37,41|1
660|746|2,6,35,39,41|1
661|747|2,6,37,39,41|1
662|748|2,7,13,20,26|0
663|749|2,7,13,26,32|0
664|750|2,7,20,26,39|0
665|751|2,7,26,32,39|0
666|752|2,8,10,11,12|1
667|753|2,8,10,11,14|1
668|754|2,8,10,12,14|1
669|755|2,8,10,12,16|1
670|756|2,8,10,12,41|1
671|757|2,8,10,14,16|1
672|758|2,8,10,39,41|1
673|759|2,8,11,12,14|1
674|760|2,8,12,14,16|1
675|761|2,8,13,26,32|0
676|762|2,8,13,32,38|0
677|763|2,8,15,21,26|0
678|764|2,8,15,21,40|0
679|765|2,8,21,26,32|0
680|766|2,8,21,27,32|0
681|767|2,8,21,27,40|0
682|768|2,8,27,32,38|0
683|769|2,8,37,39,41|1
684|770|2,8,39,41,42|1
685|771|2,9,15,20,39|0
686|772|2,9,15,34,39|0
687|773|2,10,11,12,14|1
688|774|2,10,12,14,16|1
689|775|2,10,12,14,24|1
690|776|2,10,12,16,24|1
691|777|2,10,12,24,41|1
692|778|2,10,14,16,24|1
693|779|2,10,14,24,36|1
694|780|2,10,19,31,41|1
695|781|2,10,31,39,41|1
696|782|2,11,19,23,33|1
697|783|2,11,23,33,37|1
698|784|2,12,14,16,24|1
699|785|2,12,16,24,33|1
700|786|2,12,24,33,41|1
701|787|2,14,16,24,28|1
702|788|2,14,23,31,35|1
703|789|2,14,24,28,36|1
704|790|2,15,20,26,39|0
705|791|2,15,21,26,39|0
706|792|2,15,21,34,39|0
707|793|2,15,21,34,40|0
708|794|2,19,23,31,33|1
709|795|2,19,31,33,41|1
710|796|2,21,26,32,39|0
711|797|2,21,27,34,40|0
712|798|2,23,31,33,35|1
713|799|2,23,31,33,37|1
714|800|2,23,31,35,37|1
715|801|2,23,33,35,37|1
716|802|2,31,33,35,37|1
717|803|2,31,33,35,39|1
718|804|2,31,33,35,41|1
719|805|2,31,33,37,39|1
720|806|2,31,33,37,41|1
721|807|2,31,33,39,41|1
722|808|2,31,35,37,39|1
723|809|2,31,35,37,41|1
724|810|2,31,35,39,41|1
725|811|2,31,37,39,41|1
726|812|2,33,35,36,37|1
727|813|2,33,35,36,39|1
728|814|2,33,35,37,39|1
729|815|2,33,35,37,41|1
730|816|2,33,35,39,41|1
731|817|2,33,36,37,39|1
732|818|2,33,36,39,42|1
733|819|2,33,37,39,41|1
734|820|2,33,39,41,42|1
735|821|2,35,36,37,39|1
736|822|2,35,37,39,41|1
737|823|3,4,5,6,7|1
738|824|3,4,5,7,13|1
739|825|3,4,5,7,38|1
740|826|3,5,6,7,9|1
741|827|3,5,6,7,15|1
742|828|3,5,6,7,40|1
743|829|3,5,6,9,15|1
744|830|3,5,6,9,40|1
745|831|3,5,7,9,11|1
746|832|3,5,7,9,13|1
747|833|3,5,7,9,15|1
748|834|3,5,7,9,17|1
749|835|3,5,7,9,38|1
750|836|3,5,7,9,40|1
751|837|3,5,7,9,42|1
752|838|3,5,7,11,13|1
753|839|3,5,7,11,15|1
754|840|3,5,7,11,17|1
755|841|3,5,7,11,40|1
756|842|3,5,7,11,42|1
757|843|3,5,7,13,15|1
758|844|3,5,7,13,17|1
759|845|3,5,7,13,42|1
760|846|3,5,7,15,17|1
761|847|3,5,7,15,36|1
762|848|3,5,7,17,38|1
763|849|3,5,7,36,38|1
764|850|3,5,7,36,40|1
765|851|3,5,7,36,42|1
766|852|3,5,7,38,40|1
767|853|3,5,7,38,42|1
768|854|3,5,7,40,42|1
769|855|3,5,9,11,13|1
770|856|3,5,9,11,15|1
771|857|3,5,9,11,17|1
772|858|3,5,9,11,40|1
773|859|3,5,9,11,42|1
774|860|3,5,9,13,15|1
775|861|3,5,9,13,17|1
776|862|3,5,9,13,42|1
777|863|3,5,9,15,17|1
778|864|3,5,9,17,38|1
779|865|3,5,9,38,40|1
780|866|3,5,9,38,42|1
781|867|3,5,9,40,42|1
782|868|3,5,11,13,15|1
783|869|3,5,11,13,17|1
784|870|3,5,11,13,42|1
785|871|3,5,11,15,17|1
786|872|3,5,11,40,42|1
787|873|3,5,13,15,17|1
788|874|3,5,13,17,34|1
789|875|3,5,13,34,42|1
790|876|3,5,17,34,38|1
791|877|3,5,34,36,38|1
792|878|3,5,34,36,40|1
793|879|3,5,34,36,42|1
794|880|3,5,34,38,40|1
795|881|3,5,34,38,42|1
796|882|3,5,34,40,42|1
797|883|3,5,36,38,40|1
798|884|3,5,36,38,42|1
799|885|3,5,36,40,42|1
800|886|3,5,38,40,42|1
801|887|3,6,7,9,15|1
802|888|3,6,7,9,40|1
803|889|3,6,9,12,15|1
804|890|3,7,9,11,13|1
805|891|3,7,9,11,15|1
806|892|3,7,9,11,17|1
807|893|3,7,9,11,40|1
808|894|3,7,9,11,42|1
809|895|3,7,9,13,15|1
810|896|3,7,9,13,17|1
811|897|3,7,9,13,42|1
812|898|3,7,9,15,17|1
813|899|3,7,9,17,38|1
814|900|3,7,9,38,40|1
815|901|3,7,9,38,42|1
816|902|3,7,9,40,42|1
817|903|3,7,11,13,15|1
818|904|3,7,11,13,17|1
819|905|3,7,11,13,42|1
820|906|3,7,11,15,17|1
821|907|3,7,11,40,42|1
822|908|3,7,13,15,17|1
823|909|3,7,15,17,29|1
824|910|3,7,15,24,36|1
825|911|3,7,17,29,38|1
826|912|3,7,24,36,38|1
827|913|3,7,36,38,40|1
828|914|3,7,36,38,42|1
829|915|3,7,36,40,42|1
830|916|3,7,38,40,42|1
831|917|3,8,14,21,27|0
832|918|3,8,14,27,33|0
833|919|3,8,21,27,40|0
834|920|3,8,27,33,40|0
835|921|3,9,11,12,13|1
836|922|3,9,11,12,15|1
837|923|3,9,11,13,15|1
838|924|3,9,11,13,17|1
839|925|3,9,11,13,42|1
840|926|3,9,11,15,17|1
841|927|3,9,11,40,42|1
842|928|3,9,12,13,15|1
843|929|3,9,13,15,17|1
844|930|3,9,14,27,33|0
845|931|3,9,14,33,39|0
846|932|3,9,16,22,27|0
847|933|3,9,16,22,41|0
848|934|3,9,22,27,33|0
849|935|3,9,22,28,33|0
850|936|3,9,22,28,41|0
851|937|3,9,28,33,39|0
852|938|3,9,38,40,42|1
853|939|3,10,16,21,40|0
854|940|3,10,16,35,40|0
855|941|3,11,12,13,15|1
856|942|3,11,13,15,17|1
857|943|3,11,13,15,25|1
858|944|3,11,13,17,25|1
859|945|3,11,13,25,42|1
860|946|3,11,15,17,25|1
861|947|3,11,15,25,37|1
862|948|3,11,20,32,42|1
863|949|3,11,32,40,42|1
864|950|3,12,20,24,34|1
865|951|3,12,24,34,38|1
866|952|3,13,15,17,25|1
867|953|3,13,17,25,34|1
868|954|3,13,25,34,42|1
869|955|3,15,17,25,29|1
870|956|3,15,24,32,36|1
871|957|3,15,25,29,37|1
872|958|3,16,21,27,40|0
873|959|3,16,22,27,40|0
874|960|3,16,22,35,40|0
875|961|3,16,22,35,41|0
876|962|3,20,24,32,34|1
877|963|3,20,32,34,42|1
878|964|3,22,27,33,40|0
879|965|3,22,28,35,41|0
880|966|3,24,32,34,36|1
881|967|3,24,32,34,38|1
882|968|3,24,32,36,38|1
883|969|3,24,34,36,38|1
884|970|3,32,34,36,38|1
885|971|3,32,34,36,40|1
886|972|3,32,34,36,42|1
887|973|3,32,34,38,40|1
888|974|3,32,34,38,42|1
889|975|3,32,34,40,42|1
890|976|3,32,36,38,40|1
891|977|3,32,36,38,42|1
892|978|3,32,36,40,42|1
893|979|3,32,38,40,42|1
894|980|3,34,36,37,38|1
895|981|3,34,36,37,40|1
896|982|3,34,36,38,40|1
897|983|3,34,36,38,42|1
898|984|3,34,36,40,42|1
899|985|3,34,37,38,40|1
900|986|3,34,38,40,42|1
901|987|3,36,37,38,40|1
902|988|3,36,38,40,42|1
903|989|4,5,6,7,8|1
904|990|4,5,6,8,14|1
905|991|4,5,6,8,39|1
906|992|4,6,7,8,10|1
907|993|4,6,7,8,16|1
908|994|4,6,7,8,41|1
909|995|4,6,7,10,16|1
910|996|4,6,7,10,41|1
911|997|4,6,8,10,12|1
912|998|4,6,8,10,14|1
913|999|4,6,8,10,16|1
914|1000|4,6,8,10,18|1
915|1001|4,6,8,10,39|1
916|1002|4,6,8,10,41|1
917|1003|4,6,8,12,14|1
918|1004|4,6,8,12,16|1
919|1005|4,6,8,12,18|1
920|1006|4,6,8,12,41|1
921|1007|4,6,8,14,16|1
922|1008|4,6,8,14,18|1
923|1009|4,6,8,16,18|1
924|1010|4,6,8,16,37|1
925|1011|4,6,8,18,39|1
926|1012|4,6,8,37,39|1
927|1013|4,6,8,37,41|1
928|1014|4,6,8,39,41|1
929|1015|4,6,10,12,14|1
930|1016|4,6,10,12,16|1
931|1017|4,6,10,12,18|1
932|1018|4,6,10,12,41|1
933|1019|4,6,10,14,16|1
934|1020|4,6,10,14,18|1
935|1021|4,6,10,16,18|1
936|1022|4,6,10,18,39|1
937|1023|4,6,10,39,41|1
938|1024|4,6,12,14,16|1
939|1025|4,6,12,14,18|1
940|1026|4,6,12,16,18|1
941|1027|4,6,14,16,18|1
942|1028|4,6,14,18,35|1
943|1029|4,6,18,35,39|1
944|1030|4,6,35,37,39|1
945|1031|4,6,35,37,41|1
946|1032|4,6,35,39,41|1
947|1033|4,6,37,39,41|1
948|1034|4,7,8,10,16|1
949|1035|4,7,8,10,41|1
950|1036|4,7,10,13,16|1
951|1037|4,8,10,12,14|1
952|1038|4,8,10,12,16|1
953|1039|4,8,10,12,18|1
954|1040|4,8,10,12,41|1
955|1041|4,8,10,14,16|1
956|1042|4,8,10,14,18|1
957|1043|4,8,10,16,18|1
958|1044|4,8,10,18,39|1
959|1045|4,8,10,39,41|1
960|1046|4,8,12,14,16|1
961|1047|4,8,12,14,18|1
962|1048|4,8,12,16,18|1
963|1049|4,8,14,16,18|1
964|1050|4,8,16,18,30|1
965|1051|4,8,16,25,37|1
966|1052|4,8,18,30,39|1
967|1053|4,8,25,37,39|1
968|1054|4,8,37,39,41|1
969|1055|4,9,15,22,28|0
970|1056|4,9,15,28,34|0
971|1057|4,9,22,28,41|0
972|1058|4,9,28,34,41|0
973|1059|4,10,12,13,14|1
974|1060|4,10,12,13,16|1
975|1061|4,10,12,14,16|1
976|1062|4,10,12,14,18|1
977|1063|4,10,12,16,18|1
978|1064|4,10,13,14,16|1
979|1065|4,10,14,16,18|1
980|1066|4,10,15,28,34|0
981|1067|4,10,15,34,40|0
982|1068|4,10,17,23,28|0
983|1069|4,10,17,23,42|0
984|1070|4,10,23,28,34|0
985|1071|4,10,23,29,34|0
986|1072|4,10,23,29,42|0
987|1073|4,10,29,34,40|0
988|1074|4,11,17,22,41|0
989|1075|4,11,17,36,41|0
990|1076|4,12,13,14,16|1
991|1077|4,12,14,16,18|1
992|1078|4,12,14,16,26|1
993|1079|4,12,14,18,26|1
994|1080|4,12,16,18,26|1
995|1081|4,12,16,26,38|1
996|1082|4,13,21,25,35|1
997|1083|4,13,25,35,39|1
998|1084|4,14,16,18,26|1
999|1085|4,14,18,26,35|1
1000|1086|4,16,18,26,30|1
1001|1087|4,16,25,33,37|1
1002|1088|4,16,26,30,38|1
1003|1089|4,17,22,28,41|0
1004|1090|4,17,23,28,41|0
1005|1091|4,17,23,36,41|0
1006|1092|4,17,23,36,42|0
1007|1093|4,21,25,33,35|1
1008|1094|4,23,28,34,41|0
1009|1095|4,23,29,36,42|0
1010|1096|4,25,33,35,37|1
1011|1097|4,25,33,35,39|1
1012|1098|4,25,33,37,39|1
1013|1099|4,25,35,37,39|1
1014|1100|4,33,35,37,39|1
1015|1101|4,33,35,37,41|1
1016|1102|4,33,35,39,41|1
1017|1103|4,33,37,39,41|1
1018|1104|4,35,37,38,39|1
1019|1105|4,35,37,38,41|1
1020|1106|4,35,37,39,41|1
1021|1107|4,35,38,39,41|1
1022|1108|4,37,38,39,41|1
1023|1109|5,6,7,8,9|1
1024|1110|5,6,7,9,15|1
1025|1111|5,6,7,9,40|1
1026|1112|5,7,8,9,11|1
1027|1113|5,7,8,9,17|1
1028|1114|5,7,8,9,42|1
1029|1115|5,7,8,11,17|1
1030|1116|5,7,8,11,42|1
1031|1117|5,7,9,11,13|1
1032|1118|5,7,9,11,15|1
1033|1119|5,7,9,11,17|1
1034|1120|5,7,9,11,19|1
1035|1121|5,7,9,11,40|1
1036|1122|5,7,9,11,42|1
1037|1123|5,7,9,13,15|1
1038|1124|5,7,9,13,17|1
1039|1125|5,7,9,13,19|1
1040|1126|5,7,9,13,42|1
1041|1127|5,7,9,15,17|1
1042|1128|5,7,9,15,19|1
1043|1129|5,7,9,17,19|1
1044|1130|5,7,9,17,38|1
1045|1131|5,7,9,19,40|1
1046|1132|5,7,9,38,40|1
1047|1133|5,7,9,38,42|1
1048|1134|5,7,9,40,42|1
1049|1135|5,7,11,13,15|1
1050|1136|5,7,11,13,17|1
1051|1137|5,7,11,13,19|1
1052|1138|5,7,11,13,42|1
1053|1139|5,7,11,15,17|1
1054|1140|5,7,11,15,19|1
1055|1141|5,7,11,17,19|1
1056|1142|5,7,11,19,40|1
1057|1143|5,7,11,40,42|1
1058|1144|5,7,13,15,17|1
1059|1145|5,7,13,15,19|1
1060|1146|5,7,13,17,19|1
1061|1147|5,7,15,17,19|1
1062|1148|5,7,15,19,36|1
1063|1149|5,7,19,36,40|1
1064|1150|5,7,36,38,40|1
1065|1151|5,7,36,38,42|1
1066|1152|5,7,36,40,42|1
1067|1153|5,7,38,40,42|1
1068|1154|5,8,9,11,17|1
1069|1155|5,8,9,11,42|1
1070|1156|5,8,11,14,17|1
1071|1157|5,9,11,13,15|1
1072|1158|5,9,11,13,17|1
1073|1159|5,9,11,13,19|1
1074|1160|5,9,11,13,42|1
1075|1161|5,9,11,15,17|1
1076|1162|5,9,11,15,19|1
1077|1163|5,9,11,17,19|1
1078|1164|5,9,11,19,40|1
1079|1165|5,9,11,40,42|1
1080|1166|5,9,13,15,17|1
1081|1167|5,9,13,15,19|1
1082|1168|5,9,13,17,19|1
1083|1169|5,9,15,17,19|1
1084|1170|5,9,17,19,31|1
1085|1171|5,9,17,26,38|1
1086|1172|5,9,19,31,40|1
1087|1173|5,9,26,38,40|1
1088|1174|5,9,38,40,42|1
1089|1175|5,10,16,23,29|0
1090|1176|5,10,16,29,35|0
1091|1177|5,10,23,29,42|0
1092|1178|5,10,29,35,42|0
1093|1179|5,11,13,14,15|1
1094|1180|5,11,13,14,17|1
1095|1181|5,11,13,15,17|1
1096|1182|5,11,13,15,19|1
1097|1183|5,11,13,17,19|1
1098|1184|5,11,14,15,17|1
1099|1185|5,11,15,17,19|1
1100|1186|5,11,16,29,35|0
1101|1187|5,11,16,35,41|0
1102|1188|5,11,18,24,29|0
1103|1189|5,11,24,29,35|0
1104|1190|5,11,24,30,35|0
1105|1191|5,11,30,35,41|0
1106|1192|5,12,18,23,42|0
1107|1193|5,12,18,37,42|0
1108|1194|5,13,14,15,17|1
1109|1195|5,13,15,17,19|1
1110|1196|5,13,15,17,27|1
1111|1197|5,13,15,19,27|1
1112|1198|5,13,17,19,27|1
1113|1199|5,13,17,27,39|1
1114|1200|5,14,22,26,36|1
1115|1201|5,14,26,36,40|1
1116|1202|5,15,17,19,27|1
1117|1203|5,15,19,27,36|1
1118|1204|5,17,19,27,31|1
1119|1205|5,17,26,34,38|1
1120|1206|5,17,27,31,39|1
1121|1207|5,18,23,29,42|0
1122|1208|5,18,24,29,42|0
1123|1209|5,18,24,37,42|0
1124|1210|5,22,26,34,36|1
1125|1211|5,24,29,35,42|0
1126|1212|5,26,34,36,38|1
1127|1213|5,26,34,36,40|1
1128|1214|5,26,34,38,40|1
1129|1215|5,26,36,38,40|1
1130|1216|5,34,36,38,40|1
1131|1217|5,34,36,38,42|1
1132|1218|5,34,36,40,42|1
1133|1219|5,34,38,40,42|1
1134|1220|5,36,38,39,40|1
1135|1221|5,36,38,39,42|1
1136|1222|5,36,38,40,42|1
1137|1223|5,36,39,40,42|1
1138|1224|5,38,39,40,42|1
1139|1225|6,7,8,9,10|1
1140|1226|6,7,8,10,16|1
1141|1227|6,7,8,10,41|1
1142|1228|6,8,9,10,12|1
1143|1229|6,8,9,10,18|1
1144|1230|6,8,9,12,18|1
1145|1231|6,8,10,12,14|1
1146|1232|6,8,10,12,16|1
1147|1233|6,8,10,12,18|1
1148|1234|6,8,10,12,20|1
1149|1235|6,8,10,12,41|1
1150|1236|6,8,10,14,16|1
1151|1237|6,8,10,14,18|1
1152|1238|6,8,10,14,20|1
1153|1239|6,8,10,16,18|1
1154|1240|6,8,10,16,20|1
1155|1241|6,8,10,18,20|1
1156|1242|6,8,10,18,39|1
1157|1243|6,8,10,20,41|1
1158|1244|6,8,10,39,41|1
1159|1245|6,8,12,14,16|1
1160|1246|6,8,12,14,18|1
1161|1247|6,8,12,14,20|1
1162|1248|6,8,12,16,18|1
1163|1249|6,8,12,16,20|1
1164|1250|6,8,12,18,20|1
1165|1251|6,8,12,20,41|1
1166|1252|6,8,14,16,18|1
1167|1253|6,8,14,16,20|1
1168|1254|6,8,14,18,20|1
1169|1255|6,8,16,18,20|1
1170|1256|6,8,16,20,37|1
1171|1257|6,8,20,37,41|1
1172|1258|6,8,37,39,41|1
1173|1259|6,9,10,12,18|1
1174|1260|6,9,12,15,18|1
1175|1261|6,10,12,14,16|1
1176|1262|6,10,12,14,18|1
1177|1263|6,10,12,14,20|1
1178|1264|6,10,12,16,18|1
1179|1265|6,10,12,16,20|1
1180|1266|6,10,12,18,20|1
1181|1267|6,10,12,20,41|1
1182|1268|6,10,14,16,18|1
1183|1269|6,10,14,16,20|1
1184|1270|6,10,14,18,20|1
1185|1271|6,10,16,18,20|1
1186|1272|6,10,18,20,32|1
1187|1273|6,10,18,27,39|1
1188|1274|6,10,20,32,41|1
1189|1275|6,10,27,39,41|1
1190|1276|6,11,17,24,30|0
1191|1277|6,11,17,30,36|0
1192|1278|6,12,14,15,16|1
1193|1279|6,12,14,15,18|1
1194|1280|6,12,14,16,18|1
1195|1281|6,12,14,16,20|1
1196|1282|6,12,14,18,20|1
1197|1283|6,12,15,16,18|1
1198|1284|6,12,16,18,20|1
1199|1285|6,12,17,30,36|0
1200|1286|6,12,17,36,42|0
1201|1287|6,12,19,25,30|0
1202|1288|6,12,25,30,36|0
1203|1289|6,12,25,31,36|0
1204|1290|6,12,31,36,42|0
1205|1291|6,14,15,16,18|1
1206|1292|6,14,16,18,20|1
1207|1293|6,14,16,18,28|1
1208|1294|6,14,16,20,28|1
1209|1295|6,14,18,20,28|1
1210|1296|6,14,18,28,40|1
1211|1297|6,15,23,27,37|1
1212|1298|6,15,27,37,41|1
1213|1299|6,16,18,20,28|1
1214|1300|6,16,20,28,37|1
1215|1301|6,18,20,28,32|1
1216|1302|6,18,27,35,39|1
1217|1303|6,18,28,32,40|1
1218|1304|6,23,27,35,37|1
1219|1305|6,27,35,37,39|1
1220|1306|6,27,35,37,41|1
1221|1307|6,27,35,39,41|1
1222|1308|6,27,37,39,41|1
1223|1309|6,35,37,39,41|1
1224|1310|6,37,39,40,41|1
1225|1311|7,8,9,10,11|1
1226|1312|7,8,9,11,17|1
1227|1313|7,8,9,11,42|1
1228|1314|7,9,10,11,13|1
1229|1315|7,9,10,11,19|1
1230|1316|7,9,10,13,19|1
1231|1317|7,9,11,13,15|1
1232|1318|7,9,11,13,17|1
1233|1319|7,9,11,13,19|1
1234|1320|7,9,11,13,21|1
1235|1321|7,9,11,13,42|1
1236|1322|7,9,11,15,17|1
1237|1323|7,9,11,15,19|1
1238|1324|7,9,11,15,21|1
1239|1325|7,9,11,17,19|1
1240|1326|7,9,11,17,21|1
1241|1327|7,9,11,19,21|1
1242|1328|7,9,11,19,40|1
1243|1329|7,9,11,21,42|1
1244|1330|7,9,11,40,42|1
1245|1331|7,9,13,15,17|1
1246|1332|7,9,13,15,19|1
1247|1333|7,9,13,15,21|1
1248|1334|7,9,13,17,19|1
1249|1335|7,9,13,17,21|1
1250|1336|7,9,13,19,21|1
1251|1337|7,9,13,21,42|1
1252|1338|7,9,15,17,19|1
1253|1339|7,9,15,17,21|1
1254|1340|7,9,15,19,21|1
1255|1341|7,9,17,19,21|1
1256|1342|7,9,17,21,38|1
1257|1343|7,9,21,38,42|1
1258|1344|7,9,38,40,42|1
1259|1345|7,10,11,13,19|1
1260|1346|7,10,13,16,19|1
1261|1347|7,11,13,15,17|1
1262|1348|7,11,13,15,19|1
1263|1349|7,11,13,15,21|1
1264|1350|7,11,13,17,19|1
1265|1351|7,11,13,17,21|1
1266|1352|7,11,13,19,21|1
1267|1353|7,11,13,21,42|1
1268|1354|7,11,15,17,19|1
1269|1355|7,11,15,17,21|1
1270|1356|7,11,15,19,21|1
1271|1357|7,11,17,19,21|1
1272|1358|7,11,19,21,33|1
1273|1359|7,11,19,28,40|1
1274|1360|7,11,21,33,42|1
1275|1361|7,11,28,40,42|1
1276|1362|7,12,18,25,31|0
1277|1363|7,12,18,31,37|0
1278|1364|7,13,15,16,17|1
1279|1365|7,13,15,16,19|1
1280|1366|7,13,15,17,19|1
1281|1367|7,13,15,17,21|1
1282|1368|7,13,15,19,21|1
1283|1369|7,13,16,17,19|1
1284|1370|7,13,17,19,21|1
1285|1371|7,13,18,31,37|0
1286|1372|7,13,20,26,31|0
1287|1373|7,13,26,31,37|0
1288|1374|7,13,26,32,37|0
1289|1375|7,15,16,17,19|1
1290|1376|7,15,17,19,21|1
1291|1377|7,15,17,19,29|1
1292|1378|7,15,17,21,29|1
1293|1379|7,15,19,21,29|1
1294|1380|7,15,19,29,41|1
1295|1381|7,16,24,28,38|1
1296|1382|7,16,28,38,42|1
1297|1383|7,17,19,21,29|1
1298|1384|7,17,21,29,38|1
1299|1385|7,19,21,29,33|1
1300|1386|7,19,28,36,40|1
1301|1387|7,19,29,33,41|1
1302|1388|7,24,28,36,38|1
1303|1389|7,28,36,38,40|1
1304|1390|7,28,36,38,42|1
1305|1391|7,28,36,40,42|1
1306|1392|7,28,38,40,42|1
1307|1393|7,36,38,40,42|1
1308|1394|7,38,40,41,42|1
1309|1395|8,9,10,11,12|1
1310|1396|8,9,10,12,18|1
1311|1397|8,10,11,12,14|1
1312|1398|8,10,11,12,20|1
1313|1399|8,10,11,14,20|1
1314|1400|8,10,12,14,16|1
1315|1401|8,10,12,14,18|1
1316|1402|8,10,12,14,20|1
1317|1403|8,10,12,14,22|1
1318|1404|8,10,12,16,18|1
1319|1405|8,10,12,16,20|1
1320|1406|8,10,12,16,22|1
1321|1407|8,10,12,18,20|1
1322|1408|8,10,12,18,22|1
1323|1409|8,10,12,20,22|1
1324|1410|8,10,12,20,41|1
1325|1411|8,10,14,16,18|1
1326|1412|8,10,14,16,20|1
1327|1413|8,10,14,16,22|1
1328|1414|8,10,14,18,20|1
1329|1415|8,10,14,18,22|1
1330|1416|8,10,14,20,22|1
1331|1417|8,10,16,18,20|1
1332|1418|8,10,16,18,22|1
1333|1419|8,10,16,20,22|1
1334|1420|8,10,18,20,22|1
1335|1421|8,10,18,22,39|1
1336|1422|8,11,12,14,20|1
1337|1423|8,11,14,17,20|1
1338|1424|8,12,14,16,18|1
1339|1425|8,12,14,16,20|1
1340|1426|8,12,14,16,22|1
1341|1427|8,12,14,18,20|1
1342|1428|8,12,14,18,22|1
1343|1429|8,12,14,20,22|1
1344|1430|8,12,16,18,20|1
1345|1431|8,12,16,18,22|1
1346|1432|8,12,16,20,22|1
1347|1433|8,12,18,20,22|1
1348|1434|8,12,20,22,34|1
1349|1435|8,12,20,29,41|1
1350|1436|8,13,19,26,32|0
1351|1437|8,13,19,32,38|0
1352|1438|8,14,16,17,18|1
1353|1439|8,14,16,17,20|1
1354|1440|8,14,16,18,20|1
1355|1441|8,14,16,18,22|1
1356|1442|8,14,16,20,22|1
1357|1443|8,14,17,18,20|1
1358|1444|8,14,18,20,22|1
1359|1445|8,14,19,32,38|0
1360|1446|8,14,21,27,32|0
1361|1447|8,14,27,32,38|0
1362|1448|8,14,27,33,38|0
1363|1449|8,16,17,18,20|1
1364|1450|8,16,18,20,22|1
1365|1451|8,16,18,20,30|1
1366|1452|8,16,18,22,30|1
1367|1453|8,16,20,22,30|1
1368|1454|8,16,20,30,42|1
1369|1455|8,17,25,29,39|1
1370|1456|8,18,20,22,30|1
1371|1457|8,18,22,30,39|1
1372|1458|8,20,22,30,34|1
1373|1459|8,20,29,37,41|1
1374|1460|8,20,30,34,42|1
1375|1461|8,25,29,37,39|1
1376|1462|8,29,37,39,41|1
1377|1463|9,10,11,12,13|1
1378|1464|9,10,11,13,19|1
1379|1465|9,11,12,13,15|1
1380|1466|9,11,12,13,21|1
1381|1467|9,11,12,15,21|1
1382|1468|9,11,13,15,17|1
1383|1469|9,11,13,15,19|1
1384|1470|9,11,13,15,21|1
1385|1471|9,11,13,15,23|1
1386|1472|9,11,13,17,19|1
1387|1473|9,11,13,17,21|1
1388|1474|9,11,13,17,23|1
1389|1475|9,11,13,19,21|1
1390|1476|9,11,13,19,23|1
1391|1477|9,11,13,21,23|1
1392|1478|9,11,13,21,42|1
1393|1479|9,11,15,17,19|1
1394|1480|9,11,15,17,21|1
1395|1481|9,11,15,17,23|1
1396|1482|9,11,15,19,21|1
1397|1483|9,11,15,19,23|1
1398|1484|9,11,15,21,23|1
1399|1485|9,11,17,19,21|1
1400|1486|9,11,17,19,23|1
1401|1487|9,11,17,21,23|1
1402|1488|9,11,19,21,23|1
1403|1489|9,11,19,23,40|1
1404|1490|9,12,13,15,21|1
1405|1491|9,12,15,18,21|1
1406|1492|9,13,15,17,19|1
1407|1493|9,13,15,17,21|1
1408|1494|9,13,15,17,23|1
1409|1495|9,13,15,19,21|1
1410|1496|9,13,15,19,23|1
1411|1497|9,13,15,21,23|1
1412|1498|9,13,17,19,21|1
1413|1499|9,13,17,19,23|1
1414|1500|9,13,17,21,23|1
1415|1501|9,13,19,21,23|1
1416|1502|9,13,21,23,35|1
1417|1503|9,13,21,30,42|1
1418|1504|9,14,20,27,33|0
1419|1505|9,14,20,33,39|0
1420|1506|9,15,17,18,19|1
1421|1507|9,15,17,18,21|1
1422|1508|9,15,17,19,21|1
1423|1509|9,15,17,19,23|1
1424|1510|9,15,17,21,23|1
1425|1511|9,15,18,19,21|1
1426|1512|9,15,19,21,23|1
1427|1513|9,15,20,33,39|0
1428|1514|9,15,22,28,33|0
1429|1515|9,15,28,33,39|0
1430|1516|9,15,28,34,39|0
1431|1517|9,17,18,19,21|1
1432|1518|9,17,19,21,23|1
1433|1519|9,17,19,21,31|1
1434|1520|9,17,19,23,31|1
1435|1521|9,17,21,23,31|1
1436|1522|9,18,26,30,40|1
1437|1523|9,19,21,23,31|1
1438|1524|9,19,23,31,40|1
1439|1525|9,21,23,31,35|1
1440|1526|9,21,30,38,42|1
1441|1527|9,26,30,38,40|1
1442|1528|9,30,38,40,42|1
1443|1529|10,11,12,13,14|1
1444|1530|10,11,12,14,20|1
1445|1531|10,12,13,14,16|1
1446|1532|10,12,13,14,22|1
1447|1533|10,12,13,16,22|1
1448|1534|10,12,14,16,18|1
1449|1535|10,12,14,16,20|1
1450|1536|10,12,14,16,22|1
1451|1537|10,12,14,16,24|1
1452|1538|10,12,14,18,20|1
1453|1539|10,12,14,18,22|1
1454|1540|10,12,14,18,24|1
1455|1541|10,12,14,20,22|1
1456|1542|10,12,14,20,24|1
1457|1543|10,12,14,22,24|1
1458|1544|10,12,16,18,20|1
1459|1545|10,12,16,18,22|1
1460|1546|10,12,16,18,24|1
1461|1547|10,12,16,20,22|1
1462|1548|10,12,16,20,24|1
1463|1549|10,12,16,22,24|1
1464|1550|10,12,18,20,22|1
1465|1551|10,12,18,20,24|1
1466|1552|10,12,18,22,24|1
1467|1553|10,12,20,22,24|1
1468|1554|10,12,20,24,41|1
1469|1555|10,13,14,16,22|1
1470|1556|10,13,16,19,22|1
1471|1557|10,14,16,18,20|1
1472|1558|10,14,16,18,22|1
1473|1559|10,14,16,18,24|1
1474|1560|10,14,16,20,22|1
1475|1561|10,14,16,20,24|1
1476|1562|10,14,16,22,24|1
1477|1563|10,14,18,20,22|1
1478|1564|10,14,18,20,24|1
1479|1565|10,14,18,22,24|1
1480|1566|10,14,20,22,24|1
1481|1567|10,14,22,24,36|1
1482|1568|10,15,21,28,34|0
1483|1569|10,15,21,34,40|0
1484|1570|10,16,18,19,20|1
1485|1571|10,16,18,19,22|1
1486|1572|10,16,18,20,22|1
1487|1573|10,16,18,20,24|1
1488|1574|10,16,18,22,24|1
1489|1575|10,16,19,20,22|1
1490|1576|10,16,20,22,24|1
1491|1577|10,16,21,34,40|0
1492|1578|10,16,23,29,34|0
1493|1579|10,16,29,34,40|0
1494|1580|10,16,29,35,40|0
1495|1581|10,18,19,20,22|1
1496|1582|10,18,20,22,24|1
1497|1583|10,18,20,22,32|1
1498|1584|10,18,20,24,32|1
1499|1585|10,18,22,24,32|1
1500|1586|10,19,27,31,41|1
1501|1587|10,20,22,24,32|1
1502|1588|10,20,24,32,41|1
1503|1589|10,22,24,32,36|1
1504|1590|10,27,31,39,41|1
1505|1591|11,12,13,14,15|1
1506|1592|11,12,13,15,21|1
1507|1593|11,13,14,15,17|1
1508|1594|11,13,14,15,23|1
1509|1595|11,13,14,17,23|1
1510|1596|11,13,15,17,19|1
1511|1597|11,13,15,17,21|1
1512|1598|11,13,15,17,23|1
1513|1599|11,13,15,17,25|1
1514|1600|11,13,15,19,21|1
1515|1601|11,13,15,19,23|1
1516|1602|11,13,15,19,25|1
1517|1603|11,13,15,21,23|1
1518|1604|11,13,15,21,25|1
1519|1605|11,13,15,23,25|1
1520|1606|11,13,17,19,21|1
1521|1607|11,13,17,19,23|1
1522|1608|11,13,17,19,25|1
1523|1609|11,13,17,21,23|1
1524|1610|11,13,17,21,25|1
1525|1611|11,13,17,23,25|1
1526|1612|11,13,19,21,23|1
1527|1613|11,13,19,21,25|1
1528|1614|11,13,19,23,25|1
1529|1615|11,13,21,23,25|1
1530|1616|11,13,21,25,42|1
1531|1617|11,14,15,17,23|1
1532|1618|11,14,17,20,23|1
1533|1619|11,15,17,19,21|1
1534|1620|11,15,17,19,23|1
1535|1621|11,15,17,19,25|1
1536|1622|11,15,17,21,23|1
1537|1623|11,15,17,21,25|1
1538|1624|11,15,17,23,25|1
1539|1625|11,15,19,21,23|1
1540|1626|11,15,19,21,25|1
1541|1627|11,15,19,23,25|1
1542|1628|11,15,21,23,25|1
1543|1629|11,15,23,25,37|1
1544|1630|11,16,22,29,35|0
1545|1631|11,16,22,35,41|0
1546|1632|11,17,19,20,21|1
1547|1633|11,17,19,20,23|1
1548|1634|11,17,19,21,23|1
1549|1635|11,17,19,21,25|1
1550|1636|11,17,19,23,25|1
1551|1637|11,17,20,21,23|1
1552|1638|11,17,21,23,25|1
1553|1639|11,17,22,35,41|0
1554|1640|11,17,24,30,35|0
1555|1641|11,17,30,35,41|0
1556|1642|11,17,30,36,41|0
1557|1643|11,19,20,21,23|1
1558|1644|11,19,21,23,25|1
1559|1645|11,19,21,23,33|1
1560|1646|11,19,21,25,33|1
1561|1647|11,19,23,25,33|1
1562|1648|11,20,28,32,42|1
1563|1649|11,21,23,25,33|1
1564|1650|11,21,25,33,42|1
1565|1651|11,23,25,33,37|1
1566|1652|11,28,32,40,42|1
1567|1653|12,13,14,15,16|1
1568|1654|12,13,14,16,22|1
1569|1655|12,14,15,16,18|1
1570|1656|12,14,15,16,24|1
1571|1657|12,14,15,18,24|1
1572|1658|12,14,16,18,20|1
1573|1659|12,14,16,18,22|1
1574|1660|12,14,16,18,24|1
1575|1661|12,14,16,18,26|1
1576|1662|12,14,16,20,22|1
1577|1663|12,14,16,20,24|1
1578|1664|12,14,16,20,26|1
1579|1665|12,14,16,22,24|1
1580|1666|12,14,16,22,26|1
1581|1667|12,14,16,24,26|1
1582|1668|12,14,18,20,22|1
1583|1669|12,14,18,20,24|1
1584|1670|12,14,18,20,26|1
1585|1671|12,14,18,22,24|1
1586|1672|12,14,18,22,26|1
1587|1673|12,14,18,24,26|1
1588|1674|12,14,20,22,24|1
1589|1675|12,14,20,22,26|1
1590|1676|12,14,20,24,26|1
1591|1677|12,14,22,24,26|1
1592|1678|12,15,16,18,24|1
1593|1679|12,15,18,21,24|1
1594|1680|12,16,18,20,22|1
1595|1681|12,16,18,20,24|1
1596|1682|12,16,18,20,26|1
1597|1683|12,16,18,22,24|1
1598|1684|12,16,18,22,26|1
1599|1685|12,16,18,24,26|1
1600|1686|12,16,20,22,24|1
1601|1687|12,16,20,22,26|1
1602|1688|12,16,20,24,26|1
1603|1689|12,16,22,24,26|1
1604|1690|12,16,24,26,38|1
1605|1691|12,17,23,30,36|0
1606|1692|12,17,23,36,42|0
1607|1693|12,18,20,21,22|1
1608|1694|12,18,20,21,24|1
1609|1695|12,18,20,22,24|1
1610|1696|12,18,20,22,26|1
1611|1697|12,18,20,24,26|1
1612|1698|12,18,21,22,24|1
1613|1699|12,18,22,24,26|1
1614|1700|12,18,23,36,42|0
1615|1701|12,18,25,31,36|0
1616|1702|12,18,31,36,42|0
1617|1703|12,18,31,37,42|0
1618|1704|12,20,21,22,24|1
1619|1705|12,20,22,24,26|1
1620|1706|12,20,22,24,34|1
1621|1707|12,20,22,26,34|1
1622|1708|12,20,24,26,34|1
1623|1709|12,22,24,26,34|1
1624|1710|12,24,26,34,38|1
1625|1711|13,14,15,16,17|1
1626|1712|13,14,15,17,23|1
1627|1713|13,15,16,17,19|1
1628|1714|13,15,16,17,25|1
1629|1715|13,15,16,19,25|1
1630|1716|13,15,17,19,21|1
1631|1717|13,15,17,19,23|1
1632|1718|13,15,17,19,25|1
1633|1719|13,15,17,19,27|1
1634|1720|13,15,17,21,23|1
1635|1721|13,15,17,21,25|1
1636|1722|13,15,17,21,27|1
1637|1723|13,15,17,23,25|1
1638|1724|13,15,17,23,27|1
1639|1725|13,15,17,25,27|1
1640|1726|13,15,19,21,23|1
1641|1727|13,15,19,21,25|1
1642|1728|13,15,19,21,27|1
1643|1729|13,15,19,23,25|1
1644|1730|13,15,19,23,27|1
1645|1731|13,15,19,25,27|1
1646|1732|13,15,21,23,25|1
1647|1733|13,15,21,23,27|1
1648|1734|13,15,21,25,27|1
1649|1735|13,15,23,25,27|1
1650|1736|13,16,17,19,25|1
1651|1737|13,16,19,22,25|1
1652|1738|13,17,19,21,23|1
1653|1739|13,17,19,21,25|1
1654|1740|13,17,19,21,27|1
1655|1741|13,17,19,23,25|1
1656|1742|13,17,19,23,27|1
1657|1743|13,17,19,25,27|1
1658|1744|13,17,21,23,25|1
1659|1745|13,17,21,23,27|1
1660|1746|13,17,21,25,27|1
1661|1747|13,17,23,25,27|1
1662|1748|13,17,25,27,39|1
1663|1749|13,18,24,31,37|0
1664|1750|13,19,21,22,23|1
1665|1751|13,19,21,22,25|1
1666|1752|13,19,21,23,25|1
1667|1753|13,19,21,23,27|1
1668|1754|13,19,21,25,27|1
1669|1755|13,19,22,23,25|1
1670|1756|13,19,23,25,27|1
1671|1757|13,19,26,32,37|0
1672|1758|13,21,22,23,25|1
1673|1759|13,21,23,25,27|1
1674|1760|13,21,23,25,35|1
1675|1761|13,21,23,27,35|1
1676|1762|13,21,25,27,35|1
1677|1763|13,23,25,27,35|1
1678|1764|13,25,27,35,39|1
1679|1765|14,15,16,17,18|1
1680|1766|14,15,16,18,24|1
1681|1767|14,16,17,18,20|1
1682|1768|14,16,17,18,26|1
1683|1769|14,16,17,20,26|1
1684|1770|14,16,18,20,22|1
1685|1771|14,16,18,20,24|1
1686|1772|14,16,18,20,26|1
1687|1773|14,16,18,20,28|1
1688|1774|14,16,18,22,24|1
1689|1775|14,16,18,22,26|1
1690|1776|14,16,18,22,28|1
1691|1777|14,16,18,24,26|1
1692|1778|14,16,18,24,28|1
1693|1779|14,16,18,26,28|1
1694|1780|14,16,20,22,24|1
1695|1781|14,16,20,22,26|1
1696|1782|14,16,20,22,28|1
1697|1783|14,16,20,24,26|1
1698|1784|14,16,20,24,28|1
1699|1785|14,16,20,26,28|1
1700|1786|14,16,22,24,26|1
1701|1787|14,16,22,24,28|1
1702|1788|14,16,22,26,28|1
1703|1789|14,16,24,26,28|1
1704|1790|14,17,18,20,26|1
1705|1791|14,17,20,23,26|1
1706|1792|14,18,20,22,24|1
1707|1793|14,18,20,22,26|1
1708|1794|14,18,20,22,28|1
1709|1795|14,18,20,24,26|1
1710|1796|14,18,20,24,28|1
1711|1797|14,18,20,26,28|1
1712|1798|14,18,22,24,26|1
1713|1799|14,18,22,24,28|1
1714|1800|14,18,22,26,28|1
1715|1801|14,18,24,26,28|1
1716|1802|14,18,26,28,40|1
1717|1803|14,19,25,32,38|0
1718|1804|14,20,22,23,24|1
1719|1805|14,20,22,23,26|1
1720|1806|14,20,22,24,26|1
1721|1807|14,20,22,24,28|1
1722|1808|14,20,22,26,28|1
1723|1809|14,20,23,24,26|1
1724|1810|14,20,24,26,28|1
1725|1811|14,20,27,33,38|0
1726|1812|14,22,23,24,26|1
1727|1813|14,22,24,26,28|1
1728|1814|14,22,24,26,36|1
1729|1815|14,22,24,28,36|1
1730|1816|14,22,26,28,36|1
1731|1817|14,24,26,28,36|1
1732|1818|14,26,28,36,40|1
1733|1819|15,16,17,18,19|1
1734|1820|15,16,17,19,25|1
1735|1821|15,17,18,19,21|1
1736|1822|15,17,18,19,27|1
1737|1823|15,17,18,21,27|1
1738|1824|15,17,19,21,23|1
1739|1825|15,17,19,21,25|1
1740|1826|15,17,19,21,27|1
1741|1827|15,17,19,21,29|1
1742|1828|15,17,19,23,25|1
1743|1829|15,17,19,23,27|1
1744|1830|15,17,19,23,29|1
1745|1831|15,17,19,25,27|1
1746|1832|15,17,19,25,29|1
1747|1833|15,17,19,27,29|1
1748|1834|15,17,21,23,25|1
1749|1835|15,17,21,23,27|1
1750|1836|15,17,21,23,29|1
1751|1837|15,17,21,25,27|1
1752|1838|15,17,21,25,29|1
1753|1839|15,17,21,27,29|1
1754|1840|15,17,23,25,27|1
1755|1841|15,17,23,25,29|1
1756|1842|15,17,23,27,29|1
1757|1843|15,17,25,27,29|1
1758|1844|15,18,19,21,27|1
1759|1845|15,18,21,24,27|1
1760|1846|15,19,21,23,25|1
1761|1847|15,19,21,23,27|1
1762|1848|15,19,21,23,29|1
1763|1849|15,19,21,25,27|1
1764|1850|15,19,21,25,29|1
1765|1851|15,19,21,27,29|1
1766|1852|15,19,23,25,27|1
1767|1853|15,19,23,25,29|1
1768|1854|15,19,23,27,29|1
1769|1855|15,19,25,27,29|1
1770|1856|15,19,27,29,41|1
1771|1857|15,20,26,33,39|0
1772|1858|15,21,23,24,25|1
1773|1859|15,21,23,24,27|1
1774|1860|15,21,23,25,27|1
1775|1861|15,21,23,25,29|1
1776|1862|15,21,23,27,29|1
1777|1863|15,21,24,25,27|1
1778|1864|15,21,25,27,29|1
1779|1865|15,21,28,34,39|0
1780|1866|15,23,24,25,27|1
1781|1867|15,23,25,27,29|1
1782|1868|15,23,25,27,37|1
1783|1869|15,23,25,29,37|1
1784|1870|15,23,27,29,37|1
1785|1871|15,25,27,29,37|1
1786|1872|15,27,29,37,41|1
1787|1873|16,17,18,19,20|1
1788|1874|16,17,18,20,26|1
1789|1875|16,18,19,20,22|1
1790|1876|16,18,19,20,28|1
1791|1877|16,18,19,22,28|1
1792|1878|16,18,20,22,24|1
1793|1879|16,18,20,22,26|1
1794|1880|16,18,20,22,28|1
1795|1881|16,18,20,22,30|1
1796|1882|16,18,20,24,26|1
1797|1883|16,18,20,24,28|1
1798|1884|16,18,20,24,30|1
1799|1885|16,18,20,26,28|1
1800|1886|16,18,20,26,30|1
1801|1887|16,18,20,28,30|1
1802|1888|16,18,22,24,26|1
1803|1889|16,18,22,24,28|1
1804|1890|16,18,22,24,30|1
1805|1891|16,18,22,26,28|1
1806|1892|16,18,22,26,30|1
1807|1893|16,18,22,28,30|1
1808|1894|16,18,24,26,28|1
1809|1895|16,18,24,26,30|1
1810|1896|16,18,24,28,30|1
1811|1897|16,18,26,28,30|1
1812|1898|16,19,20,22,28|1
1813|1899|16,19,22,25,28|1
1814|1900|16,20,22,24,26|1
1815|1901|16,20,22,24,28|1
1816|1902|16,20,22,24,30|1
1817|1903|16,20,22,26,28|1
1818|1904|16,20,22,26,30|1
1819|1905|16,20,22,28,30|1
1820|1906|16,20,24,26,28|1
1821|1907|16,20,24,26,30|1
1822|1908|16,20,24,28,30|1
1823|1909|16,20,26,28,30|1
1824|1910|16,20,28,30,42|1
1825|1911|16,21,27,34,40|0
1826|1912|16,22,24,25,26|1
1827|1913|16,22,24,25,28|1
1828|1914|16,22,24,26,28|1
1829|1915|16,22,24,26,30|1
1830|1916|16,22,24,28,30|1
1831|1917|16,22,25,26,28|1
1832|1918|16,22,26,28,30|1
1833|1919|16,22,29,35,40|0
1834|1920|16,24,25,26,28|1
1835|1921|16,24,26,28,30|1
1836|1922|16,24,26,28,38|1
1837|1923|16,24,26,30,38|1
1838|1924|16,24,28,30,38|1
1839|1925|16,26,28,30,38|1
1840|1926|16,28,30,38,42|1
1841|1927|17,18,19,20,21|1
1842|1928|17,18,19,21,27|1
1843|1929|17,19,20,21,23|1
1844|1930|17,19,20,21,29|1
1845|1931|17,19,20,23,29|1
1846|1932|17,19,21,23,25|1
1847|1933|17,19,21,23,27|1
1848|1934|17,19,21,23,29|1
1849|1935|17,19,21,23,31|1
1850|1936|17,19,21,25,27|1
1851|1937|17,19,21,25,29|1
1852|1938|17,19,21,25,31|1
1853|1939|17,19,21,27,29|1
1854|1940|17,19,21,27,31|1
1855|1941|17,19,21,29,31|1
1856|1942|17,19,23,25,27|1
1857|1943|17,19,23,25,29|1
1858|1944|17,19,23,25,31|1
1859|1945|17,19,23,27,29|1
1860|1946|17,19,23,27,31|1
1861|1947|17,19,23,29,31|1
1862|1948|17,19,25,27,29|1
1863|1949|17,19,25,27,31|1
1864|1950|17,19,25,29,31|1
1865|1951|17,19,27,29,31|1
1866|1952|17,20,21,23,29|1
1867|1953|17,20,23,26,29|1
1868|1954|17,21,23,25,27|1
1869|1955|17,21,23,25,29|1
1870|1956|17,21,23,25,31|1
1871|1957|17,21,23,27,29|1
1872|1958|17,21,23,27,31|1
1873|1959|17,21,23,29,31|1
1874|1960|17,21,25,27,29|1
1875|1961|17,21,25,27,31|1
1876|1962|17,21,25,29,31|1
1877|1963|17,21,27,29,31|1
1878|1964|17,22,28,35,41|0
1879|1965|17,23,25,26,27|1
1880|1966|17,23,25,26,29|1
1881|1967|17,23,25,27,29|1
1882|1968|17,23,25,27,31|1
1883|1969|17,23,25,29,31|1
1884|1970|17,23,26,27,29|1
1885|1971|17,23,27,29,31|1
1886|1972|17,23,30,36,41|0
1887|1973|17,25,26,27,29|1
1888|1974|17,25,27,29,31|1
1889|1975|17,25,27,29,39|1
1890|1976|17,25,27,31,39|1
1891|1977|17,25,29,31,39|1
1892|1978|17,27,29,31,39|1
1893|1979|18,19,20,21,22|1
1894|1980|18,19,20,22,28|1
1895|1981|18,20,21,22,24|1
1896|1982|18,20,21,22,30|1
1897|1983|18,20,21,24,30|1
1898|1984|18,20,22,24,26|1
1899|1985|18,20,22,24,28|1
1900|1986|18,20,22,24,30|1
1901|1987|18,20,22,24,32|1
1902|1988|18,20,22,26,28|1
1903|1989|18,20,22,26,30|1
1904|1990|18,20,22,26,32|1
1905|1991|18,20,22,28,30|1
1906|1992|18,20,22,28,32|1
1907|1993|18,20,22,30,32|1
1908|1994|18,20,24,26,28|1
1909|1995|18,20,24,26,30|1
1910|1996|18,20,24,26,32|1
1911|1997|18,20,24,28,30|1
1912|1998|18,20,24,28,32|1
1913|1999|18,20,24,30,32|1
1914|2000|18,20,26,28,30|1
1915|2001|18,20,26,28,32|1
1916|2002|18,20,26,30,32|1
1917|2003|18,20,28,30,32|1
1918|2004|18,21,22,24,30|1
1919|2005|18,21,24,27,30|1
1920|2006|18,22,24,26,28|1
1921|2007|18,22,24,26,30|1
1922|2008|18,22,24,26,32|1
1923|2009|18,22,24,28,30|1
1924|2010|18,22,24,28,32|1
1925|2011|18,22,24,30,32|1
1926|2012|18,22,26,28,30|1
1927|2013|18,22,26,28,32|1
1928|2014|18,22,26,30,32|1
1929|2015|18,22,28,30,32|1
1930|2016|18,23,29,36,42|0
1931|2017|18,24,26,27,28|1
1932|2018|18,24,26,27,30|1
1933|2019|18,24,26,28,30|1
1934|2020|18,24,26,28,32|1
1935|2021|18,24,26,30,32|1
1936|2022|18,24,27,28,30|1
1937|2023|18,24,28,30,32|1
1938|2024|18,24,31,37,42|0
1939|2025|18,26,27,28,30|1
1940|2026|18,26,28,30,32|1
1941|2027|18,26,28,30,40|1
1942|2028|18,26,28,32,40|1
1943|2029|18,26,30,32,40|1
1944|2030|18,28,30,32,40|1
1945|2031|19,20,21,22,23|1
1946|2032|19,20,21,23,29|1
1947|2033|19,21,22,23,25|1
1948|2034|19,21,22,23,31|1
1949|2035|19,21,22,25,31|1
1950|2036|19,21,23,25,27|1
1951|2037|19,21,23,25,29|1
1952|2038|19,21,23,25,31|1
1953|2039|19,21,23,25,33|1
1954|2040|19,21,23,27,29|1
1955|2041|19,21,23,27,31|1
1956|2042|19,21,23,27,33|1
1957|2043|19,21,23,29,31|1
1958|2044|19,21,23,29,33|1
1959|2045|19,21,23,31,33|1
1960|2046|19,21,25,27,29|1
1961|2047|19,21,25,27,31|1
1962|2048|19,21,25,27,33|1
1963|2049|19,21,25,29,31|1
1964|2050|19,21,25,29,33|1
1965|2051|19,21,25,31,33|1
1966|2052|19,21,27,29,31|1
1967|2053|19,21,27,29,33|1
1968|2054|19,21,27,31,33|1
1969|2055|19,21,29,31,33|1
1970|2056|19,22,23,25,31|1
1971|2057|19,22,25,28,31|1
1972|2058|19,23,25,27,29|1
1973|2059|19,23,25,27,31|1
1974|2060|19,23,25,27,33|1
1975|2061|19,23,25,29,31|1
1976|2062|19,23,25,29,33|1
1977|2063|19,23,25,31,33|1
1978|2064|19,23,27,29,31|1
1979|2065|19,23,27,29,33|1
1980|2066|19,23,27,31,33|1
1981|2067|19,23,29,31,33|1
1982|2068|19,25,27,28,29|1
1983|2069|19,25,27,28,31|1
1984|2070|19,25,27,29,31|1
1985|2071|19,25,27,29,33|1
1986|2072|19,25,27,31,33|1
1987|2073|19,25,28,29,31|1
1988|2074|19,25,29,31,33|1
1989|2075|19,27,28,29,31|1
1990|2076|19,27,29,31,33|1
1991|2077|19,27,29,31,41|1
1992|2078|19,27,29,33,41|1
1993|2079|19,27,31,33,41|1
1994|2080|19,29,31,33,41|1
1995|2081|20,21,22,23,24|1
1996|2082|20,21,22,24,30|1
1997|2083|20,22,23,24,26|1
1998|2084|20,22,23,24,32|1
1999|2085|20,22,23,26,32|1
2000|2086|20,22,24,26,28|1
2001|2087|20,22,24,26,30|1
2002|2088|20,22,24,26,32|1
2003|2089|20,22,24,26,34|1
2004|2090|20,22,24,28,30|1
2005|2091|20,22,24,28,32|1
2006|2092|20,22,24,28,34|1
2007|2093|20,22,24,30,32|1
2008|2094|20,22,24,30,34|1
2009|2095|20,22,24,32,34|1
2010|2096|20,22,26,28,30|1
2011|2097|20,22,26,28,32|1
2012|2098|20,22,26,28,34|1
2013|2099|20,22,26,30,32|1
2014|2100|20,22,26,30,34|1
2015|2101|20,22,26,32,34|1
2016|2102|20,22,28,30,32|1
2017|2103|20,22,28,30,34|1
2018|2104|20,22,28,32,34|1
2019|2105|20,22,30,32,34|1
2020|2106|20,23,24,26,32|1
2021|2107|20,23,26,29,32|1
2022|2108|20,24,26,28,30|1
2023|2109|20,24,26,28,32|1
2024|2110|20,24,26,28,34|1
2025|2111|20,24,26,30,32|1
2026|2112|20,24,26,30,34|1
2027|2113|20,24,26,32,34|1
2028|2114|20,24,28,30,32|1
2029|2115|20,24,28,30,34|1
2030|2116|20,24,28,32,34|1
2031|2117|20,24,30,32,34|1
2032|2118|20,26,28,29,30|1
2033|2119|20,26,28,29,32|1
2034|2120|20,26,28,30,32|1
2035|2121|20,26,28,30,34|1
2036|2122|20,26,28,32,34|1
2037|2123|20,26,29,30,32|1
2038|2124|20,26,30,32,34|1
2039|2125|20,28,29,30,32|1
2040|2126|20,28,30,32,34|1
2041|2127|20,28,30,32,42|1
2042|2128|20,28,30,34,42|1
2043|2129|20,28,32,34,42|1
2044|2130|20,30,32,34,42|1
2045|2131|21,22,23,24,25|1
2046|2132|21,22,23,25,31|1
2047|2133|21,23,24,25,27|1
2048|2134|21,23,24,25,33|1
2049|2135|21,23,24,27,33|1
2050|2136|21,23,25,27,29|1
2051|2137|21,23,25,27,31|1
2052|2138|21,23,25,27,33|1
2053|2139|21,23,25,27,35|1
2054|2140|21,23,25,29,31|1
2055|2141|21,23,25,29,33|1
2056|2142|21,23,25,29,35|1
2057|2143|21,23,25,31,33|1
2058|2144|21,23,25,31,35|1
2059|2145|21,23,25,33,35|1
2060|2146|21,23,27,29,31|1
2061|2147|21,23,27,29,33|1
2062|2148|21,23,27,29,35|1
2063|2149|21,23,27,31,33|1
2064|2150|21,23,27,31,35|1
2065|2151|21,23,27,33,35|1
2066|2152|21,23,29,31,33|1
2067|2153|21,23,29,31,35|1
2068|2154|21,23,29,33,35|1
2069|2155|21,23,31,33,35|1
2070|2156|21,24,25,27,33|1
2071|2157|21,24,27,30,33|1
2072|2158|21,25,27,29,31|1
2073|2159|21,25,27,29,33|1
2074|2160|21,25,27,29,35|1
2075|2161|21,25,27,31,33|1
2076|2162|21,25,27,31,35|1
2077|2163|21,25,27,33,35|1
2078|2164|21,25,29,31,33|1
2079|2165|21,25,29,31,35|1
2080|2166|21,25,29,33,35|1
2081|2167|21,25,31,33,35|1
2082|2168|21,27,29,30,31|1
2083|2169|21,27,29,30,33|1
2084|2170|21,27,29,31,33|1
2085|2171|21,27,29,31,35|1
2086|2172|21,27,29,33,35|1
2087|2173|21,27,30,31,33|1
2088|2174|21,27,31,33,35|1
2089|2175|21,29,30,31,33|1
2090|2176|21,29,31,33,35|1
2091|2177|22,23,24,25,26|1
2092|2178|22,23,24,26,32|1
2093|2179|22,24,25,26,28|1
2094|2180|22,24,25,26,34|1
2095|2181|22,24,25,28,34|1
2096|2182|22,24,26,28,30|1
2097|2183|22,24,26,28,32|1
2098|2184|22,24,26,28,34|1
2099|2185|22,24,26,28,36|1
2100|2186|22,24,26,30,32|1
2101|2187|22,24,26,30,34|1
2102|2188|22,24,26,30,36|1
2103|2189|22,24,26,32,34|1
2104|2190|22,24,26,32,36|1
2105|2191|22,24,26,34,36|1
2106|2192|22,24,28,30,32|1
2107|2193|22,24,28,30,34|1
2108|2194|22,24,28,30,36|1
2109|2195|22,24,28,32,34|1
2110|2196|22,24,28,32,36|1
2111|2197|22,24,28,34,36|1
2112|2198|22,24,30,32,34|1
2113|2199|22,24,30,32,36|1
2114|2200|22,24,30,34,36|1
2115|2201|22,24,32,34,36|1
2116|2202|22,25,26,28,34|1
2117|2203|22,25,28,31,34|1
2118|2204|22,26,28,30,32|1
2119|2205|22,26,28,30,34|1
2120|2206|22,26,28,30,36|1
2121|2207|22,26,28,32,34|1
2122|2208|22,26,28,32,36|1
2123|2209|22,26,28,34,36|1
2124|2210|22,26,30,32,34|1
2125|2211|22,26,30,32,36|1
2126|2212|22,26,30,34,36|1
2127|2213|22,26,32,34,36|1
2128|2214|22,28,30,31,32|1
2129|2215|22,28,30,31,34|1
2130|2216|22,28,30,32,34|1
2131|2217|22,28,30,32,36|1
2132|2218|22,28,30,34,36|1
2133|2219|22,28,31,32,34|1
2134|2220|22,28,32,34,36|1
2135|2221|22,30,31,32,34|1
2136|2222|22,30,32,34,36|1
2137|2223|23,24,25,26,27|1
2138|2224|23,24,25,27,33|1
2139|2225|23,25,26,27,29|1
2140|2226|23,25,26,27,35|1
2141|2227|23,25,26,29,35|1
2142|2228|23,25,27,29,31|1
2143|2229|23,25,27,29,33|1
2144|2230|23,25,27,29,35|1
2145|2231|23,25,27,29,37|1
2146|2232|23,25,27,31,33|1
2147|2233|23,25,27,31,35|1
2148|2234|23,25,27,31,37|1
2149|2235|23,25,27,33,35|1
2150|2236|23,25,27,33,37|1
2151|2237|23,25,27,35,37|1
2152|2238|23,25,29,31,33|1
2153|2239|23,25,29,31,35|1
2154|2240|23,25,29,31,37|1
2155|2241|23,25,29,33,35|1
2156|2242|23,25,29,33,37|1
2157|2243|23,25,29,35,37|1
2158|2244|23,25,31,33,35|1
2159|2245|23,25,31,33,37|1
2160|2246|23,25,31,35,37|1
2161|2247|23,25,33,35,37|1
2162|2248|23,26,27,29,35|1
2163|2249|23,26,29,32,35|1
2164|2250|23,27,29,31,33|1
2165|2251|23,27,29,31,35|1
2166|2252|23,27,29,31,37|1
2167|2253|23,27,29,33,35|1
2168|2254|23,27,29,33,37|1
2169|2255|23,27,29,35,37|1
2170|2256|23,27,31,33,35|1
2171|2257|23,27,31,33,37|1
2172|2258|23,27,31,35,37|1
2173|2259|23,27,33,35,37|1
2174|2260|23,29,31,32,33|1
2175|2261|23,29,31,32,35|1
2176|2262|23,29,31,33,35|1
2177|2263|23,29,31,33,37|1
2178|2264|23,29,31,35,37|1
2179|2265|23,29,32,33,35|1
2180|2266|23,29,33,35,37|1
2181|2267|23,31,32,33,35|1
2182|2268|23,31,33,35,37|1
2183|2269|24,25,26,27,28|1
2184|2270|24,25,26,28,34|1
2185|2271|24,26,27,28,30|1
2186|2272|24,26,27,28,36|1
2187|2273|24,26,27,30,36|1
2188|2274|24,26,28,30,32|1
2189|2275|24,26,28,30,34|1
2190|2276|24,26,28,30,36|1
2191|2277|24,26,28,30,38|1
2192|2278|24,26,28,32,34|1
2193|2279|24,26,28,32,36|1
2194|2280|24,26,28,32,38|1
2195|2281|24,26,28,34,36|1
2196|2282|24,26,28,34,38|1
2197|2283|24,26,28,36,38|1
2198|2284|24,26,30,32,34|1
2199|2285|24,26,30,32,36|1
2200|2286|24,26,30,32,38|1
2201|2287|24,26,30,34,36|1
2202|2288|24,26,30,34,38|1
2203|2289|24,26,30,36,38|1
2204|2290|24,26,32,34,36|1
2205|2291|24,26,32,34,38|1
2206|2292|24,26,32,36,38|1
2207|2293|24,26,34,36,38|1
2208|2294|24,27,28,30,36|1
2209|2295|24,27,30,33,36|1
2210|2296|24,28,30,32,34|1
2211|2297|24,28,30,32,36|1
2212|2298|24,28,30,32,38|1
2213|2299|24,28,30,34,36|1
2214|2300|24,28,30,34,38|1
2215|2301|24,28,30,36,38|1
2216|2302|24,28,32,34,36|1
2217|2303|24,28,32,34,38|1
2218|2304|24,28,32,36,38|1
2219|2305|24,28,34,36,38|1
2220|2306|24,30,32,33,34|1
2221|2307|24,30,32,33,36|1
2222|2308|24,30,32,34,36|1
2223|2309|24,30,32,34,38|1
2224|2310|24,30,32,36,38|1
2225|2311|24,30,33,34,36|1
2226|2312|24,30,34,36,38|1
2227|2313|24,32,33,34,36|1
2228|2314|24,32,34,36,38|1
2229|2315|25,26,27,28,29|1
2230|2316|25,26,27,29,35|1
2231|2317|25,27,28,29,31|1
2232|2318|25,27,28,29,37|1
2233|2319|25,27,28,31,37|1
2234|2320|25,27,29,31,33|1
2235|2321|25,27,29,31,35|1
2236|2322|25,27,29,31,37|1
2237|2323|25,27,29,31,39|1
2238|2324|25,27,29,33,35|1
2239|2325|25,27,29,33,37|1
2240|2326|25,27,29,33,39|1
2241|2327|25,27,29,35,37|1
2242|2328|25,27,29,35,39|1
2243|2329|25,27,29,37,39|1
2244|2330|25,27,31,33,35|1
2245|2331|25,27,31,33,37|1
2246|2332|25,27,31,33,39|1
2247|2333|25,27,31,35,37|1
2248|2334|25,27,31,35,39|1
2249|2335|25,27,31,37,39|1
2250|2336|25,27,33,35,37|1
2251|2337|25,27,33,35,39|1
2252|2338|25,27,33,37,39|1
2253|2339|25,27,35,37,39|1
2254|2340|25,28,29,31,37|1
2255|2341|25,28,31,34,37|1
2256|2342|25,29,31,33,35|1
2257|2343|25,29,31,33,37|1
2258|2344|25,29,31,33,39|1
2259|2345|25,29,31,35,37|1
2260|2346|25,29,31,35,39|1
2261|2347|25,29,31,37,39|1
2262|2348|25,29,33,35,37|1
2263|2349|25,29,33,35,39|1
2264|2350|25,29,33,37,39|1
2265|2351|25,29,35,37,39|1
2266|2352|25,31,33,34,35|1
2267|2353|25,31,33,34,37|1
2268|2354|25,31,33,35,37|1
2269|2355|25,31,33,35,39|1
2270|2356|25,31,33,37,39|1
2271|2357|25,31,34,35,37|1
2272|2358|25,31,35,37,39|1
2273|2359|25,33,34,35,37|1
2274|2360|25,33,35,37,39|1
2275|2361|26,27,28,29,30|1
2276|2362|26,27,28,30,36|1
2277|2363|26,28,29,30,32|1
2278|2364|26,28,29,30,38|1
2279|2365|26,28,29,32,38|1
2280|2366|26,28,30,32,34|1
2281|2367|26,28,30,32,36|1
2282|2368|26,28,30,32,38|1
2283|2369|26,28,30,32,40|1
2284|2370|26,28,30,34,36|1
2285|2371|26,28,30,34,38|1
2286|2372|26,28,30,34,40|1
2287|2373|26,28,30,36,38|1
2288|2374|26,28,30,36,40|1
2289|2375|26,28,30,38,40|1
2290|2376|26,28,32,34,36|1
2291|2377|26,28,32,34,38|1
2292|2378|26,28,32,34,40|1
2293|2379|26,28,32,36,38|1
2294|2380|26,28,32,36,40|1
2295|2381|26,28,32,38,40|1
2296|2382|26,28,34,36,38|1
2297|2383|26,28,34,36,40|1
2298|2384|26,28,34,38,40|1
2299|2385|26,28,36,38,40|1
2300|2386|26,29,30,32,38|1
2301|2387|26,29,32,35,38|1
2302|2388|26,30,32,34,36|1
2303|2389|26,30,32,34,38|1
2304|2390|26,30,32,34,40|1
2305|2391|26,30,32,36,38|1
2306|2392|26,30,32,36,40|1
2307|2393|26,30,32,38,40|1
2308|2394|26,30,34,36,38|1
2309|2395|26,30,34,36,40|1
2310|2396|26,30,34,38,40|1
2311|2397|26,30,36,38,40|1
2312|2398|26,32,34,35,36|1
2313|2399|26,32,34,35,38|1
2314|2400|26,32,34,36,38|1
2315|2401|26,32,34,36,40|1
2316|2402|26,32,34,38,40|1
2317|2403|26,32,35,36,38|1
2318|2404|26,32,36,38,40|1
2319|2405|26,34,35,36,38|1
2320|2406|26,34,36,38,40|1
2321|2407|27,28,29,30,31|1
2322|2408|27,28,29,31,37|1
2323|2409|27,29,30,31,33|1
2324|2410|27,29,30,31,39|1
2325|2411|27,29,30,33,39|1
2326|2412|27,29,31,33,35|1
2327|2413|27,29,31,33,37|1
2328|2414|27,29,31,33,39|1
2329|2415|27,29,31,33,41|1
2330|2416|27,29,31,35,37|1
2331|2417|27,29,31,35,39|1
2332|2418|27,29,31,35,41|1
2333|2419|27,29,31,37,39|1
2334|2420|27,29,31,37,41|1
2335|2421|27,29,31,39,41|1
2336|2422|27,29,33,35,37|1
2337|2423|27,29,33,35,39|1
2338|2424|27,29,33,35,41|1
2339|2425|27,29,33,37,39|1
2340|2426|27,29,33,37,41|1
2341|2427|27,29,33,39,41|1
2342|2428|27,29,35,37,39|1
2343|2429|27,29,35,37,41|1
2344|2430|27,29,35,39,41|1
2345|2431|27,29,37,39,41|1
2346|2432|27,30,31,33,39|1
2347|2433|27,30,33,36,39|1
2348|2434|27,31,33,35,37|1
2349|2435|27,31,33,35,39|1
2350|2436|27,31,33,35,41|1
2351|2437|27,31,33,37,39|1
2352|2438|27,31,33,37,41|1
2353|2439|27,31,33,39,41|1
2354|2440|27,31,35,37,39|1
2355|2441|27,31,35,37,41|1
2356|2442|27,31,35,39,41|1
2357|2443|27,31,37,39,41|1
2358|2444|27,33,35,36,37|1
2359|2445|27,33,35,36,39|1
2360|2446|27,33,35,37,39|1
2361|2447|27,33,35,37,41|1
2362|2448|27,33,35,39,41|1
2363|2449|27,33,36,37,39|1
2364|2450|27,33,37,39,41|1
2365|2451|27,35,36,37,39|1
2366|2452|27,35,37,39,41|1
2367|2453|28,29,30,31,32|1
2368|2454|28,29,30,32,38|1
2369|2455|28,30,31,32,34|1
2370|2456|28,30,31,32,40|1
2371|2457|28,30,31,34,40|1
2372|2458|28,30,32,34,36|1
2373|2459|28,30,32,34,38|1
2374|2460|28,30,32,34,40|1
2375|2461|28,30,32,34,42|1
2376|2462|28,30,32,36,38|1
2377|2463|28,30,32,36,40|1
2378|2464|28,30,32,36,42|1
2379|2465|28,30,32,38,40|1
2380|2466|28,30,32,38,42|1
2381|2467|28,30,32,40,42|1
2382|2468|28,30,34,36,38|1
2383|2469|28,30,34,36,40|1
2384|2470|28,30,34,36,42|1
2385|2471|28,30,34,38,40|1
2386|2472|28,30,34,38,42|1
2387|2473|28,30,34,40,42|1
2388|2474|28,30,36,38,40|1
2389|2475|28,30,36,38,42|1
2390|2476|28,30,36,40,42|1
2391|2477|28,30,38,40,42|1
2392|2478|28,31,32,34,40|1
2393|2479|28,31,34,37,40|1
2394|2480|28,32,34,36,38|1
2395|2481|28,32,34,36,40|1
2396|2482|28,32,34,36,42|1
2397|2483|28,32,34,38,40|1
2398|2484|28,32,34,38,42|1
2399|2485|28,32,34,40,42|1
2400|2486|28,32,36,38,40|1
2401|2487|28,32,36,38,42|1
2402|2488|28,32,36,40,42|1
2403|2489|28,32,38,40,42|1
2404|2490|28,34,36,37,38|1
2405|2491|28,34,36,37,40|1
2406|2492|28,34,36,38,40|1
2407|2493|28,34,36,38,42|1
2408|2494|28,34,36,40,42|1
2409|2495|28,34,37,38,40|1
2410|2496|28,34,38,40,42|1
2411|2497|28,36,37,38,40|1
2412|2498|28,36,38,40,42|1
2413|2499|29,30,31,32,33|1
2414|2500|29,30,31,33,39|1
2415|2501|29,31,32,33,35|1
2416|2502|29,31,32,33,41|1
2417|2503|29,31,32,35,41|1
2418|2504|29,31,33,35,37|1
2419|2505|29,31,33,35,39|1
2420|2506|29,31,33,35,41|1
2421|2507|29,31,33,37,39|1
2422|2508|29,31,33,37,41|1
2423|2509|29,31,33,39,41|1
2424|2510|29,31,35,37,39|1
2425|2511|29,31,35,37,41|1
2426|2512|29,31,35,39,41|1
2427|2513|29,31,37,39,41|1
2428|2514|29,32,33,35,41|1
2429|2515|29,32,35,38,41|1
2430|2516|29,33,35,37,39|1
2431|2517|29,33,35,37,41|1
2432|2518|29,33,35,39,41|1
2433|2519|29,33,37,39,41|1
2434|2520|29,35,37,38,39|1
2435|2521|29,35,37,38,41|1
2436|2522|29,35,37,39,41|1
2437|2523|29,35,38,39,41|1
2438|2524|29,37,38,39,41|1
2439|2525|30,31,32,33,34|1
2440|2526|30,31,32,34,40|1
2441|2527|30,32,33,34,36|1
2442|2528|30,32,33,34,42|1
2443|2529|30,32,33,36,42|1
2444|2530|30,32,34,36,38|1
2445|2531|30,32,34,36,40|1
2446|2532|30,32,34,36,42|1
2447|2533|30,32,34,38,40|1
2448|2534|30,32,34,38,42|1
2449|2535|30,32,34,40,42|1
2450|2536|30,32,36,38,40|1
2451|2537|30,32,36,38,42|1
2452|2538|30,32,36,40,42|1
2453|2539|30,32,38,40,42|1
2454|2540|30,33,34,36,42|1
2455|2541|30,33,36,39,42|1
2456|2542|30,34,36,38,40|1
2457|2543|30,34,36,38,42|1
2458|2544|30,34,36,40,42|1
2459|2545|30,34,38,40,42|1
2460|2546|30,36,38,39,40|1
2461|2547|30,36,38,39,42|1
2462|2548|30,36,38,40,42|1
2463|2549|30,36,39,40,42|1
2464|2550|30,38,39,40,42|1
2465|2551|31,32,33,34,35|1
2466|2552|31,32,33,35,41|1
2467|2553|31,33,34,35,37|1
2468|2554|31,33,35,37,39|1
2469|2555|31,33,35,37,41|1
2470|2556|31,33,35,39,41|1
2471|2557|31,33,37,39,41|1
2472|2558|31,35,37,39,41|1
2473|2559|31,37,39,40,41|1
2474|2560|32,33,34,35,36|1
2475|2561|32,33,34,36,42|1
2476|2562|32,34,35,36,38|1
2477|2563|32,34,36,38,40|1
2478|2564|32,34,36,38,42|1
2479|2565|32,34,36,40,42|1
2480|2566|32,34,38,40,42|1
2481|2567|32,36,38,40,42|1
2482|2568|32,38,40,41,42|1
2483|2569|33,34,35,36,37|1
2484|2570|33,35,36,37,39|1
2485|2571|33,35,37,39,41|1
2486|2572|34,35,36,37,38|1
2487|2573|34,36,37,38,40|1
2488|2574|34,36,38,40,42|1
2489|2575|35,36,37,38,39|1
2490|2576|35,37,38,39,41|1
2491|2577|36,37,38,39,40|1
2492|2578|36,38,39,40,42|1
2493|2579|37,38,39,40,41|1
2494|2580|38,39,40,41,42|1
